,사고번호,사고일시,요일,시군구,사고내용,사망자수,중상자수,경상자수,부상신고자수,사고유형,법규위반,노면상태,기상상태,도로형태,가해운전자 차종,가해운전자 성별,가해운전자 연령,가해운전자 상해정도,피해운전자 차종,피해운전자 성별,피해운전자 연령,피해운전자 상해정도
10092,2019010500100348,2019년 1월 5일 17시,토요일,서울특별시 중랑구 면목동,경상사고,0,0,1,0,차대사람 - 기타,안전운전불이행,포장 - 건조,맑음,기타 - 기타,승용,남,63세,상해없음,보행자,여,38세,경상
10093,2019010500100350,2019년 1월 5일 17시,토요일,서울특별시 구로구 구로동,부상신고사고,0,0,0,1,차대사람 - 횡단중,보행자보호의무위반,포장 - 건조,맑음,교차로 - 교차로안,자전거,기타불명,미분류,기타불명,보행자,남,22세,부상신고
10094,2019010500100376,2019년 1월 5일 18시,토요일,서울특별시 서대문구 홍은동,경상사고,0,0,1,0,차대사람 - 기타,안전운전불이행,포장 - 건조,맑음,교차로 - 교차로안,원동기,여,51세,상해없음,보행자,여,65세,경상
10095,2019010500100380,2019년 1월 5일 18시,토요일,서울특별시 은평구 갈현동,경상사고,0,0,1,0,차대사람 - 기타,안전운전불이행,포장 - 건조,맑음,교차로 - 교차로안,승용,남,50세,기타불명,보행자,남,31세,경상
10096,2019010500100424,2019년 1월 5일 19시,토요일,서울특별시 강서구 방화동,경상사고,0,0,1,0,차대사람 - 횡단중,과속,포장 - 건조,맑음,교차로 - 교차로부근,승용,남,28세,상해없음,보행자,남,77세,경상
10097,2019010500100471,2019년 1월 5일 21시,토요일,서울특별시 서초구 서초동,중상사고,0,1,0,0,차대사람 - 횡단중,신호위반,포장 - 건조,맑음,교차로 - 교차로횡단보도내,승용,남,73세,상해없음,보행자,여,44세,중상
10098,2019010500100491,2019년 1월 5일 22시,토요일,서울특별시 구로구 구로동,경상사고,0,0,1,0,차대사람 - 횡단중,안전운전불이행,포장 - 건조,맑음,교차로 - 교차로안,승용,남,58세,상해없음,보행자,남,34세,경상
10099,2019010600100033,2019년 1월 6일 01시,일요일,서울특별시 영등포구 영등포동3가,중상사고,0,1,0,0,차대사람 - 횡단중,안전운전불이행,포장 - 건조,맑음,단일로 - 기타,승용,남,77세,상해없음,보행자,남,31세,중상
10100,2019010600100090,2019년 1월 6일 08시,일요일,서울특별시 강서구 화곡동,부상신고사고,0,0,0,1,차대사람 - 횡단중,신호위반,포장 - 건조,맑음,교차로 - 교차로횡단보도내,승용,남,71세,상해없음,보행자,남,25세,부상신고
10101,2019010600100144,2019년 1월 6일 12시,일요일,서울특별시 성북구 동소문동7가,중상사고,0,2,0,0,차대사람 - 횡단중,보행자보호의무위반,포장 - 건조,맑음,단일로 - 기타,승용,남,32세,상해없음,보행자,여,64세,중상
10102,2019010600100165,2019년 1월 6일 13시,일요일,서울특별시 강북구 미아동,경상사고,0,0,1,0,차대사람 - 기타,안전운전불이행,포장 - 건조,맑음,교차로 - 교차로안,승용,여,60세,상해없음,보행자,남,57세,경상
10103,2019010600100166,2019년 1월 6일 13시,일요일,서울특별시 강북구 미아동,경상사고,0,0,1,0,차대사람 - 기타,안전운전불이행,포장 - 건조,맑음,단일로 - 기타,승용,남,50세,상해없음,보행자,여,56세,경상
10104,2019010600100169,2019년 1월 6일 13시,일요일,서울특별시 중랑구 신내동,경상사고,0,0,1,0,차대사람 - 기타,안전운전불이행,포장 - 건조,맑음,교차로 - 교차로부근,승용,남,36세,상해없음,보행자,여,71세,경상
10105,2019010600100171,2019년 1월 6일 13시,일요일,서울특별시 양천구 목동,중상사고,0,1,0,0,차대사람 - 횡단중,안전운전불이행,포장 - 건조,맑음,단일로 - 기타,승용,남,40세,상해없음,보행자,여,80세,중상
10106,2019010600100213,2019년 1월 6일 15시,일요일,서울특별시 은평구 대조동,경상사고,0,0,1,0,차대사람 - 길가장자리구역통행중,안전운전불이행,포장 - 건조,맑음,단일로 - 기타,승용,여,60세,상해없음,보행자,여,60세,경상
10107,2019010600100234,2019년 1월 6일 16시,일요일,서울특별시 동대문구 청량리동,경상사고,0,0,1,0,차대사람 - 횡단중,신호위반,포장 - 건조,맑음,단일로 - 기타,승용,남,69세,상해없음,보행자,여,55세,경상
10108,2019010600100235,2019년 1월 6일 16시,일요일,서울특별시 강동구 길동,경상사고,0,0,1,0,차대사람 - 기타,안전운전불이행,포장 - 건조,흐림,단일로 - 기타,승용,남,68세,상해없음,보행자,여,57세,경상
10109,2019010600100253,2019년 1월 6일 17시,일요일,서울특별시 강남구 개포동,중상사고,0,1,0,0,차대사람 - 횡단중,보행자보호의무위반,포장 - 건조,맑음,교차로 - 교차로횡단보도내,승용,남,49세,상해없음,보행자,여,17세,중상
10110,2019010600100323,2019년 1월 6일 20시,일요일,서울특별시 노원구 상계동,경상사고,0,0,1,0,차대사람 - 기타,안전운전불이행,포장 - 건조,맑음,단일로 - 기타,승용,남,76세,상해없음,보행자,남,34세,경상
10111,2019010600100336,2019년 1월 6일 21시,일요일,서울특별시 종로구 명륜1가,경상사고,0,0,1,0,차대사람 - 기타,안전운전불이행,포장 - 건조,맑음,교차로 - 교차로안,승합,남,49세,상해없음,보행자,여,59세,경상
10112,2019010600100358,2019년 1월 6일 23시,일요일,서울특별시 강동구 성내동,부상신고사고,0,0,0,1,차대사람 - 기타,안전운전불이행,포장 - 건조,맑음,단일로 - 기타,기타불명,기타불명,미분류,기타불명,보행자,여,42세,부상신고
10113,2019010700100045,2019년 1월 7일 05시,월요일,서울특별시 강북구 우이동,중상사고,0,1,0,0,차대사람 - 기타,보행자보호의무위반,포장 - 건조,맑음,교차로 - 교차로횡단보도내,승용,남,21세,상해없음,보행자,남,72세,중상
10114,2019010700100046,2019년 1월 7일 05시,월요일,서울특별시 동대문구 제기동,중상사고,0,1,0,0,차대사람 - 차도통행중,안전운전불이행,포장 - 건조,맑음,교차로 - 교차로횡단보도내,승용,남,25세,상해없음,보행자,남,69세,중상
10115,2019010700100048,2019년 1월 7일 05시,월요일,서울특별시 중랑구 망우동,경상사고,0,0,1,0,차대사람 - 횡단중,신호위반,포장 - 건조,맑음,교차로 - 교차로부근,승용,남,69세,상해없음,보행자,남,59세,경상
10116,2019010700100049,2019년 1월 7일 05시,월요일,서울특별시 송파구 풍납동,경상사고,0,0,2,0,차대사람 - 차도통행중,안전운전불이행,포장 - 건조,맑음,교차로 - 교차로안,승용,남,37세,상해없음,보행자,남,64세,경상
10117,2019010700100059,2019년 1월 7일 06시,월요일,서울특별시 성북구 길음동,경상사고,0,0,1,0,차대사람 - 기타,안전운전불이행,포장 - 건조,맑음,단일로 - 기타,승용,여,50세,상해없음,보행자,남,61세,경상
10118,2019010700100076,2019년 1월 7일 07시,월요일,서울특별시 은평구 증산동,경상사고,0,0,1,0,차대사람 - 기타,안전운전불이행,포장 - 건조,맑음,단일로 - 기타,승합,남,72세,상해없음,보행자,여,56세,경상
10119,2019010700100107,2019년 1월 7일 08시,월요일,서울특별시 구로구 오류동,경상사고,0,0,1,0,차대사람 - 횡단중,신호위반,포장 - 건조,맑음,교차로 - 교차로횡단보도내,승용,여,50세,상해없음,보행자,남,37세,경상
10120,2019010700100108,2019년 1월 7일 08시,월요일,서울특별시 도봉구 쌍문동,중상사고,0,1,0,0,차대사람 - 기타,안전운전불이행,포장 - 기타,맑음,교차로 - 교차로안,승용,여,45세,상해없음,보행자,여,56세,중상
10121,2019010700100138,2019년 1월 7일 09시,월요일,서울특별시 동대문구 장안동,경상사고,0,0,1,0,차대사람 - 기타,안전운전불이행,포장 - 건조,맑음,단일로 - 기타,화물,남,63세,상해없음,보행자,여,83세,경상
10122,2019010700100139,2019년 1월 7일 09시,월요일,서울특별시 동대문구 답십리동,중상사고,0,1,0,0,차대사람 - 기타,안전운전불이행,포장 - 건조,맑음,단일로 - 기타,승용,남,55세,상해없음,보행자,여,29세,중상
10123,2019010700100141,2019년 1월 7일 09시,월요일,서울특별시 중랑구 신내동,경상사고,0,0,1,0,차대사람 - 횡단중,신호위반,포장 - 건조,맑음,교차로 - 교차로횡단보도내,승용,여,66세,상해없음,보행자,여,42세,경상
10124,2019010700100211,2019년 1월 7일 12시,월요일,서울특별시 광진구 구의동,경상사고,0,0,1,0,차대사람 - 기타,보행자보호의무위반,포장 - 건조,맑음,교차로 - 교차로횡단보도내,승용,남,67세,상해없음,보행자,남,8세,경상
10125,2019010700100212,2019년 1월 7일 12시,월요일,서울특별시 강동구 암사동,경상사고,0,0,1,0,차대사람 - 차도통행중,안전운전불이행,포장 - 건조,맑음,기타 - 기타,화물,남,24세,상해없음,보행자,여,62세,경상
10126,2019010700100300,2019년 1월 7일 15시,월요일,서울특별시 강북구 미아동,중상사고,0,1,0,0,차대사람 - 기타,신호위반,포장 - 건조,맑음,단일로 - 기타,승용,남,63세,기타불명,보행자,여,66세,중상
10127,2019010700100302,2019년 1월 7일 15시,월요일,서울특별시 금천구 시흥동,중상사고,0,1,0,0,차대사람 - 기타,안전운전불이행,포장 - 건조,맑음,단일로 - 기타,승용,남,43세,상해없음,보행자,여,56세,중상
10128,2019010700100306,2019년 1월 7일 15시,월요일,서울특별시 강남구 세곡동,중상사고,0,1,0,0,차대사람 - 횡단중,안전운전불이행,포장 - 건조,맑음,기타 - 기타,승용,남,40세,상해없음,보행자,남,18세,중상
10129,2019010700100332,2019년 1월 7일 16시,월요일,서울특별시 용산구 한강로3가,경상사고,0,0,1,0,차대사람 - 횡단중,신호위반,포장 - 건조,맑음,교차로 - 교차로부근,승용,남,71세,상해없음,보행자,남,62세,경상
10130,2019010700100334,2019년 1월 7일 16시,월요일,서울특별시 성동구 용답동,경상사고,0,0,1,0,차대사람 - 길가장자리구역통행중,안전운전불이행,포장 - 건조,맑음,단일로 - 기타,승합,남,58세,상해없음,보행자,남,8세,경상
10131,2019010700100336,2019년 1월 7일 16시,월요일,서울특별시 강동구 성내동,경상사고,0,0,1,0,차대사람 - 기타,안전운전불이행,포장 - 건조,맑음,단일로 - 기타,기타불명,기타불명,미분류,기타불명,보행자,여,68세,경상
10132,2019010700100362,2019년 1월 7일 17시,월요일,서울특별시 성북구 장위동,경상사고,0,0,1,0,차대사람 - 길가장자리구역통행중,안전운전불이행,포장 - 건조,맑음,기타 - 기타,승용,남,63세,상해없음,보행자,여,55세,경상
10133,2019010700100363,2019년 1월 7일 17시,월요일,서울특별시 양천구 신월동,부상신고사고,0,0,0,1,차대사람 - 길가장자리구역통행중,안전운전불이행,포장 - 건조,맑음,교차로 - 교차로부근,승용,남,53세,상해없음,보행자,여,4세,부상신고
10134,2019010700100387,2019년 1월 7일 18시,월요일,서울특별시 성북구 정릉동,경상사고,0,0,1,0,차대사람 - 기타,안전운전불이행,포장 - 건조,맑음,기타 - 기타,승용,남,38세,상해없음,보행자,남,44세,경상
10135,2019010700100431,2019년 1월 7일 19시,월요일,서울특별시 강북구 미아동,중상사고,0,1,0,0,차대사람 - 차도통행중,안전운전불이행,포장 - 건조,맑음,단일로 - 기타,승용,남,25세,상해없음,보행자,여,48세,중상
10136,2019010700100432,2019년 1월 7일 19시,월요일,서울특별시 영등포구 영등포동6가,경상사고,0,0,1,0,차대사람 - 길가장자리구역통행중,안전운전불이행,포장 - 건조,맑음,단일로 - 기타,승용,여,51세,상해없음,보행자,남,50세,경상
10137,2019010700100467,2019년 1월 7일 20시,월요일,서울특별시 영등포구 신길동,중상사고,0,1,0,0,차대사람 - 횡단중,보행자보호의무위반,포장 - 건조,맑음,단일로 - 기타,승용,남,39세,상해없음,보행자,남,67세,중상
10138,2019010700100468,2019년 1월 7일 20시,월요일,서울특별시 영등포구 영등포동1가,중상사고,0,1,0,0,차대사람 - 보도통행중,안전운전불이행,포장 - 건조,맑음,교차로 - 교차로안,화물,남,75세,상해없음,보행자,남,79세,중상
10139,2019010700100472,2019년 1월 7일 20시,월요일,서울특별시 서초구 서초동,중상사고,0,1,0,0,차대사람 - 기타,보행자보호의무위반,포장 - 건조,맑음,기타 - 기타,승합,남,66세,기타불명,보행자,남,38세,중상
10140,2019010700100513,2019년 1월 7일 22시,월요일,서울특별시 금천구 독산동,중상사고,0,1,0,0,차대사람 - 기타,안전운전불이행,포장 - 건조,맑음,단일로 - 기타,승합,남,60세,상해없음,보행자,남,52세,중상
10141,2019010800100054,2019년 1월 8일 04시,화요일,서울특별시 강서구 염창동,사망사고,1,0,0,0,차대사람 - 횡단중,안전운전불이행,포장 - 건조,맑음,교차로 - 교차로안,승용,남,25세,상해없음,보행자,남,71세,사망
10142,2019010800100061,2019년 1월 8일 06시,화요일,서울특별시 영등포구 영등포동,경상사고,0,0,1,0,차대사람 - 횡단중,안전운전불이행,포장 - 건조,맑음,교차로 - 교차로횡단보도내,기타불명,기타불명,미분류,기타불명,보행자,남,55세,경상
10143,2019010800100082,2019년 1월 8일 07시,화요일,서울특별시 성동구 성수동2가,중상사고,0,1,0,0,차대사람 - 보도통행중,안전운전불이행,포장 - 건조,맑음,교차로 - 교차로안,승용,남,42세,상해없음,보행자,남,74세,중상
10144,2019010800100083,2019년 1월 8일 07시,화요일,서울특별시 강동구 천호동,경상사고,0,0,1,0,차대사람 - 기타,안전운전불이행,포장 - 건조,흐림,단일로 - 기타,승용,남,26세,상해없음,보행자,남,53세,경상
10145,2019010800100084,2019년 1월 8일 07시,화요일,서울특별시 송파구 문정동,경상사고,0,0,1,0,차대사람 - 기타,보행자보호의무위반,포장 - 건조,맑음,교차로 - 교차로횡단보도내,기타불명,기타불명,미분류,기타불명,보행자,여,22세,경상
10146,2019010800100085,2019년 1월 8일 07시,화요일,서울특별시 도봉구 쌍문동,중상사고,0,1,0,0,차대사람 - 횡단중,보행자보호의무위반,포장 - 건조,맑음,교차로 - 교차로부근,승용,남,39세,상해없음,보행자,남,72세,중상
10147,2019010800100136,2019년 1월 8일 09시,화요일,서울특별시 성동구 성수동1가,중상사고,0,1,0,0,차대사람 - 기타,안전운전불이행,포장 - 건조,맑음,교차로 - 교차로안,건설기계,남,67세,상해없음,보행자,남,78세,중상
10148,2019010800100163,2019년 1월 8일 10시,화요일,서울특별시 동대문구 제기동,경상사고,0,0,1,0,차대사람 - 기타,안전운전불이행,포장 - 건조,맑음,단일로 - 기타,화물,남,64세,상해없음,보행자,여,82세,경상
10149,2019010800100166,2019년 1월 8일 10시,화요일,서울특별시 송파구 방이동,경상사고,0,0,1,0,차대사람 - 기타,안전운전불이행,포장 - 건조,맑음,교차로 - 교차로안,승용,여,32세,상해없음,보행자,여,70세,경상
10150,2019010800100194,2019년 1월 8일 11시,화요일,서울특별시 구로구 구로동,중상사고,0,1,0,0,차대사람 - 횡단중,안전운전불이행,포장 - 건조,맑음,교차로 - 교차로부근,승용,남,65세,상해없음,보행자,남,54세,중상
10151,2019010800100226,2019년 1월 8일 12시,화요일,서울특별시 은평구 불광동,경상사고,0,0,1,0,차대사람 - 보도통행중,기타,포장 - 건조,맑음,단일로 - 기타,자전거,남,65세,상해없음,보행자,남,63세,경상
10152,2019010800100227,2019년 1월 8일 12시,화요일,서울특별시 강남구 대치동,경상사고,0,0,1,0,차대사람 - 기타,안전운전불이행,포장 - 건조,맑음,기타 - 기타,승용,여,29세,상해없음,보행자,남,30세,경상
10153,2019010800100249,2019년 1월 8일 13시,화요일,서울특별시 중랑구 묵동,중상사고,0,1,0,0,차대사람 - 횡단중,보행자보호의무위반,포장 - 건조,맑음,교차로 - 교차로안,화물,남,34세,상해없음,보행자,여,49세,중상
10154,2019010800100276,2019년 1월 8일 14시,화요일,서울특별시 종로구 장사동,중상사고,0,1,0,0,차대사람 - 횡단중,신호위반,포장 - 건조,맑음,교차로 - 교차로횡단보도내,화물,남,43세,상해없음,보행자,여,82세,중상
10155,2019010800100278,2019년 1월 8일 14시,화요일,서울특별시 강남구 신사동,중상사고,0,2,0,0,차대사람 - 기타,보행자보호의무위반,포장 - 건조,맑음,교차로 - 교차로횡단보도내,화물,남,44세,상해없음,보행자,남,27세,중상
10156,2019010800100279,2019년 1월 8일 14시,화요일,서울특별시 송파구 방이동,중상사고,0,1,0,0,차대사람 - 차도통행중,안전운전불이행,포장 - 건조,맑음,단일로 - 기타,승용,여,52세,상해없음,보행자,남,13세,중상
10157,2019010800100281,2019년 1월 8일 14시,화요일,서울특별시 도봉구 도봉동,중상사고,0,1,0,0,차대사람 - 횡단중,보행자보호의무위반,포장 - 건조,맑음,교차로 - 교차로횡단보도내,승용,여,71세,기타불명,보행자,여,75세,중상
10158,2019010800100301,2019년 1월 8일 15시,화요일,서울특별시 동작구 상도동,중상사고,0,1,0,0,차대사람 - 보도통행중,신호위반,포장 - 건조,맑음,교차로 - 교차로횡단보도내,이륜,남,16세,상해없음,보행자,남,63세,중상
10159,2019010800100335,2019년 1월 8일 16시,화요일,서울특별시 서초구 양재동,중상사고,0,1,0,0,차대사람 - 횡단중,신호위반,포장 - 건조,맑음,교차로 - 교차로횡단보도내,승용,여,50세,상해없음,보행자,여,77세,중상
10160,2019010800100355,2019년 1월 8일 17시,화요일,서울특별시 서대문구 홍제동,경상사고,0,0,1,0,차대사람 - 기타,안전운전불이행,포장 - 건조,맑음,단일로 - 기타,자전거,남,13세,상해없음,보행자,여,59세,경상
10161,2019010800100356,2019년 1월 8일 17시,화요일,서울특별시 서대문구 홍은동,중상사고,0,1,0,0,차대사람 - 기타,안전운전불이행,포장 - 건조,맑음,교차로 - 교차로부근,화물,남,57세,상해없음,보행자,여,23세,중상
10162,2019010800100359,2019년 1월 8일 17시,화요일,서울특별시 강남구 삼성동,경상사고,0,0,1,0,차대사람 - 기타,보행자보호의무위반,포장 - 건조,맑음,교차로 - 교차로횡단보도내,승용,남,51세,상해없음,보행자,여,43세,경상
10163,2019010800100389,2019년 1월 8일 18시,화요일,서울특별시 성북구 동선동4가,경상사고,0,0,1,0,차대사람 - 기타,안전운전불이행,포장 - 건조,맑음,단일로 - 기타,이륜,남,28세,상해없음,보행자,여,55세,경상
10164,2019010800100393,2019년 1월 8일 18시,화요일,서울특별시 노원구 중계동,중상사고,0,1,0,0,차대사람 - 횡단중,안전운전불이행,포장 - 건조,맑음,주차장 - 주차장,승용,남,54세,상해없음,보행자,여,53세,중상
10165,2019010800100440,2019년 1월 8일 19시,화요일,서울특별시 관악구 신림동,경상사고,0,0,1,0,차대사람 - 길가장자리구역통행중,안전운전불이행,포장 - 건조,맑음,단일로 - 기타,이륜,여,60세,상해없음,보행자,여,62세,경상
10166,2019010800100476,2019년 1월 8일 20시,화요일,서울특별시 마포구 염리동,경상사고,0,0,1,0,차대사람 - 기타,안전운전불이행,포장 - 건조,맑음,단일로 - 기타,승용,남,55세,상해없음,보행자,여,57세,경상
10167,2019010800100495,2019년 1월 8일 21시,화요일,서울특별시 은평구 수색동,중상사고,0,1,0,0,차대사람 - 횡단중,안전운전불이행,포장 - 건조,맑음,단일로 - 기타,승용,남,24세,상해없음,보행자,남,58세,중상
10168,2019010800100496,2019년 1월 8일 21시,화요일,서울특별시 영등포구 영등포동5가,중상사고,0,1,0,0,차대사람 - 횡단중,안전운전불이행,포장 - 건조,맑음,단일로 - 기타,승용,남,36세,상해없음,보행자,남,39세,중상
10169,2019010800100497,2019년 1월 8일 21시,화요일,서울특별시 강남구 역삼동,경상사고,0,0,1,0,차대사람 - 기타,안전운전불이행,포장 - 건조,흐림,단일로 - 기타,승용,남,53세,상해없음,보행자,남,52세,경상
10170,2019010800100498,2019년 1월 8일 21시,화요일,서울특별시 도봉구 창동,중상사고,0,1,0,0,차대사람 - 기타,보행자보호의무위반,포장 - 기타,맑음,교차로 - 교차로횡단보도내,화물,남,42세,상해없음,보행자,여,43세,중상
10171,2019010800100519,2019년 1월 8일 22시,화요일,서울특별시 중구 태평로2가,중상사고,0,2,0,0,차대사람 - 횡단중,과속,포장 - 건조,맑음,단일로 - 기타,승용,남,30세,상해없음,보행자,여,43세,중상
10172,2019010800100523,2019년 1월 8일 22시,화요일,서울특별시 송파구 방이동,경상사고,0,0,1,0,차대사람 - 길가장자리구역통행중,안전운전불이행,포장 - 건조,맑음,단일로 - 기타,승용,남,62세,상해없음,보행자,여,21세,경상
10173,2019010800100524,2019년 1월 8일 22시,화요일,서울특별시 송파구 잠실동,중상사고,0,1,0,0,차대사람 - 횡단중,보행자보호의무위반,포장 - 건조,맑음,교차로 - 교차로횡단보도내,승용,남,53세,상해없음,보행자,여,21세,중상
10174,2019010800100525,2019년 1월 8일 22시,화요일,서울특별시 양천구 목동,경상사고,0,0,1,0,차대사람 - 횡단중,안전운전불이행,포장 - 건조,맑음,교차로 - 교차로안,승용,여,46세,상해없음,보행자,남,20세,경상
10175,2019010900100017,2019년 1월 9일 00시,수요일,서울특별시 강북구 수유동,중상사고,0,1,0,0,차대사람 - 횡단중,안전운전불이행,포장 - 건조,흐림,교차로 - 교차로횡단보도내,화물,남,66세,상해없음,보행자,남,51세,중상
10176,2019010900100023,2019년 1월 9일 00시,수요일,서울특별시 강남구 대치동,부상신고사고,0,0,0,1,차대사람 - 기타,안전운전불이행,포장 - 건조,맑음,단일로 - 기타,승용,남,49세,상해없음,보행자,여,19세,부상신고
10177,2019010900100049,2019년 1월 9일 04시,수요일,서울특별시 영등포구 여의도동,중상사고,0,1,0,0,차대사람 - 횡단중,안전운전불이행,포장 - 건조,맑음,단일로 - 기타,승용,남,69세,상해없음,보행자,남,37세,중상
10178,2019010900100062,2019년 1월 9일 05시,수요일,서울특별시 강서구 마곡동,경상사고,0,0,1,0,차대사람 - 기타,보행자보호의무위반,포장 - 건조,맑음,교차로 - 교차로부근,화물,남,53세,상해없음,보행자,여,22세,경상
10179,2019010900100068,2019년 1월 9일 06시,수요일,서울특별시 종로구 신문로1가,중상사고,0,1,0,0,차대사람 - 차도통행중,안전운전불이행,포장 - 건조,맑음,단일로 - 기타,건설기계,남,52세,상해없음,보행자,남,66세,중상
10180,2019010900100097,2019년 1월 9일 08시,수요일,서울특별시 중구 만리동1가,중상사고,0,1,0,0,차대사람 - 기타,안전운전불이행,포장 - 건조,맑음,교차로 - 교차로부근,이륜,남,68세,상해없음,보행자,남,54세,중상
10181,2019010900100122,2019년 1월 9일 09시,수요일,서울특별시 영등포구 문래동3가,경상사고,0,0,1,0,차대사람 - 횡단중,안전운전불이행,포장 - 건조,맑음,교차로 - 교차로안,승합,남,72세,상해없음,보행자,여,63세,경상
10182,2019010900100123,2019년 1월 9일 09시,수요일,서울특별시 강동구 성내동,경상사고,0,0,1,0,차대사람 - 기타,안전운전불이행,포장 - 건조,맑음,단일로 - 기타,승용,여,34세,상해없음,보행자,여,33세,경상
10183,2019010900100125,2019년 1월 9일 09시,수요일,서울특별시 도봉구 창동,중상사고,0,2,0,0,차대사람 - 횡단중,신호위반,포장 - 건조,맑음,단일로 - 기타,자전거,남,59세,중상,보행자,여,62세,중상
10184,2019010900100145,2019년 1월 9일 10시,수요일,서울특별시 광진구 중곡동,중상사고,0,1,0,0,차대사람 - 기타,안전운전불이행,포장 - 건조,맑음,교차로 - 교차로안,승용,여,41세,상해없음,보행자,여,56세,중상
10185,2019010900100149,2019년 1월 9일 10시,수요일,서울특별시 양천구 목동,중상사고,0,1,0,0,차대사람 - 횡단중,보행자보호의무위반,포장 - 건조,맑음,교차로 - 교차로횡단보도내,승용,여,66세,상해없음,보행자,여,88세,중상
10186,2019010900100174,2019년 1월 9일 11시,수요일,서울특별시 도봉구 창동,중상사고,0,1,0,0,차대사람 - 횡단중,안전운전불이행,포장 - 건조,흐림,교차로 - 교차로횡단보도내,승용,남,49세,상해없음,보행자,여,65세,중상
10187,2019010900100203,2019년 1월 9일 12시,수요일,서울특별시 중구 신당동,중상사고,0,1,0,0,차대사람 - 횡단중,보행자보호의무위반,포장 - 건조,맑음,교차로 - 교차로횡단보도내,승용,남,57세,상해없음,보행자,여,32세,중상
10188,2019010900100237,2019년 1월 9일 13시,수요일,서울특별시 동대문구 이문동,중상사고,0,1,0,0,차대사람 - 기타,안전운전불이행,포장 - 건조,맑음,교차로 - 교차로안,승용,여,46세,상해없음,보행자,여,25세,중상
10189,2019010900100257,2019년 1월 9일 14시,수요일,서울특별시 강동구 강일동,경상사고,0,0,1,0,차대사람 - 기타,보행자보호의무위반,포장 - 건조,맑음,교차로 - 교차로안,화물,남,28세,상해없음,보행자,여,7세,경상
10190,2019010900100284,2019년 1월 9일 15시,수요일,서울특별시 용산구 한강로2가,경상사고,0,0,1,0,차대사람 - 횡단중,신호위반,포장 - 건조,맑음,단일로 - 기타,원동기,남,19세,상해없음,보행자,여,58세,경상
10191,2019010900100318,2019년 1월 9일 16시,수요일,서울특별시 관악구 신림동,경상사고,0,0,1,0,차대사람 - 횡단중,보행자보호의무위반,포장 - 건조,맑음,교차로 - 교차로안,화물,남,55세,상해없음,보행자,여,73세,경상
10192,2019010900100356,2019년 1월 9일 17시,수요일,서울특별시 강북구 수유동,중상사고,0,1,0,0,차대사람 - 기타,안전운전불이행,포장 - 건조,맑음,교차로 - 교차로안,승용,남,23세,상해없음,보행자,여,57세,중상
10193,2019010900100444,2019년 1월 9일 19시,수요일,서울특별시 서대문구 대현동,중상사고,0,1,0,0,차대사람 - 보도통행중,보행자보호의무위반,포장 - 건조,맑음,단일로 - 기타,승용,남,58세,상해없음,보행자,여,28세,중상
10194,2019010900100467,2019년 1월 9일 20시,수요일,서울특별시 강북구 번동,경상사고,0,0,1,0,차대사람 - 횡단중,보행자보호의무위반,포장 - 건조,맑음,교차로 - 교차로안,승합,남,55세,상해없음,보행자,여,45세,경상
10195,2019010900100493,2019년 1월 9일 21시,수요일,서울특별시 종로구 통인동,경상사고,0,0,1,0,차대사람 - 횡단중,보행자보호의무위반,포장 - 건조,맑음,교차로 - 교차로횡단보도내,승용,남,65세,상해없음,보행자,여,56세,경상
10196,2019010900100495,2019년 1월 9일 21시,수요일,서울특별시 광진구 구의동,중상사고,0,1,0,0,차대사람 - 길가장자리구역통행중,안전운전불이행,포장 - 건조,맑음,교차로 - 교차로안,승용,남,57세,상해없음,보행자,여,76세,중상
10197,2019010900100523,2019년 1월 9일 22시,수요일,서울특별시 성북구 삼선동3가,중상사고,0,1,0,0,차대사람 - 횡단중,안전운전불이행,포장 - 건조,맑음,단일로 - 기타,이륜,남,23세,상해없음,보행자,여,87세,중상
10198,2019011000100031,2019년 1월 10일 01시,목요일,서울특별시 광진구 화양동,중상사고,0,1,0,0,차대사람 - 횡단중,안전운전불이행,포장 - 건조,맑음,단일로 - 기타,승용,남,55세,상해없음,보행자,남,41세,중상
10199,2019011000100032,2019년 1월 10일 01시,목요일,서울특별시 중랑구 망우동,중상사고,0,1,0,0,차대사람 - 횡단중,안전운전불이행,포장 - 건조,맑음,단일로 - 기타,승용,남,26세,상해없음,보행자,남,62세,중상
10200,2019011000100050,2019년 1월 10일 05시,목요일,서울특별시 강서구 화곡동,중상사고,0,1,0,0,차대사람 - 횡단중,안전운전불이행,포장 - 건조,맑음,교차로 - 교차로횡단보도내,승용,여,59세,상해없음,보행자,여,64세,중상
10201,2019011000100051,2019년 1월 10일 05시,목요일,서울특별시 구로구 고척동,경상사고,0,0,1,0,차대사람 - 횡단중,신호위반,포장 - 건조,맑음,교차로 - 교차로횡단보도내,이륜,남,27세,상해없음,보행자,여,42세,경상
10202,2019011000100063,2019년 1월 10일 06시,목요일,서울특별시 노원구 상계동,경상사고,0,0,1,0,차대사람 - 기타,안전운전불이행,포장 - 건조,맑음,교차로 - 교차로안,승용,남,66세,상해없음,보행자,남,32세,경상
10203,2019011000100079,2019년 1월 10일 07시,목요일,서울특별시 성동구 성수동2가,중상사고,0,1,0,0,차대사람 - 횡단중,안전운전불이행,포장 - 건조,맑음,교차로 - 교차로부근,승용,남,66세,상해없음,보행자,여,56세,중상