,사고번호,사고일시,요일,시군구,사고내용,사망자수,중상자수,경상자수,부상신고자수,사고유형,법규위반,노면상태,기상상태,도로형태,가해운전자 차종,가해운전자 성별,가해운전자 연령,가해운전자 상해정도,피해운전자 차종,피해운전자 성별,피해운전자 연령,피해운전자 상해정도
10204,2019011000100080,2019년 1월 10일 07시,목요일,서울특별시 양천구 신월동,경상사고,0,0,1,0,차대사람 - 기타,안전운전불이행,포장 - 건조,맑음,단일로 - 기타,승용,남,65세,상해없음,보행자,남,31세,경상
10205,2019011000100101,2019년 1월 10일 08시,목요일,서울특별시 동대문구 용두동,중상사고,0,1,0,0,차대사람 - 횡단중,보행자보호의무위반,포장 - 건조,맑음,교차로 - 교차로안,승용,남,70세,상해없음,보행자,여,34세,중상
10206,2019011000100102,2019년 1월 10일 08시,목요일,서울특별시 동대문구 신설동,중상사고,0,1,0,0,차대사람 - 기타,안전운전불이행,포장 - 건조,맑음,단일로 - 기타,승합,남,52세,상해없음,보행자,여,59세,중상
10207,2019011000100144,2019년 1월 10일 10시,목요일,서울특별시 중랑구 상봉동,경상사고,0,0,1,0,차대사람 - 기타,안전운전불이행,포장 - 건조,맑음,단일로 - 기타,승용,남,38세,상해없음,보행자,여,59세,경상
10208,2019011000100166,2019년 1월 10일 11시,목요일,서울특별시 용산구 원효로4가,경상사고,0,0,1,0,차대사람 - 기타,기타,포장 - 건조,맑음,단일로 - 지하차도(도로)내,승합,남,54세,상해없음,보행자,여,56세,경상
10209,2019011000100168,2019년 1월 10일 11시,목요일,서울특별시 강남구 신사동,중상사고,0,1,0,0,차대사람 - 보도통행중,기타,포장 - 건조,맑음,단일로 - 기타,화물,남,45세,상해없음,보행자,여,32세,중상
10210,2019011000100192,2019년 1월 10일 12시,목요일,서울특별시 동작구 노량진동,경상사고,0,0,1,0,차대사람 - 기타,안전운전불이행,포장 - 건조,맑음,기타 - 기타,승용,남,55세,상해없음,보행자,남,33세,경상
10211,2019011000100196,2019년 1월 10일 12시,목요일,서울특별시 강남구 대치동,경상사고,0,0,1,0,차대사람 - 횡단중,안전운전불이행,포장 - 건조,맑음,교차로 - 교차로안,승용,남,77세,상해없음,보행자,남,16세,경상
10212,2019011000100216,2019년 1월 10일 13시,목요일,서울특별시 강동구 길동,경상사고,0,0,1,0,차대사람 - 횡단중,보행자보호의무위반,포장 - 건조,맑음,단일로 - 기타,승용,여,58세,상해없음,보행자,여,63세,경상
10213,2019011000100232,2019년 1월 10일 14시,목요일,서울특별시 영등포구 대림동,중상사고,0,1,0,0,차대사람 - 기타,안전운전불이행,포장 - 건조,맑음,단일로 - 기타,승용,남,36세,상해없음,보행자,남,9세,중상
10214,2019011000100299,2019년 1월 10일 16시,목요일,서울특별시 중랑구 상봉동,경상사고,0,0,1,0,차대사람 - 기타,안전운전불이행,포장 - 건조,맑음,단일로 - 기타,승용,남,58세,상해없음,보행자,남,40세,경상
10215,2019011000100300,2019년 1월 10일 16시,목요일,서울특별시 송파구 잠실동,경상사고,0,0,1,0,차대사람 - 기타,안전운전불이행,포장 - 건조,맑음,단일로 - 기타,승용,남,26세,상해없음,보행자,여,62세,경상
10216,2019011000100301,2019년 1월 10일 16시,목요일,서울특별시 송파구 방이동,경상사고,0,0,1,0,차대사람 - 기타,안전운전불이행,포장 - 건조,맑음,단일로 - 기타,승용,여,21세,상해없음,보행자,남,60세,경상
10217,2019011000100304,2019년 1월 10일 16시,목요일,서울특별시 강남구 대치동,경상사고,0,0,1,0,차대사람 - 기타,안전운전불이행,포장 - 건조,맑음,단일로 - 기타,기타불명,기타불명,미분류,기타불명,보행자,여,31세,경상
10218,2019011000100330,2019년 1월 10일 17시,목요일,서울특별시 종로구 화동,경상사고,0,0,1,0,차대사람 - 차도통행중,안전운전불이행,포장 - 건조,맑음,교차로 - 교차로부근,승용,여,26세,상해없음,보행자,여,35세,경상
10219,2019011000100331,2019년 1월 10일 17시,목요일,서울특별시 동대문구 이문동,경상사고,0,0,1,0,차대사람 - 차도통행중,중앙선침범,포장 - 건조,맑음,단일로 - 기타,승용,남,69세,상해없음,보행자,여,57세,경상
10220,2019011000100332,2019년 1월 10일 17시,목요일,서울특별시 금천구 가산동,중상사고,0,1,0,0,차대사람 - 보도통행중,신호위반,포장 - 건조,맑음,교차로 - 교차로부근,승용,남,40세,상해없음,보행자,여,51세,중상
10221,2019011000100335,2019년 1월 10일 17시,목요일,서울특별시 양천구 목동,중상사고,0,1,0,0,차대사람 - 기타,안전운전불이행,포장 - 건조,맑음,단일로 - 기타,승용,남,37세,기타불명,보행자,남,38세,중상
10222,2019011000100369,2019년 1월 10일 18시,목요일,서울특별시 성동구 마장동,경상사고,0,0,1,0,차대사람 - 길가장자리구역통행중,안전운전불이행,포장 - 건조,맑음,단일로 - 기타,화물,남,43세,상해없음,보행자,여,80세,경상
10223,2019011000100421,2019년 1월 10일 19시,목요일,서울특별시 강북구 수유동,중상사고,0,1,0,0,차대사람 - 기타,안전운전불이행,포장 - 건조,맑음,교차로 - 교차로안,승용,남,61세,상해없음,보행자,남,86세,중상
10224,2019011000100422,2019년 1월 10일 19시,목요일,서울특별시 동대문구 제기동,중상사고,0,1,0,0,차대사람 - 횡단중,안전운전불이행,포장 - 건조,맑음,단일로 - 기타,승용,남,44세,상해없음,보행자,남,68세,중상
10225,2019011000100425,2019년 1월 10일 19시,목요일,서울특별시 중랑구 망우동,중상사고,0,1,0,0,차대사람 - 차도통행중,안전운전불이행,포장 - 건조,맑음,교차로 - 교차로안,승용,남,57세,상해없음,보행자,여,84세,중상
10226,2019011000100426,2019년 1월 10일 19시,목요일,서울특별시 강서구 방화동,중상사고,0,1,0,0,차대사람 - 기타,안전운전불이행,포장 - 건조,맑음,교차로 - 교차로안,화물,남,26세,상해없음,보행자,남,73세,중상
10227,2019011000100430,2019년 1월 10일 19시,목요일,서울특별시 양천구 신정동,경상사고,0,0,1,0,차대사람 - 기타,안전운전불이행,포장 - 건조,맑음,교차로 - 교차로안,승용,여,29세,상해없음,보행자,여,73세,경상
10228,2019011000100491,2019년 1월 10일 21시,목요일,서울특별시 서대문구 창천동,부상신고사고,0,0,0,1,차대사람 - 기타,안전운전불이행,포장 - 건조,맑음,단일로 - 기타,승용,여,51세,상해없음,보행자,남,47세,부상신고
10229,2019011100100023,2019년 1월 11일 00시,금요일,서울특별시 종로구 내자동,중상사고,0,1,0,0,차대사람 - 횡단중,보행자보호의무위반,포장 - 건조,맑음,단일로 - 기타,승용,남,23세,상해없음,보행자,여,38세,중상
10230,2019011100100024,2019년 1월 11일 00시,금요일,서울특별시 강남구 역삼동,중상사고,0,1,0,0,차대사람 - 기타,안전운전불이행,포장 - 건조,맑음,단일로 - 기타,승용,남,39세,상해없음,보행자,남,47세,중상
10231,2019011100100047,2019년 1월 11일 01시,금요일,서울특별시 중랑구 중화동,중상사고,0,1,0,0,차대사람 - 횡단중,안전운전불이행,포장 - 건조,맑음,단일로 - 기타,승용,남,31세,상해없음,보행자,여,17세,중상
10232,2019011100100067,2019년 1월 11일 04시,금요일,서울특별시 중구 의주로2가,중상사고,0,1,0,0,차대사람 - 기타,안전운전불이행,포장 - 건조,맑음,교차로 - 교차로안,승용,남,59세,상해없음,보행자,남,50세,중상
10233,2019011100100070,2019년 1월 11일 04시,금요일,서울특별시 중랑구 면목동,중상사고,0,1,0,0,차대사람 - 횡단중,안전운전불이행,포장 - 건조,맑음,단일로 - 기타,화물,남,57세,상해없음,보행자,남,59세,중상
10234,2019011100100087,2019년 1월 11일 06시,금요일,서울특별시 강북구 번동,중상사고,0,1,0,0,차대사람 - 기타,안전운전불이행,포장 - 건조,맑음,교차로 - 교차로안,화물,남,32세,상해없음,보행자,남,36세,중상
10235,2019011100100089,2019년 1월 11일 06시,금요일,서울특별시 노원구 상계동,부상신고사고,0,0,0,1,차대사람 - 횡단중,보행자보호의무위반,포장 - 젖음/습기,맑음,단일로 - 기타,승용,남,48세,상해없음,보행자,남,44세,부상신고
10236,2019011100100090,2019년 1월 11일 06시,금요일,서울특별시 노원구 공릉동,중상사고,0,1,0,0,차대사람 - 차도통행중,안전운전불이행,포장 - 건조,맑음,교차로 - 교차로안,승용,남,61세,상해없음,보행자,여,72세,중상
10237,2019011100100091,2019년 1월 11일 06시,금요일,서울특별시 서초구 방배동,부상신고사고,0,0,0,1,차대사람 - 기타,안전운전불이행,포장 - 건조,맑음,기타 - 기타,승용,남,52세,상해없음,보행자,남,25세,부상신고
10238,2019011100100108,2019년 1월 11일 07시,금요일,서울특별시 종로구 명륜3가,중상사고,0,1,0,0,차대사람 - 기타,안전운전불이행,포장 - 건조,맑음,단일로 - 기타,승용,남,58세,상해없음,보행자,남,80세,중상
10239,2019011100100110,2019년 1월 11일 07시,금요일,서울특별시 동작구 사당동,경상사고,0,0,1,0,차대사람 - 길가장자리구역통행중,안전운전불이행,포장 - 건조,맑음,교차로 - 교차로안,승용,여,54세,기타불명,보행자,여,25세,경상
10240,2019011100100111,2019년 1월 11일 07시,금요일,서울특별시 관악구 봉천동,중상사고,0,1,0,0,차대사람 - 횡단중,안전운전불이행,포장 - 건조,맑음,교차로 - 교차로안,승용,남,49세,상해없음,보행자,여,76세,중상
10241,2019011100100137,2019년 1월 11일 08시,금요일,서울특별시 송파구 송파동,경상사고,0,0,1,0,차대사람 - 기타,안전운전불이행,포장 - 건조,맑음,단일로 - 기타,승용,남,69세,상해없음,보행자,여,17세,경상
10242,2019011100100190,2019년 1월 11일 10시,금요일,서울특별시 마포구 대흥동,중상사고,0,1,0,0,차대사람 - 보도통행중,안전운전불이행,포장 - 건조,맑음,교차로 - 교차로횡단보도내,승합,남,57세,상해없음,보행자,남,26세,중상
10243,2019011100100191,2019년 1월 11일 10시,금요일,서울특별시 성북구 장위동,경상사고,0,0,1,0,차대사람 - 횡단중,안전운전불이행,포장 - 건조,맑음,교차로 - 교차로안,화물,남,59세,상해없음,보행자,남,77세,경상
10244,2019011100100211,2019년 1월 11일 11시,금요일,서울특별시 동작구 신대방동,경상사고,0,0,1,0,차대사람 - 기타,기타,포장 - 건조,맑음,기타 - 기타,화물,남,58세,상해없음,보행자,여,53세,경상
10245,2019011100100213,2019년 1월 11일 11시,금요일,서울특별시 노원구 상계동,경상사고,0,0,1,0,차대사람 - 기타,안전운전불이행,포장 - 건조,맑음,단일로 - 기타,승용,남,53세,상해없음,보행자,남,65세,경상
10246,2019011100100215,2019년 1월 11일 11시,금요일,서울특별시 도봉구 창동,경상사고,0,0,1,0,차대사람 - 기타,안전운전불이행,포장 - 건조,맑음,단일로 - 기타,승용,여,37세,상해없음,보행자,여,62세,경상
10247,2019011100100251,2019년 1월 11일 12시,금요일,서울특별시 은평구 응암동,중상사고,0,1,0,0,차대사람 - 기타,안전운전불이행,포장 - 건조,맑음,교차로 - 교차로안,화물,여,53세,상해없음,보행자,여,79세,중상
10248,2019011100100306,2019년 1월 11일 14시,금요일,서울특별시 동작구 사당동,경상사고,0,0,1,0,차대사람 - 기타,안전운전불이행,포장 - 건조,맑음,교차로 - 교차로안,승용,여,38세,상해없음,보행자,여,45세,경상
10249,2019011100100333,2019년 1월 11일 15시,금요일,서울특별시 성동구 금호동2가,중상사고,0,1,0,0,차대사람 - 보도통행중,기타,포장 - 건조,맑음,단일로 - 기타,화물,여,36세,상해없음,보행자,남,69세,중상
10250,2019011100100357,2019년 1월 11일 16시,금요일,서울특별시 종로구 명륜4가,중상사고,0,1,0,0,차대사람 - 기타,안전운전불이행,포장 - 건조,맑음,단일로 - 기타,승용,남,28세,상해없음,보행자,여,29세,중상
10251,2019011100100361,2019년 1월 11일 16시,금요일,서울특별시 강남구 역삼동,경상사고,0,0,1,0,차대사람 - 기타,보행자보호의무위반,포장 - 건조,맑음,교차로 - 교차로횡단보도내,승합,남,78세,상해없음,보행자,여,22세,경상
10252,2019011100100388,2019년 1월 11일 17시,금요일,서울특별시 양천구 목동,경상사고,0,0,1,0,차대사람 - 기타,안전운전불이행,포장 - 건조,맑음,단일로 - 기타,승용,남,37세,상해없음,보행자,남,36세,경상
10253,2019011100100420,2019년 1월 11일 18시,금요일,서울특별시 마포구 합정동,경상사고,0,0,1,0,차대사람 - 횡단중,안전운전불이행,포장 - 건조,맑음,교차로 - 교차로횡단보도내,승용,남,57세,상해없음,보행자,여,56세,경상
10254,2019011100100421,2019년 1월 11일 18시,금요일,서울특별시 마포구 아현동,중상사고,0,1,0,0,차대사람 - 횡단중,보행자보호의무위반,포장 - 건조,맑음,교차로 - 교차로횡단보도내,승용,여,39세,상해없음,보행자,남,38세,중상
10255,2019011100100425,2019년 1월 11일 18시,금요일,서울특별시 송파구 석촌동,중상사고,0,1,0,0,차대사람 - 길가장자리구역통행중,안전운전불이행,포장 - 건조,흐림,교차로 - 교차로부근,승합,여,45세,상해없음,보행자,여,81세,중상
10256,2019011100100427,2019년 1월 11일 18시,금요일,서울특별시 노원구 하계동,경상사고,0,0,1,0,차대사람 - 횡단중,보행자보호의무위반,포장 - 건조,맑음,교차로 - 교차로부근,승용,남,30세,상해없음,보행자,남,60세,경상
10257,2019011100100476,2019년 1월 11일 19시,금요일,서울특별시 용산구 한강로3가,중상사고,0,2,0,0,차대사람 - 횡단중,보행자보호의무위반,포장 - 건조,맑음,교차로 - 교차로횡단보도내,승용,여,54세,상해없음,보행자,남,62세,중상
10258,2019011100100479,2019년 1월 11일 19시,금요일,서울특별시 강남구 논현동,경상사고,0,0,1,0,차대사람 - 길가장자리구역통행중,안전운전불이행,포장 - 건조,맑음,단일로 - 기타,승합,남,59세,상해없음,보행자,남,30세,경상
10259,2019011100100509,2019년 1월 11일 20시,금요일,서울특별시 강북구 미아동,경상사고,0,0,1,0,차대사람 - 기타,안전운전불이행,포장 - 건조,맑음,단일로 - 기타,승합,남,51세,기타불명,보행자,남,64세,경상
10260,2019011200100015,2019년 1월 12일 00시,토요일,서울특별시 용산구 이태원동,경상사고,0,0,2,0,차대사람 - 기타,안전운전불이행,포장 - 건조,맑음,단일로 - 기타,승용,남,27세,상해없음,보행자,남,31세,경상
10261,2019011200100038,2019년 1월 12일 01시,토요일,서울특별시 관악구 신림동,중상사고,0,1,0,0,차대사람 - 기타,안전운전불이행,포장 - 건조,맑음,단일로 - 기타,승용,남,54세,상해없음,보행자,남,54세,중상
10262,2019011200100040,2019년 1월 12일 01시,토요일,서울특별시 송파구 방이동,중상사고,0,1,0,0,차대사람 - 횡단중,안전운전불이행,포장 - 건조,맑음,단일로 - 기타,화물,남,79세,상해없음,보행자,남,45세,중상
10263,2019011200100041,2019년 1월 12일 01시,토요일,서울특별시 양천구 목동,경상사고,0,0,1,0,차대사람 - 차도통행중,안전운전불이행,포장 - 건조,맑음,단일로 - 기타,기타불명,기타불명,미분류,기타불명,보행자,남,29세,경상
10264,2019011200100042,2019년 1월 12일 01시,토요일,서울특별시 노원구 공릉동,부상신고사고,0,0,0,1,차대사람 - 횡단중,안전운전불이행,포장 - 건조,맑음,교차로 - 교차로부근,승용,남,53세,상해없음,보행자,남,64세,부상신고
10265,2019011200100053,2019년 1월 12일 02시,토요일,서울특별시 서대문구 홍제동,경상사고,0,0,1,0,차대사람 - 횡단중,안전운전불이행,포장 - 건조,흐림,교차로 - 교차로안,원동기,남,23세,상해없음,보행자,남,53세,경상
10266,2019011200100054,2019년 1월 12일 02시,토요일,서울특별시 동대문구 회기동,중상사고,0,1,0,0,차대사람 - 기타,안전운전불이행,포장 - 건조,맑음,단일로 - 기타,승용,남,76세,상해없음,보행자,남,24세,중상
10267,2019011200100070,2019년 1월 12일 03시,토요일,서울특별시 종로구 숭인동,경상사고,0,0,1,0,차대사람 - 기타,보행자보호의무위반,포장 - 건조,맑음,교차로 - 교차로안,승용,남,74세,상해없음,보행자,여,71세,경상
10268,2019011200100081,2019년 1월 12일 04시,토요일,서울특별시 서대문구 합동,중상사고,0,1,0,0,차대사람 - 횡단중,신호위반,포장 - 건조,맑음,단일로 - 기타,승용,남,72세,상해없음,보행자,남,72세,중상
10269,2019011200100083,2019년 1월 12일 04시,토요일,서울특별시 노원구 하계동,중상사고,0,1,0,0,차대사람 - 기타,안전운전불이행,포장 - 건조,맑음,단일로 - 기타,승용,남,63세,상해없음,보행자,남,20세,중상
10270,2019011200100095,2019년 1월 12일 05시,토요일,서울특별시 중랑구 중화동,경상사고,0,0,1,0,차대사람 - 보도통행중,기타,포장 - 건조,맑음,기타 - 기타,자전거,남,13세,상해없음,보행자,여,57세,경상
10271,2019011200100098,2019년 1월 12일 05시,토요일,서울특별시 노원구 중계동,중상사고,0,1,0,0,차대사람 - 보도통행중,기타,포장 - 건조,맑음,교차로 - 교차로부근,승용,남,25세,상해없음,보행자,남,62세,중상
10272,2019011200100132,2019년 1월 12일 07시,토요일,서울특별시 강남구 신사동,경상사고,0,0,1,0,차대사람 - 기타,안전운전불이행,포장 - 건조,맑음,단일로 - 기타,승용,남,37세,상해없음,보행자,남,41세,상해없음
10273,2019011200100143,2019년 1월 12일 08시,토요일,서울특별시 노원구 상계동,중상사고,0,1,0,0,차대사람 - 횡단중,보행자보호의무위반,포장 - 건조,맑음,교차로 - 교차로횡단보도내,승합,남,30세,상해없음,보행자,여,49세,중상
10274,2019011200100158,2019년 1월 12일 09시,토요일,서울특별시 영등포구 도림동,경상사고,0,0,1,0,차대사람 - 기타,안전운전불이행,포장 - 건조,맑음,교차로 - 교차로안,자전거,여,56세,상해없음,보행자,여,68세,경상
10275,2019011200100159,2019년 1월 12일 09시,토요일,서울특별시 영등포구 영등포동7가,부상신고사고,0,0,0,1,차대사람 - 횡단중,안전운전불이행,포장 - 건조,맑음,기타 - 기타,화물,남,52세,상해없음,보행자,남,46세,부상신고
10276,2019011200100182,2019년 1월 12일 10시,토요일,서울특별시 양천구 목동,경상사고,0,0,1,0,차대사람 - 횡단중,안전운전불이행,포장 - 건조,맑음,교차로 - 교차로횡단보도내,승용,남,52세,상해없음,보행자,여,69세,경상
10277,2019011200100213,2019년 1월 12일 11시,토요일,서울특별시 강북구 미아동,경상사고,0,0,1,0,차대사람 - 차도통행중,안전운전불이행,포장 - 건조,맑음,교차로 - 교차로안,승용,남,20세,상해없음,보행자,여,36세,경상
10278,2019011200100214,2019년 1월 12일 11시,토요일,서울특별시 금천구 시흥동,경상사고,0,0,1,0,차대사람 - 횡단중,보행자보호의무위반,포장 - 건조,맑음,교차로 - 교차로부근,승합,남,76세,상해없음,보행자,남,13세,경상
10279,2019011200100215,2019년 1월 12일 11시,토요일,서울특별시 성동구 성수동2가,중상사고,0,1,0,0,차대사람 - 기타,안전운전불이행,포장 - 건조,맑음,교차로 - 교차로부근,화물,남,33세,상해없음,보행자,여,67세,중상
10280,2019011200100216,2019년 1월 12일 11시,토요일,서울특별시 강남구 논현동,경상사고,0,0,1,0,차대사람 - 횡단중,안전운전불이행,포장 - 기타,맑음,교차로 - 교차로안,승용,여,27세,상해없음,보행자,여,32세,경상
10281,2019011200100217,2019년 1월 12일 11시,토요일,서울특별시 서초구 반포동,경상사고,0,0,1,0,차대사람 - 기타,안전운전불이행,포장 - 건조,맑음,주차장 - 주차장,승용,여,58세,상해없음,보행자,남,54세,경상
10282,2019011200100218,2019년 1월 12일 11시,토요일,서울특별시 은평구 역촌동,중상사고,0,1,0,0,차대사람 - 길가장자리구역통행중,안전운전불이행,포장 - 건조,맑음,단일로 - 기타,승용,남,70세,상해없음,보행자,여,66세,중상
10283,2019011200100244,2019년 1월 12일 12시,토요일,서울특별시 송파구 송파동,경상사고,0,0,1,0,차대사람 - 횡단중,신호위반,포장 - 건조,맑음,교차로 - 교차로횡단보도내,승용,남,69세,상해없음,보행자,남,46세,경상
10284,2019011200100270,2019년 1월 12일 13시,토요일,서울특별시 서초구 반포동,경상사고,0,0,1,0,차대사람 - 기타,안전운전불이행,포장 - 건조,맑음,단일로 - 기타,승용,남,71세,상해없음,보행자,여,39세,경상
10285,2019011200100294,2019년 1월 12일 14시,토요일,서울특별시 강동구 길동,경상사고,0,0,1,0,차대사람 - 기타,안전운전불이행,포장 - 건조,맑음,단일로 - 기타,승용,남,45세,상해없음,보행자,남,61세,경상
10286,2019011200100295,2019년 1월 12일 14시,토요일,서울특별시 구로구 신도림동,경상사고,0,0,1,0,차대사람 - 횡단중,보행자보호의무위반,포장 - 건조,맑음,단일로 - 기타,화물,남,42세,상해없음,보행자,여,21세,경상
10287,2019011200100296,2019년 1월 12일 14시,토요일,서울특별시 구로구 구로동,경상사고,0,0,1,0,차대사람 - 횡단중,신호위반,포장 - 건조,맑음,교차로 - 교차로횡단보도내,승용,남,74세,상해없음,보행자,여,25세,경상
10288,2019011200100395,2019년 1월 12일 18시,토요일,서울특별시 성북구 보문동4가,중상사고,0,1,0,0,차대사람 - 횡단중,신호위반,포장 - 건조,맑음,교차로 - 교차로횡단보도내,이륜,남,23세,상해없음,보행자,여,11세,중상
10289,2019011200100434,2019년 1월 12일 19시,토요일,서울특별시 중랑구 신내동,중상사고,0,1,0,0,차대사람 - 횡단중,보행자보호의무위반,포장 - 건조,흐림,교차로 - 교차로부근,승용,여,48세,상해없음,보행자,남,32세,중상
10290,2019011200100436,2019년 1월 12일 19시,토요일,서울특별시 송파구 가락동,경상사고,0,0,1,0,차대사람 - 횡단중,보행자보호의무위반,포장 - 건조,맑음,단일로 - 기타,승용,남,37세,상해없음,보행자,남,64세,경상
10291,2019011200100460,2019년 1월 12일 20시,토요일,서울특별시 송파구 문정동,경상사고,0,0,1,0,차대사람 - 기타,안전운전불이행,포장 - 건조,맑음,주차장 - 주차장,승용,여,21세,상해없음,보행자,남,54세,경상
10292,2019011200100490,2019년 1월 12일 21시,토요일,서울특별시 용산구 이태원동,중상사고,0,1,0,0,차대사람 - 횡단중,안전운전불이행,포장 - 건조,맑음,단일로 - 기타,승용,남,25세,상해없음,보행자,남,26세,중상
10293,2019011200100491,2019년 1월 12일 21시,토요일,서울특별시 성북구 돈암동,중상사고,0,1,0,0,차대사람 - 횡단중,안전운전불이행,포장 - 건조,맑음,단일로 - 기타,이륜,남,44세,상해없음,보행자,여,27세,중상
10294,2019011200100519,2019년 1월 12일 22시,토요일,서울특별시 마포구 서교동,부상신고사고,0,0,0,1,차대사람 - 기타,기타,포장 - 건조,맑음,단일로 - 기타,기타불명,기타불명,미분류,기타불명,보행자,여,30세,부상신고
10295,2019011200100543,2019년 1월 12일 23시,토요일,서울특별시 금천구 가산동,경상사고,0,0,1,0,차대사람 - 길가장자리구역통행중,안전운전불이행,포장 - 건조,맑음,교차로 - 교차로안,승용,남,36세,상해없음,보행자,여,30세,경상
10296,2019011200100544,2019년 1월 12일 23시,토요일,서울특별시 금천구 가산동,경상사고,0,0,1,0,차대사람 - 차도통행중,안전운전불이행,포장 - 건조,맑음,기타 - 기타,승용,남,63세,상해없음,보행자,남,63세,경상
10297,2019011300100033,2019년 1월 13일 01시,일요일,서울특별시 영등포구 도림동,경상사고,0,0,1,0,차대사람 - 기타,안전운전불이행,포장 - 건조,맑음,교차로 - 교차로부근,승용,남,23세,상해없음,보행자,남,44세,경상
10298,2019011300100034,2019년 1월 13일 01시,일요일,서울특별시 중랑구 신내동,경상사고,0,0,1,0,차대사람 - 기타,안전운전불이행,포장 - 건조,맑음,단일로 - 기타,승합,남,47세,상해없음,보행자,남,50세,경상
10299,2019011300100035,2019년 1월 13일 01시,일요일,서울특별시 관악구 봉천동,중상사고,0,1,0,0,차대사람 - 횡단중,과속,포장 - 건조,맑음,단일로 - 기타,승용,남,60세,상해없음,보행자,남,32세,중상
10300,2019011300100074,2019년 1월 13일 05시,일요일,서울특별시 금천구 독산동,경상사고,0,0,1,0,차대사람 - 횡단중,안전운전불이행,포장 - 건조,맑음,교차로 - 교차로횡단보도내,승용,남,63세,상해없음,보행자,여,55세,경상
10301,2019011300100075,2019년 1월 13일 05시,일요일,서울특별시 강서구 화곡동,경상사고,0,0,1,0,차대사람 - 기타,안전운전불이행,포장 - 건조,맑음,단일로 - 기타,승용,남,60세,상해없음,보행자,남,36세,경상
10302,2019011300100078,2019년 1월 13일 05시,일요일,서울특별시 양천구 신월동,중상사고,0,1,0,0,차대사람 - 횡단중,보행자보호의무위반,포장 - 건조,맑음,교차로 - 교차로안,화물,남,53세,상해없음,보행자,남,66세,중상
10303,2019011300100117,2019년 1월 13일 09시,일요일,서울특별시 중랑구 면목동,경상사고,0,0,1,0,차대사람 - 횡단중,신호위반,포장 - 건조,맑음,교차로 - 교차로횡단보도내,이륜,남,65세,상해없음,보행자,여,52세,경상
10304,2019011300100200,2019년 1월 13일 14시,일요일,서울특별시 구로구 오류동,중상사고,0,1,0,0,차대사람 - 보도통행중,기타,포장 - 건조,맑음,기타 - 기타,자전거,남,47세,상해없음,보행자,여,77세,중상
10305,2019011300100221,2019년 1월 13일 15시,일요일,서울특별시 동대문구 장안동,경상사고,0,0,1,0,차대사람 - 횡단중,보행자보호의무위반,포장 - 건조,맑음,교차로 - 교차로횡단보도내,승용,남,67세,상해없음,보행자,여,20세,경상
10306,2019011300100290,2019년 1월 13일 18시,일요일,서울특별시 종로구 종로3가,중상사고,0,1,0,0,차대사람 - 기타,안전운전불이행,포장 - 건조,맑음,단일로 - 기타,승합,남,59세,상해없음,보행자,남,83세,중상
10307,2019011300100291,2019년 1월 13일 18시,일요일,서울특별시 강북구 수유동,경상사고,0,0,1,0,차대사람 - 차도통행중,안전운전불이행,포장 - 건조,맑음,단일로 - 기타,승용,여,54세,상해없음,보행자,남,60세,경상
10308,2019011300100292,2019년 1월 13일 18시,일요일,서울특별시 동대문구 청량리동,중상사고,0,1,0,0,차대사람 - 차도통행중,안전운전불이행,포장 - 건조,흐림,교차로 - 교차로안,승용,여,52세,상해없음,보행자,남,70세,중상
10309,2019011300100294,2019년 1월 13일 18시,일요일,서울특별시 금천구 독산동,경상사고,0,0,1,0,차대사람 - 기타,안전운전불이행,포장 - 건조,맑음,단일로 - 기타,승용,남,41세,상해없음,보행자,남,55세,경상
10310,2019011300100322,2019년 1월 13일 19시,일요일,서울특별시 구로구 구로동,중상사고,0,1,0,0,차대사람 - 기타,안전운전불이행,포장 - 건조,맑음,기타 - 기타,승합,남,47세,상해없음,보행자,여,49세,중상
10311,2019011300100323,2019년 1월 13일 19시,일요일,서울특별시 강서구 등촌동,중상사고,0,1,0,0,차대사람 - 기타,안전운전불이행,포장 - 건조,맑음,단일로 - 기타,승용,남,59세,상해없음,보행자,남,56세,중상
10312,2019011300100365,2019년 1월 13일 21시,일요일,서울특별시 강북구 미아동,경상사고,0,0,1,0,차대사람 - 기타,안전운전불이행,포장 - 건조,맑음,단일로 - 기타,이륜,남,26세,상해없음,보행자,남,25세,경상
10313,2019011400100024,2019년 1월 14일 00시,월요일,서울특별시 중랑구 면목동,중상사고,0,1,0,0,차대사람 - 횡단중,안전운전불이행,포장 - 건조,맑음,단일로 - 기타,승용,남,49세,상해없음,보행자,여,23세,중상
10314,2019011400100050,2019년 1월 14일 02시,월요일,서울특별시 강북구 수유동,중상사고,0,1,0,0,차대사람 - 횡단중,신호위반,포장 - 건조,맑음,교차로 - 교차로부근,승용,남,73세,상해없음,보행자,남,25세,중상
10315,2019011400100058,2019년 1월 14일 04시,월요일,서울특별시 서대문구 홍제동,중상사고,0,1,0,0,차대사람 - 차도통행중,안전운전불이행,포장 - 건조,맑음,단일로 - 기타,승용,남,50세,상해없음,보행자,여,83세,중상
10316,2019011400100066,2019년 1월 14일 05시,월요일,서울특별시 관악구 신림동,중상사고,0,1,0,0,차대사람 - 횡단중,안전운전불이행,포장 - 건조,맑음,교차로 - 교차로부근,승용,남,56세,상해없음,보행자,여,55세,중상