,사고번호,사고일시,요일,시군구,사고내용,사망자수,중상자수,경상자수,부상신고자수,사고유형,법규위반,노면상태,기상상태,도로형태,가해운전자 차종,가해운전자 성별,가해운전자 연령,가해운전자 상해정도,피해운전자 차종,피해운전자 성별,피해운전자 연령,피해운전자 상해정도
10542,2019012200100298,2019년 1월 22일 13시,화요일,서울특별시 강서구 화곡동,경상사고,0,0,1,0,차대사람 - 기타,안전운전불이행,포장 - 건조,맑음,교차로 - 교차로부근,승용,남,52세,상해없음,보행자,남,58세,경상
10543,2019012200100374,2019년 1월 22일 16시,화요일,서울특별시 강동구 명일동,경상사고,0,0,1,0,차대사람 - 차도통행중,안전운전불이행,포장 - 건조,맑음,단일로 - 기타,승용,여,39세,상해없음,보행자,남,63세,경상
10544,2019012200100404,2019년 1월 22일 17시,화요일,서울특별시 영등포구 여의도동,경상사고,0,0,1,0,차대사람 - 횡단중,보행자보호의무위반,포장 - 건조,맑음,단일로 - 기타,화물,남,50세,상해없음,보행자,남,28세,경상
10545,2019012200100405,2019년 1월 22일 17시,화요일,서울특별시 성동구 금호동2가,중상사고,0,1,0,0,차대사람 - 기타,기타,포장 - 건조,맑음,단일로 - 기타,승용,남,70세,상해없음,보행자,여,9세,중상
10546,2019012200100478,2019년 1월 22일 19시,화요일,서울특별시 동대문구 장안동,중상사고,0,1,0,0,차대사람 - 기타,안전운전불이행,포장 - 건조,맑음,교차로 - 교차로안,승용,여,48세,상해없음,보행자,여,71세,중상
10547,2019012200100512,2019년 1월 22일 20시,화요일,서울특별시 동대문구 휘경동,중상사고,0,1,0,0,차대사람 - 횡단중,보행자보호의무위반,포장 - 건조,맑음,교차로 - 교차로안,승용,남,63세,상해없음,보행자,여,54세,중상
10548,2019012200100516,2019년 1월 22일 20시,화요일,서울특별시 송파구 잠실동,중상사고,0,1,0,0,차대사람 - 차도통행중,안전운전불이행,포장 - 건조,맑음,교차로 - 교차로안,승합,남,50세,상해없음,보행자,남,65세,중상
10549,2019012200100517,2019년 1월 22일 20시,화요일,서울특별시 양천구 신정동,중상사고,0,1,0,0,차대사람 - 횡단중,보행자보호의무위반,포장 - 건조,맑음,단일로 - 기타,승용,남,33세,상해없음,보행자,여,64세,중상
10550,2019012200100518,2019년 1월 22일 20시,화요일,서울특별시 양천구 목동,경상사고,0,0,1,0,차대사람 - 횡단중,보행자보호의무위반,포장 - 건조,맑음,교차로 - 교차로횡단보도내,승용,남,57세,상해없음,보행자,여,57세,경상
10551,2019012200100548,2019년 1월 22일 21시,화요일,서울특별시 서대문구 연희동,중상사고,0,1,0,1,차대사람 - 횡단중,안전운전불이행,포장 - 건조,흐림,단일로 - 기타,원동기,남,19세,부상신고,보행자,여,39세,중상
10552,2019012200100550,2019년 1월 22일 21시,화요일,서울특별시 금천구 시흥동,사망사고,1,0,0,0,차대사람 - 기타,안전운전불이행,포장 - 건조,맑음,교차로 - 교차로안,승용,남,59세,상해없음,보행자,남,61세,사망
10553,2019012200100551,2019년 1월 22일 21시,화요일,서울특별시 성북구 종암동,부상신고사고,0,0,0,1,차대사람 - 횡단중,안전운전불이행,포장 - 건조,맑음,단일로 - 기타,승용,남,59세,상해없음,보행자,남,67세,부상신고
10554,2019012200100567,2019년 1월 22일 22시,화요일,서울특별시 성북구 동선동1가,경상사고,0,0,1,0,차대사람 - 기타,안전운전불이행,포장 - 건조,맑음,단일로 - 기타,승용,남,63세,상해없음,보행자,남,19세,경상
10555,2019012200100568,2019년 1월 22일 22시,화요일,서울특별시 마포구 망원동,경상사고,0,0,1,0,차대사람 - 기타,불법유턴,포장 - 건조,맑음,기타 - 기타,화물,남,55세,상해없음,보행자,여,65세,경상
10556,2019012200100571,2019년 1월 22일 22시,화요일,서울특별시 은평구 불광동,경상사고,0,0,2,0,차대사람 - 기타,안전운전불이행,포장 - 건조,맑음,단일로 - 기타,승용,남,70세,상해없음,보행자,여,35세,경상
10557,2019012300100022,2019년 1월 23일 00시,수요일,서울특별시 중구 충무로4가,중상사고,0,1,0,0,차대사람 - 기타,신호위반,포장 - 건조,맑음,단일로 - 기타,승용,남,56세,상해없음,보행자,남,25세,중상
10558,2019012300100033,2019년 1월 23일 01시,수요일,서울특별시 영등포구 양평동4가,중상사고,0,1,0,0,차대사람 - 횡단중,안전운전불이행,포장 - 건조,맑음,단일로 - 기타,승용,남,66세,상해없음,보행자,남,49세,중상
10559,2019012300100049,2019년 1월 23일 03시,수요일,서울특별시 종로구 명륜1가,사망사고,1,0,0,0,차대사람 - 기타,안전운전불이행,포장 - 건조,맑음,단일로 - 기타,화물,남,47세,상해없음,보행자,남,23세,사망
10560,2019012300100120,2019년 1월 23일 08시,수요일,서울특별시 서대문구 연희동,경상사고,0,0,2,0,차대사람 - 기타,기타,포장 - 건조,맑음,교차로 - 교차로부근,승용,남,36세,상해없음,보행자,남,39세,경상
10561,2019012300100121,2019년 1월 23일 08시,수요일,서울특별시 서대문구 홍제동,중상사고,0,1,0,0,차대사람 - 횡단중,보행자보호의무위반,포장 - 건조,맑음,교차로 - 교차로횡단보도내,승용,남,48세,상해없음,보행자,여,56세,중상
10562,2019012300100164,2019년 1월 23일 09시,수요일,서울특별시 성북구 정릉동,경상사고,0,0,1,0,차대사람 - 횡단중,보행자보호의무위반,포장 - 건조,맑음,단일로 - 기타,승용,여,46세,상해없음,보행자,여,72세,경상
10563,2019012300100166,2019년 1월 23일 09시,수요일,서울특별시 중랑구 중화동,부상신고사고,0,0,0,1,차대사람 - 횡단중,안전운전불이행,포장 - 건조,맑음,단일로 - 기타,승용,여,56세,상해없음,보행자,남,50세,부상신고
10564,2019012300100168,2019년 1월 23일 09시,수요일,서울특별시 양천구 신정동,중상사고,0,1,0,0,차대사람 - 기타,안전운전불이행,포장 - 젖음/습기,맑음,교차로 - 교차로안,이륜,남,31세,상해없음,보행자,여,78세,중상
10565,2019012300100196,2019년 1월 23일 10시,수요일,서울특별시 서초구 반포동,중상사고,0,1,0,0,차대사람 - 횡단중,안전운전불이행,포장 - 건조,맑음,교차로 - 교차로부근,승용,남,65세,상해없음,보행자,여,77세,중상
10566,2019012300100245,2019년 1월 23일 12시,수요일,서울특별시 중랑구 면목동,중상사고,0,1,0,0,차대사람 - 기타,안전운전불이행,포장 - 건조,맑음,단일로 - 기타,승용,여,42세,기타불명,보행자,여,81세,중상
10567,2019012300100247,2019년 1월 23일 12시,수요일,서울특별시 양천구 신정동,중상사고,0,1,0,0,차대사람 - 횡단중,안전운전불이행,포장 - 건조,맑음,교차로 - 교차로안,화물,남,31세,상해없음,보행자,남,53세,중상
10568,2019012300100248,2019년 1월 23일 12시,수요일,서울특별시 도봉구 창동,중상사고,0,1,0,0,차대사람 - 기타,안전운전불이행,포장 - 건조,맑음,교차로 - 교차로부근,승합,남,58세,상해없음,보행자,여,74세,중상
10569,2019012300100274,2019년 1월 23일 13시,수요일,서울특별시 용산구 청파동2가,경상사고,0,0,1,0,차대사람 - 횡단중,신호위반,포장 - 건조,맑음,교차로 - 교차로안,승용,여,72세,상해없음,보행자,여,24세,경상
10570,2019012300100275,2019년 1월 23일 13시,수요일,서울특별시 강남구 대치동,경상사고,0,0,1,0,차대사람 - 길가장자리구역통행중,안전운전불이행,포장 - 건조,맑음,교차로 - 교차로안,승용,여,26세,상해없음,보행자,남,57세,경상
10571,2019012300100295,2019년 1월 23일 14시,수요일,서울특별시 동작구 신대방동,중상사고,0,1,0,0,차대사람 - 횡단중,보행자보호의무위반,포장 - 건조,맑음,교차로 - 교차로횡단보도내,승용,남,63세,상해없음,보행자,남,69세,중상
10572,2019012300100323,2019년 1월 23일 15시,수요일,서울특별시 용산구 남영동,경상사고,0,0,2,0,차대사람 - 횡단중,안전운전불이행,포장 - 건조,맑음,교차로 - 교차로부근,승용,남,40세,상해없음,보행자,여,57세,경상
10573,2019012300100326,2019년 1월 23일 15시,수요일,서울특별시 양천구 목동,경상사고,0,0,1,0,차대사람 - 기타,안전운전불이행,포장 - 건조,맑음,단일로 - 기타,승용,남,77세,상해없음,보행자,여,82세,경상
10574,2019012300100349,2019년 1월 23일 16시,수요일,서울특별시 마포구 서교동,부상신고사고,0,0,0,1,차대사람 - 기타,기타,포장 - 건조,맑음,단일로 - 기타,기타불명,기타불명,미분류,기타불명,보행자,남,23세,부상신고
10575,2019012300100372,2019년 1월 23일 17시,수요일,서울특별시 중랑구 중화동,중상사고,0,1,0,0,차대사람 - 횡단중,안전운전불이행,포장 - 건조,맑음,기타 - 기타,화물,남,27세,상해없음,보행자,여,51세,중상
10576,2019012300100373,2019년 1월 23일 17시,수요일,서울특별시 강서구 가양동,경상사고,0,0,1,0,차대사람 - 횡단중,보행자보호의무위반,포장 - 건조,맑음,기타 - 기타,승용,남,44세,상해없음,보행자,남,26세,경상
10577,2019012300100403,2019년 1월 23일 18시,수요일,서울특별시 영등포구 영등포동7가,경상사고,0,0,1,0,차대사람 - 길가장자리구역통행중,안전운전불이행,포장 - 건조,맑음,단일로 - 기타,승용,남,65세,상해없음,보행자,남,25세,경상
10578,2019012300100404,2019년 1월 23일 18시,수요일,서울특별시 영등포구 여의도동,중상사고,0,1,0,0,차대사람 - 보도통행중,안전운전불이행,포장 - 건조,맑음,단일로 - 기타,건설기계,남,56세,상해없음,보행자,여,53세,중상
10579,2019012300100408,2019년 1월 23일 18시,수요일,서울특별시 서초구 방배동,중상사고,0,1,0,0,차대사람 - 기타,안전운전불이행,포장 - 건조,맑음,교차로 - 교차로안,승용,남,61세,상해없음,보행자,여,81세,중상
10580,2019012300100445,2019년 1월 23일 19시,수요일,서울특별시 서대문구 북아현동,중상사고,0,1,0,0,차대사람 - 횡단중,안전운전불이행,포장 - 건조,맑음,단일로 - 기타,이륜,남,36세,상해없음,보행자,여,71세,중상
10581,2019012300100446,2019년 1월 23일 19시,수요일,서울특별시 영등포구 대림동,중상사고,0,1,0,0,차대사람 - 횡단중,안전운전불이행,포장 - 건조,맑음,교차로 - 교차로안,승용,남,48세,상해없음,보행자,남,10세,중상
10582,2019012300100447,2019년 1월 23일 19시,수요일,서울특별시 관악구 신림동,경상사고,0,0,1,0,차대사람 - 기타,안전운전불이행,포장 - 건조,맑음,기타 - 기타,승용,여,37세,상해없음,보행자,남,83세,경상
10583,2019012300100449,2019년 1월 23일 19시,수요일,서울특별시 강남구 역삼동,경상사고,0,0,1,0,차대사람 - 차도통행중,안전운전불이행,포장 - 건조,맑음,단일로 - 기타,승용,남,61세,상해없음,보행자,여,28세,경상
10584,2019012300100450,2019년 1월 23일 19시,수요일,서울특별시 강동구 암사동,경상사고,0,0,1,0,차대사람 - 횡단중,보행자보호의무위반,포장 - 건조,맑음,교차로 - 교차로횡단보도내,승용,남,48세,상해없음,보행자,여,61세,경상
10585,2019012300100483,2019년 1월 23일 20시,수요일,서울특별시 중구 충무로2가,경상사고,0,0,1,0,차대사람 - 기타,안전운전불이행,포장 - 건조,맑음,단일로 - 기타,승용,남,41세,상해없음,보행자,남,33세,경상
10586,2019012300100504,2019년 1월 23일 21시,수요일,서울특별시 동작구 노량진동,경상사고,0,0,1,0,차대사람 - 횡단중,안전운전불이행,포장 - 건조,맑음,단일로 - 기타,승합,남,50세,상해없음,보행자,여,30세,경상
10587,2019012300100507,2019년 1월 23일 21시,수요일,서울특별시 강동구 성내동,중상사고,0,1,1,0,차대사람 - 차도통행중,안전운전불이행,포장 - 건조,맑음,교차로 - 교차로안,승합,여,65세,상해없음,보행자,여,63세,경상
10588,2019012300100508,2019년 1월 23일 21시,수요일,서울특별시 강동구 상일동,중상사고,0,1,0,0,차대사람 - 횡단중,보행자보호의무위반,포장 - 건조,맑음,교차로 - 교차로횡단보도내,승용,남,31세,상해없음,보행자,남,14세,중상
10589,2019012300100509,2019년 1월 23일 21시,수요일,서울특별시 서초구 서초동,중상사고,0,1,0,0,차대사람 - 기타,안전운전불이행,포장 - 건조,맑음,기타 - 기타,승용,남,29세,기타불명,보행자,남,77세,중상
10590,2019012300100540,2019년 1월 23일 22시,수요일,서울특별시 마포구 연남동,중상사고,0,1,0,0,차대사람 - 횡단중,안전운전불이행,포장 - 젖음/습기,맑음,단일로 - 기타,승용,남,61세,상해없음,보행자,여,25세,중상
10591,2019012300100542,2019년 1월 23일 22시,수요일,서울특별시 관악구 신림동,부상신고사고,0,0,0,1,차대사람 - 기타,안전운전불이행,포장 - 건조,맑음,교차로 - 교차로안,승용,남,54세,상해없음,보행자,여,32세,부상신고
10592,2019012400100021,2019년 1월 24일 00시,목요일,서울특별시 성동구 행당동,사망사고,1,0,0,0,차대사람 - 횡단중,안전운전불이행,포장 - 기타,맑음,단일로 - 기타,승용,남,63세,상해없음,보행자,남,56세,사망
10593,2019012400100035,2019년 1월 24일 01시,목요일,서울특별시 송파구 방이동,부상신고사고,0,0,0,1,차대사람 - 기타,안전운전불이행,포장 - 건조,흐림,단일로 - 기타,승용,남,74세,상해없음,보행자,남,25세,부상신고
10594,2019012400100052,2019년 1월 24일 03시,목요일,서울특별시 강남구 역삼동,중상사고,0,1,0,0,차대사람 - 차도통행중,안전운전불이행,포장 - 건조,맑음,단일로 - 기타,승용,남,36세,상해없음,보행자,남,34세,중상
10595,2019012400100056,2019년 1월 24일 04시,목요일,서울특별시 관악구 봉천동,부상신고사고,0,0,0,1,차대사람 - 횡단중,신호위반,포장 - 건조,맑음,단일로 - 기타,승용,남,52세,상해없음,보행자,여,81세,부상신고
10596,2019012400100057,2019년 1월 24일 04시,목요일,서울특별시 강동구 길동,경상사고,0,0,1,0,차대사람 - 기타,기타,포장 - 건조,맑음,기타 - 기타,승용,남,47세,상해없음,보행자,여,64세,경상
10597,2019012400100059,2019년 1월 24일 05시,목요일,서울특별시 중구 만리동2가,중상사고,0,1,0,0,차대사람 - 차도통행중,안전운전불이행,포장 - 건조,맑음,단일로 - 기타,승용,남,56세,상해없음,보행자,남,64세,중상
10598,2019012400100060,2019년 1월 24일 05시,목요일,서울특별시 관악구 신림동,경상사고,0,0,2,0,차대사람 - 기타,중앙선침범,포장 - 건조,기타,단일로 - 기타,승합,남,52세,경상,보행자,남,68세,경상
10599,2019012400100087,2019년 1월 24일 07시,목요일,서울특별시 서대문구 북가좌동,중상사고,0,1,0,0,차대사람 - 횡단중,안전운전불이행,포장 - 건조,맑음,단일로 - 기타,승용,남,44세,상해없음,보행자,남,51세,중상
10600,2019012400100090,2019년 1월 24일 07시,목요일,서울특별시 서초구 신원동,중상사고,0,1,0,0,차대사람 - 횡단중,신호위반,포장 - 건조,맑음,교차로 - 교차로횡단보도내,화물,남,62세,상해없음,보행자,여,77세,중상
10601,2019012400100202,2019년 1월 24일 11시,목요일,서울특별시 강서구 염창동,경상사고,0,0,1,0,차대사람 - 횡단중,신호위반,포장 - 기타,맑음,단일로 - 기타,승용,남,73세,상해없음,보행자,남,36세,경상
10602,2019012400100203,2019년 1월 24일 11시,목요일,서울특별시 강서구 내발산동,경상사고,0,0,1,0,차대사람 - 보도통행중,보행자보호의무위반,포장 - 건조,맑음,교차로 - 교차로부근,화물,남,50세,상해없음,보행자,남,54세,경상
10603,2019012400100205,2019년 1월 24일 11시,목요일,서울특별시 노원구 공릉동,중상사고,0,1,0,0,차대사람 - 횡단중,보행자보호의무위반,포장 - 건조,맑음,단일로 - 지하차도(도로)내,승용,남,24세,상해없음,보행자,여,39세,중상
10604,2019012400100223,2019년 1월 24일 12시,목요일,서울특별시 강남구 논현동,부상신고사고,0,0,0,1,차대사람 - 보도통행중,안전운전불이행,포장 - 건조,맑음,기타 - 기타,기타불명,기타불명,미분류,기타불명,보행자,여,21세,부상신고
10605,2019012400100224,2019년 1월 24일 12시,목요일,서울특별시 강서구 등촌동,중상사고,0,1,0,0,차대사람 - 기타,보행자보호의무위반,포장 - 건조,맑음,단일로 - 기타,화물,남,63세,상해없음,보행자,남,76세,중상
10606,2019012400100226,2019년 1월 24일 12시,목요일,서울특별시 송파구 마천동,경상사고,0,0,1,0,차대사람 - 차도통행중,안전운전불이행,포장 - 건조,맑음,단일로 - 기타,승용,여,45세,상해없음,보행자,남,49세,경상
10607,2019012400100227,2019년 1월 24일 12시,목요일,서울특별시 송파구 방이동,경상사고,0,0,1,0,차대사람 - 기타,안전운전불이행,포장 - 건조,맑음,기타 - 기타,승용,남,57세,상해없음,보행자,여,75세,경상
10608,2019012400100228,2019년 1월 24일 12시,목요일,서울특별시 서초구 방배동,경상사고,0,0,1,0,차대사람 - 기타,안전운전불이행,포장 - 건조,맑음,단일로 - 기타,이륜,남,38세,상해없음,보행자,남,22세,경상
10609,2019012400100286,2019년 1월 24일 14시,목요일,서울특별시 강남구 대치동,경상사고,0,0,1,1,차대사람 - 기타,안전운전불이행,포장 - 건조,맑음,단일로 - 기타,승용,여,46세,상해없음,보행자,여,56세,경상
10610,2019012400100322,2019년 1월 24일 15시,목요일,서울특별시 강서구 화곡동,경상사고,0,0,1,0,차대사람 - 보도통행중,기타,포장 - 건조,맑음,기타 - 기타,승용,남,26세,상해없음,보행자,여,31세,경상
10611,2019012400100325,2019년 1월 24일 15시,목요일,서울특별시 노원구 상계동,중상사고,0,4,2,0,차대사람 - 횡단중,신호위반,포장 - 건조,맑음,교차로 - 교차로횡단보도내,승용,여,64세,상해없음,보행자,남,16세,경상
10612,2019012400100383,2019년 1월 24일 17시,목요일,서울특별시 동작구 상도동,중상사고,0,1,0,0,차대사람 - 차도통행중,보행자보호의무위반,포장 - 건조,맑음,단일로 - 기타,승용,여,63세,상해없음,보행자,남,9세,중상
10613,2019012400100387,2019년 1월 24일 17시,목요일,서울특별시 강남구 대치동,경상사고,0,0,1,0,차대사람 - 횡단중,안전운전불이행,포장 - 건조,맑음,단일로 - 기타,승용,여,53세,상해없음,보행자,여,25세,경상
10614,2019012400100419,2019년 1월 24일 18시,목요일,서울특별시 성북구 보문동4가,경상사고,0,0,1,0,차대사람 - 차도통행중,신호위반,포장 - 건조,맑음,교차로 - 교차로안,승용,남,32세,상해없음,보행자,남,79세,경상
10615,2019012400100420,2019년 1월 24일 18시,목요일,서울특별시 동작구 사당동,중상사고,0,1,0,0,차대사람 - 차도통행중,안전운전불이행,포장 - 건조,맑음,교차로 - 교차로부근,승용,여,34세,상해없음,보행자,남,49세,중상
10616,2019012400100422,2019년 1월 24일 18시,목요일,서울특별시 관악구 봉천동,경상사고,0,0,1,0,차대사람 - 기타,안전운전불이행,포장 - 건조,맑음,교차로 - 교차로부근,승합,남,60세,상해없음,보행자,여,67세,경상
10617,2019012400100466,2019년 1월 24일 19시,목요일,서울특별시 중구 충무로1가,부상신고사고,0,0,0,1,차대사람 - 기타,안전운전불이행,포장 - 건조,맑음,단일로 - 기타,승용,남,75세,상해없음,보행자,여,49세,부상신고
10618,2019012400100468,2019년 1월 24일 19시,목요일,서울특별시 동작구 노량진동,중상사고,0,1,0,0,차대사람 - 횡단중,안전운전불이행,포장 - 건조,맑음,기타 - 기타,이륜,남,71세,상해없음,보행자,남,83세,중상
10619,2019012400100470,2019년 1월 24일 19시,목요일,서울특별시 송파구 잠실동,경상사고,0,0,1,0,차대사람 - 기타,안전운전불이행,포장 - 건조,맑음,단일로 - 기타,승용,여,43세,상해없음,보행자,남,51세,경상
10620,2019012400100497,2019년 1월 24일 20시,목요일,서울특별시 영등포구 양평동1가,경상사고,0,0,1,0,차대사람 - 기타,보행자보호의무위반,포장 - 건조,맑음,교차로 - 교차로안,승용,남,64세,상해없음,보행자,여,31세,경상
10621,2019012400100498,2019년 1월 24일 20시,목요일,서울특별시 성동구 하왕십리동,중상사고,0,1,0,0,차대사람 - 횡단중,신호위반,포장 - 건조,맑음,단일로 - 기타,승용,남,56세,상해없음,보행자,여,49세,중상
10622,2019012400100528,2019년 1월 24일 21시,목요일,서울특별시 강북구 수유동,경상사고,0,0,1,0,차대사람 - 기타,안전운전불이행,포장 - 건조,맑음,단일로 - 기타,승용,남,60세,상해없음,보행자,여,59세,경상
10623,2019012400100529,2019년 1월 24일 21시,목요일,서울특별시 마포구 신수동,경상사고,0,0,2,0,차대사람 - 기타,안전운전불이행,포장 - 건조,맑음,단일로 - 기타,승용,남,55세,상해없음,보행자,여,45세,경상
10624,2019012400100530,2019년 1월 24일 21시,목요일,서울특별시 중랑구 신내동,경상사고,0,0,1,0,차대사람 - 기타,안전운전불이행,포장 - 건조,맑음,단일로 - 기타,이륜,남,54세,상해없음,보행자,여,1세,경상
10625,2019012400100584,2019년 1월 24일 23시,목요일,서울특별시 도봉구 창동,경상사고,0,0,1,0,차대사람 - 기타,안전운전불이행,포장 - 건조,맑음,단일로 - 기타,기타불명,기타불명,미분류,기타불명,보행자,남,36세,경상
10626,2019012500100020,2019년 1월 25일 00시,금요일,서울특별시 용산구 원효로3가,중상사고,0,1,0,0,차대사람 - 횡단중,안전운전불이행,포장 - 건조,맑음,교차로 - 교차로부근,승용,남,28세,상해없음,보행자,남,55세,중상
10627,2019012500100024,2019년 1월 25일 00시,금요일,서울특별시 금천구 독산동,경상사고,0,0,1,0,차대사람 - 횡단중,보행자보호의무위반,포장 - 건조,맑음,단일로 - 기타,승합,남,70세,상해없음,보행자,남,60세,경상
10628,2019012500100039,2019년 1월 25일 01시,금요일,서울특별시 성동구 상왕십리동,경상사고,0,0,1,0,차대사람 - 기타,안전운전불이행,포장 - 건조,맑음,단일로 - 기타,기타불명,기타불명,미분류,기타불명,보행자,남,67세,경상
10629,2019012500100087,2019년 1월 25일 07시,금요일,서울특별시 금천구 독산동,경상사고,0,0,1,0,차대사람 - 기타,안전운전불이행,포장 - 건조,맑음,단일로 - 지하차도(도로)내,건설기계,남,49세,상해없음,보행자,여,46세,경상
10630,2019012500100103,2019년 1월 25일 08시,금요일,서울특별시 강남구 삼성동,중상사고,0,1,0,0,차대사람 - 횡단중,보행자보호의무위반,포장 - 건조,맑음,단일로 - 기타,승용,남,50세,상해없음,보행자,남,30세,중상
10631,2019012500100104,2019년 1월 25일 08시,금요일,서울특별시 송파구 거여동,경상사고,0,0,1,0,차대사람 - 횡단중,안전운전불이행,포장 - 건조,맑음,교차로 - 교차로횡단보도내,승용,여,57세,상해없음,보행자,남,57세,경상
10632,2019012500100130,2019년 1월 25일 09시,금요일,서울특별시 동대문구 장안동,중상사고,0,1,0,0,차대사람 - 횡단중,안전운전불이행,포장 - 건조,맑음,교차로 - 교차로안,승용,여,37세,상해없음,보행자,남,46세,중상
10633,2019012500100131,2019년 1월 25일 09시,금요일,서울특별시 동대문구 장안동,경상사고,0,0,1,0,차대사람 - 횡단중,보행자보호의무위반,포장 - 건조,맑음,교차로 - 교차로안,승용,여,36세,상해없음,보행자,여,71세,경상
10634,2019012500100181,2019년 1월 25일 11시,금요일,서울특별시 은평구 응암동,중상사고,0,1,0,0,차대사람 - 횡단중,신호위반,포장 - 건조,맑음,교차로 - 교차로안,개인형이동수단(PM),남,48세,상해없음,보행자,여,77세,중상
10635,2019012500100216,2019년 1월 25일 12시,금요일,서울특별시 중랑구 신내동,경상사고,0,0,1,0,차대사람 - 횡단중,안전운전불이행,포장 - 건조,맑음,단일로 - 기타,승용,여,58세,상해없음,보행자,남,8세,경상
10636,2019012500100218,2019년 1월 25일 12시,금요일,서울특별시 송파구 가락동,경상사고,0,0,1,0,차대사람 - 기타,안전운전불이행,포장 - 건조,맑음,단일로 - 기타,승용,여,39세,상해없음,보행자,여,34세,경상
10637,2019012500100237,2019년 1월 25일 13시,금요일,서울특별시 영등포구 영등포동4가,부상신고사고,0,0,0,1,차대사람 - 기타,안전운전불이행,포장 - 건조,맑음,교차로 - 교차로안,승용,남,47세,상해없음,보행자,남,20세,부상신고
10638,2019012500100239,2019년 1월 25일 13시,금요일,서울특별시 서초구 반포동,중상사고,0,1,0,0,차대사람 - 차도통행중,안전운전불이행,포장 - 건조,맑음,기타 - 기타,화물,남,56세,상해없음,보행자,남,16세,중상
10639,2019012500100240,2019년 1월 25일 13시,금요일,서울특별시 노원구 상계동,경상사고,0,0,1,0,차대사람 - 보도통행중,안전운전불이행,포장 - 건조,맑음,주차장 - 주차장,기타불명,기타불명,미분류,기타불명,보행자,남,71세,경상
10640,2019012500100273,2019년 1월 25일 14시,금요일,서울특별시 금천구 독산동,경상사고,0,0,1,0,차대사람 - 차도통행중,안전운전불이행,포장 - 건조,맑음,교차로 - 교차로부근,화물,남,67세,상해없음,보행자,여,12세,경상
10641,2019012500100275,2019년 1월 25일 14시,금요일,서울특별시 노원구 하계동,경상사고,0,0,1,0,차대사람 - 차도통행중,안전운전불이행,포장 - 건조,맑음,단일로 - 기타,화물,남,32세,상해없음,보행자,남,75세,경상
10642,2019012500100308,2019년 1월 25일 15시,금요일,서울특별시 중구 충무로4가,경상사고,0,0,1,0,차대사람 - 횡단중,안전운전불이행,포장 - 건조,맑음,단일로 - 기타,원동기,남,55세,상해없음,보행자,남,54세,경상
10643,2019012500100310,2019년 1월 25일 15시,금요일,서울특별시 중구 회현동1가,중상사고,0,1,0,0,차대사람 - 기타,안전운전불이행,포장 - 건조,맑음,단일로 - 기타,화물,남,63세,상해없음,보행자,남,77세,중상
10644,2019012500100317,2019년 1월 25일 15시,금요일,서울특별시 도봉구 쌍문동,중상사고,0,1,0,0,차대사람 - 횡단중,보행자보호의무위반,포장 - 건조,맑음,교차로 - 교차로횡단보도내,승용,남,60세,상해없음,보행자,여,79세,중상
10645,2019012500100348,2019년 1월 25일 16시,금요일,서울특별시 중랑구 묵동,경상사고,0,0,1,0,차대사람 - 횡단중,보행자보호의무위반,포장 - 건조,맑음,교차로 - 교차로횡단보도내,승용,여,37세,상해없음,보행자,여,65세,경상
10646,2019012500100350,2019년 1월 25일 16시,금요일,서울특별시 구로구 개봉동,경상사고,0,0,1,0,차대사람 - 기타,안전운전불이행,포장 - 건조,맑음,단일로 - 기타,승용,여,27세,상해없음,보행자,여,17세,경상
10647,2019012500100432,2019년 1월 25일 18시,금요일,서울특별시 마포구 서교동,중상사고,0,1,1,0,차대사람 - 기타,안전운전불이행,포장 - 건조,맑음,교차로 - 교차로부근,이륜,남,16세,경상,보행자,여,54세,중상
10648,2019012500100487,2019년 1월 25일 19시,금요일,서울특별시 동대문구 청량리동,경상사고,0,0,1,0,차대사람 - 횡단중,안전운전불이행,포장 - 건조,맑음,단일로 - 기타,이륜,남,43세,상해없음,보행자,여,73세,경상
10649,2019012500100488,2019년 1월 25일 19시,금요일,서울특별시 동대문구 이문동,경상사고,0,0,1,0,차대사람 - 횡단중,보행자보호의무위반,포장 - 건조,맑음,단일로 - 기타,이륜,남,28세,상해없음,보행자,여,50세,경상
10650,2019012500100492,2019년 1월 25일 19시,금요일,서울특별시 강서구 등촌동,중상사고,0,1,0,0,차대사람 - 보도통행중,기타,포장 - 건조,맑음,단일로 - 기타,승용,여,58세,상해없음,보행자,여,70세,중상
10651,2019012500100494,2019년 1월 25일 19시,금요일,서울특별시 노원구 공릉동,경상사고,0,0,1,0,차대사람 - 횡단중,보행자보호의무위반,포장 - 건조,맑음,교차로 - 교차로안,자전거,남,50세,상해없음,보행자,여,68세,경상
10652,2019012500100524,2019년 1월 25일 20시,금요일,서울특별시 마포구 서교동,경상사고,0,0,1,0,차대사람 - 기타,보행자보호의무위반,포장 - 건조,맑음,교차로 - 교차로부근,승용,남,26세,상해없음,보행자,남,36세,경상
10653,2019012500100525,2019년 1월 25일 20시,금요일,서울특별시 중랑구 망우동,경상사고,0,0,1,0,차대사람 - 기타,안전운전불이행,포장 - 건조,맑음,교차로 - 교차로부근,승용,여,27세,상해없음,보행자,여,56세,경상
10654,2019012500100555,2019년 1월 25일 21시,금요일,서울특별시 중랑구 신내동,중상사고,0,2,0,0,차대사람 - 기타,안전거리미확보,포장 - 건조,맑음,단일로 - 기타,이륜,남,46세,중상,보행자,남,56세,중상