,사고번호,사고일시,요일,시군구,사고내용,사망자수,중상자수,경상자수,부상신고자수,사고유형,법규위반,노면상태,기상상태,도로형태,가해운전자 차종,가해운전자 성별,가해운전자 연령,가해운전자 상해정도,피해운전자 차종,피해운전자 성별,피해운전자 연령,피해운전자 상해정도
10993,2019020800100363,2019년 2월 8일 18시,금요일,서울특별시 영등포구 영등포동4가,중상사고,0,1,0,0,차대사람 - 횡단중,안전운전불이행,포장 - 건조,맑음,단일로 - 기타,승용,남,34세,상해없음,보행자,여,51세,중상
10994,2019020800100406,2019년 2월 8일 19시,금요일,서울특별시 양천구 신정동,경상사고,0,0,1,0,차대사람 - 횡단중,신호위반,포장 - 건조,맑음,교차로 - 교차로안,승용,남,56세,상해없음,보행자,여,21세,경상
10995,2019020800100430,2019년 2월 8일 20시,금요일,서울특별시 송파구 거여동,중상사고,0,1,0,0,차대사람 - 기타,안전운전불이행,포장 - 건조,맑음,교차로 - 교차로부근,승용,남,48세,상해없음,보행자,여,57세,중상
10996,2019020800100460,2019년 2월 8일 21시,금요일,서울특별시 노원구 월계동,중상사고,0,1,0,0,차대사람 - 기타,안전운전불이행,포장 - 건조,맑음,기타 - 기타,승용,여,60세,상해없음,보행자,여,25세,중상
10997,2019020800100482,2019년 2월 8일 22시,금요일,서울특별시 서초구 양재동,경상사고,0,0,1,0,차대사람 - 기타,안전운전불이행,포장 - 건조,맑음,단일로 - 기타,승용,남,28세,상해없음,보행자,남,56세,경상
10998,2019020800100484,2019년 2월 8일 22시,금요일,서울특별시 도봉구 방학동,중상사고,0,1,0,0,차대사람 - 기타,안전운전불이행,포장 - 건조,맑음,기타 - 기타,승용,여,45세,상해없음,보행자,남,40세,중상
10999,2019020800100505,2019년 2월 8일 23시,금요일,서울특별시 강남구 논현동,중상사고,0,1,0,0,차대사람 - 횡단중,보행자보호의무위반,포장 - 건조,맑음,단일로 - 기타,승용,남,43세,상해없음,보행자,남,55세,중상
11000,2019020900100058,2019년 2월 9일 03시,토요일,서울특별시 송파구 석촌동,중상사고,0,1,0,2,차대사람 - 보도통행중,기타,포장 - 건조,맑음,단일로 - 기타,승용,남,24세,부상신고,보행자,남,39세,중상
11001,2019020900100063,2019년 2월 9일 04시,토요일,서울특별시 강남구 역삼동,경상사고,0,0,1,0,차대사람 - 기타,안전운전불이행,포장 - 건조,맑음,기타 - 기타,승용,남,28세,상해없음,보행자,여,33세,경상
11002,2019020900100073,2019년 2월 9일 05시,토요일,서울특별시 구로구 구로동,중상사고,0,1,0,0,차대사람 - 차도통행중,안전운전불이행,포장 - 건조,맑음,단일로 - 기타,승용,남,66세,상해없음,보행자,남,28세,중상
11003,2019020900100102,2019년 2월 9일 08시,토요일,서울특별시 은평구 불광동,경상사고,0,0,1,0,차대사람 - 횡단중,안전운전불이행,포장 - 건조,맑음,단일로 - 기타,원동기,남,46세,상해없음,보행자,여,88세,경상
11004,2019020900100118,2019년 2월 9일 09시,토요일,서울특별시 강동구 길동,경상사고,0,0,1,0,차대사람 - 기타,안전운전불이행,포장 - 건조,흐림,단일로 - 기타,승합,남,51세,상해없음,보행자,여,60세,경상
11005,2019020900100141,2019년 2월 9일 10시,토요일,서울특별시 강남구 삼성동,경상사고,0,0,1,0,차대사람 - 기타,안전운전불이행,포장 - 건조,맑음,교차로 - 교차로횡단보도내,승용,남,26세,상해없음,보행자,남,40세,경상
11006,2019020900100156,2019년 2월 9일 11시,토요일,서울특별시 중랑구 중화동,경상사고,0,0,1,0,차대사람 - 차도통행중,안전운전불이행,포장 - 건조,맑음,단일로 - 기타,승용,남,29세,상해없음,보행자,남,29세,경상
11007,2019020900100242,2019년 2월 9일 14시,토요일,서울특별시 강남구 논현동,중상사고,0,1,0,0,차대사람 - 횡단중,안전운전불이행,포장 - 건조,맑음,단일로 - 기타,승용,여,62세,상해없음,보행자,남,22세,중상
11008,2019020900100244,2019년 2월 9일 14시,토요일,서울특별시 구로구 고척동,경상사고,0,0,1,0,차대사람 - 기타,기타,포장 - 건조,맑음,기타 - 기타,승용,남,62세,상해없음,보행자,남,49세,경상
11009,2019020900100310,2019년 2월 9일 17시,토요일,서울특별시 마포구 동교동,경상사고,0,0,1,0,차대사람 - 기타,안전운전불이행,포장 - 건조,맑음,단일로 - 기타,승용,여,24세,기타불명,보행자,여,25세,경상
11010,2019020900100334,2019년 2월 9일 18시,토요일,서울특별시 송파구 문정동,중상사고,0,1,0,0,차대사람 - 기타,안전운전불이행,포장 - 건조,맑음,단일로 - 기타,승용,남,52세,상해없음,보행자,남,71세,중상
11011,2019020900100336,2019년 2월 9일 18시,토요일,서울특별시 노원구 상계동,중상사고,0,1,0,0,차대사람 - 횡단중,중앙선침범,포장 - 건조,맑음,단일로 - 기타,승용,남,38세,상해없음,보행자,남,85세,중상
11012,2019020900100381,2019년 2월 9일 20시,토요일,서울특별시 강북구 미아동,경상사고,0,0,2,0,차대사람 - 기타,안전운전불이행,포장 - 건조,흐림,교차로 - 교차로안,승용,여,50세,상해없음,보행자,남,19세,경상
11013,2019020900100407,2019년 2월 9일 21시,토요일,서울특별시 중구 신당동,중상사고,0,1,0,0,차대사람 - 기타,안전운전불이행,포장 - 건조,맑음,단일로 - 기타,승용,남,63세,상해없음,보행자,남,27세,중상
11014,2019020900100409,2019년 2월 9일 21시,토요일,서울특별시 중랑구 망우동,경상사고,0,0,1,0,차대사람 - 기타,안전운전불이행,포장 - 건조,맑음,단일로 - 기타,승용,남,68세,상해없음,보행자,남,59세,경상
11015,2019020900100410,2019년 2월 9일 21시,토요일,서울특별시 구로구 구로동,경상사고,0,0,1,0,차대사람 - 기타,안전운전불이행,포장 - 건조,맑음,단일로 - 기타,승용,남,61세,상해없음,보행자,여,34세,경상
11016,2019021000100014,2019년 2월 10일 00시,일요일,서울특별시 종로구 종로3가,부상신고사고,0,0,0,1,차대사람 - 기타,안전운전불이행,포장 - 건조,맑음,단일로 - 기타,기타불명,기타불명,미분류,기타불명,보행자,남,54세,부상신고
11017,2019021000100018,2019년 2월 10일 00시,일요일,서울특별시 관악구 봉천동,중상사고,0,1,0,0,차대사람 - 횡단중,안전운전불이행,포장 - 건조,맑음,단일로 - 기타,승용,남,63세,상해없음,보행자,여,22세,중상
11018,2019021000100032,2019년 2월 10일 01시,일요일,서울특별시 은평구 대조동,경상사고,0,0,1,0,차대사람 - 기타,안전운전불이행,포장 - 건조,맑음,교차로 - 교차로안,승용,남,65세,상해없음,보행자,여,51세,경상
11019,2019021000100042,2019년 2월 10일 02시,일요일,서울특별시 영등포구 영등포동4가,경상사고,0,0,1,0,차대사람 - 기타,안전운전불이행,포장 - 건조,맑음,단일로 - 기타,승용,남,59세,상해없음,보행자,남,30세,경상
11020,2019021000100059,2019년 2월 10일 03시,일요일,서울특별시 마포구 서교동,중상사고,0,1,0,0,차대사람 - 기타,안전운전불이행,포장 - 건조,맑음,단일로 - 기타,승용,남,24세,상해없음,보행자,남,39세,중상
11021,2019021000100060,2019년 2월 10일 03시,일요일,서울특별시 강동구 성내동,중상사고,0,1,0,0,차대사람 - 횡단중,안전운전불이행,포장 - 건조,맑음,단일로 - 기타,승용,남,67세,상해없음,보행자,남,27세,중상
11022,2019021000100092,2019년 2월 10일 08시,일요일,서울특별시 성북구 길음동,경상사고,0,0,1,0,차대사람 - 기타,안전운전불이행,포장 - 건조,맑음,교차로 - 교차로부근,승용,남,33세,상해없음,보행자,남,29세,경상
11023,2019021000100100,2019년 2월 10일 09시,일요일,서울특별시 은평구 녹번동,경상사고,0,0,1,0,차대사람 - 보도통행중,안전운전불이행,포장 - 건조,맑음,단일로 - 기타,승용,남,36세,상해없음,보행자,남,7세,경상
11024,2019021000100103,2019년 2월 10일 09시,일요일,서울특별시 동작구 대방동,부상신고사고,0,0,0,1,차대사람 - 횡단중,안전운전불이행,포장 - 건조,맑음,교차로 - 교차로부근,승용,남,26세,상해없음,보행자,남,77세,부상신고
11025,2019021000100140,2019년 2월 10일 12시,일요일,서울특별시 강남구 역삼동,부상신고사고,0,0,0,1,차대사람 - 길가장자리구역통행중,안전운전불이행,포장 - 건조,맑음,단일로 - 기타,승용,여,32세,상해없음,보행자,여,36세,부상신고
11026,2019021000100151,2019년 2월 10일 13시,일요일,서울특별시 중랑구 면목동,경상사고,0,0,1,0,차대사람 - 횡단중,안전운전불이행,포장 - 건조,맑음,교차로 - 교차로부근,승용,남,56세,상해없음,보행자,남,39세,경상
11027,2019021000100278,2019년 2월 10일 19시,일요일,서울특별시 영등포구 영등포동3가,경상사고,0,0,1,0,차대사람 - 횡단중,안전운전불이행,포장 - 건조,맑음,교차로 - 교차로부근,승용,남,29세,상해없음,보행자,여,64세,경상
11028,2019021000100321,2019년 2월 10일 21시,일요일,서울특별시 동대문구 이문동,중상사고,0,1,0,0,차대사람 - 횡단중,신호위반,포장 - 건조,맑음,단일로 - 기타,이륜,남,25세,상해없음,보행자,여,21세,중상
11029,2019021000100322,2019년 2월 10일 21시,일요일,서울특별시 마포구 동교동,경상사고,0,0,1,0,차대사람 - 기타,안전운전불이행,포장 - 건조,맑음,단일로 - 기타,승용,여,23세,기타불명,보행자,남,29세,경상
11030,2019021000100325,2019년 2월 10일 21시,일요일,서울특별시 서초구 양재동,경상사고,0,0,1,0,차대사람 - 기타,보행자보호의무위반,포장 - 건조,맑음,단일로 - 기타,승용,남,68세,상해없음,보행자,남,26세,경상
11031,2019021100100022,2019년 2월 11일 00시,월요일,서울특별시 구로구 구로동,중상사고,0,1,0,0,차대사람 - 횡단중,안전운전불이행,포장 - 건조,맑음,단일로 - 기타,승용,남,63세,상해없음,보행자,남,56세,중상
11032,2019021100100058,2019년 2월 11일 06시,월요일,서울특별시 광진구 중곡동,중상사고,0,1,0,0,차대사람 - 횡단중,안전운전불이행,포장 - 건조,맑음,단일로 - 기타,승합,남,64세,상해없음,보행자,여,81세,중상
11033,2019021100100088,2019년 2월 11일 08시,월요일,서울특별시 동작구 사당동,경상사고,0,0,1,0,차대사람 - 보도통행중,안전운전불이행,포장 - 건조,맑음,단일로 - 기타,승용,여,57세,상해없음,보행자,여,29세,경상
11034,2019021100100089,2019년 2월 11일 08시,월요일,서울특별시 강동구 둔촌동,중상사고,0,1,0,0,차대사람 - 횡단중,안전운전불이행,포장 - 건조,맑음,단일로 - 기타,승용,남,64세,상해없음,보행자,여,80세,중상
11035,2019021100100125,2019년 2월 11일 09시,월요일,서울특별시 관악구 신림동,중상사고,0,1,0,0,차대사람 - 기타,교차로운행방법위반,포장 - 건조,맑음,교차로 - 교차로안,승용,남,31세,상해없음,보행자,여,78세,중상
11036,2019021100100215,2019년 2월 11일 12시,월요일,서울특별시 강동구 둔촌동,경상사고,0,0,1,0,차대사람 - 횡단중,보행자보호의무위반,포장 - 건조,맑음,교차로 - 교차로횡단보도내,승용,여,44세,상해없음,보행자,여,61세,경상
11037,2019021100100292,2019년 2월 11일 15시,월요일,서울특별시 마포구 도화동,중상사고,0,1,0,0,차대사람 - 횡단중,보행자보호의무위반,포장 - 건조,맑음,교차로 - 교차로횡단보도내,승용,남,77세,상해없음,보행자,여,54세,중상
11038,2019021100100298,2019년 2월 11일 15시,월요일,서울특별시 강동구 길동,경상사고,0,0,1,0,차대사람 - 횡단중,안전운전불이행,포장 - 건조,흐림,단일로 - 기타,승용,남,50세,상해없음,보행자,여,52세,경상
11039,2019021100100360,2019년 2월 11일 17시,월요일,서울특별시 강남구 도곡동,경상사고,0,0,1,0,차대사람 - 기타,안전운전불이행,포장 - 건조,맑음,단일로 - 기타,화물,남,26세,상해없음,보행자,여,72세,경상
11040,2019021100100422,2019년 2월 11일 19시,월요일,서울특별시 종로구 부암동,사망사고,1,0,0,0,차대사람 - 차도통행중,안전운전불이행,포장 - 건조,맑음,단일로 - 기타,승용,남,64세,상해없음,보행자,여,90세 이상,사망
11041,2019021100100423,2019년 2월 11일 19시,월요일,서울특별시 마포구 신공덕동,경상사고,0,0,1,0,차대사람 - 보도통행중,기타,포장 - 건조,맑음,기타 - 기타,원동기,남,52세,상해없음,보행자,여,57세,경상
11042,2019021100100466,2019년 2월 11일 20시,월요일,서울특별시 동대문구 용두동,중상사고,0,1,0,0,차대사람 - 기타,안전운전불이행,포장 - 건조,맑음,단일로 - 기타,승합,남,62세,상해없음,보행자,여,77세,중상
11043,2019021100100499,2019년 2월 11일 21시,월요일,서울특별시 양천구 목동,경상사고,0,0,1,0,차대사람 - 기타,보행자보호의무위반,포장 - 건조,맑음,교차로 - 교차로횡단보도내,기타불명,기타불명,미분류,기타불명,보행자,남,37세,경상
11044,2019021100100541,2019년 2월 11일 23시,월요일,서울특별시 성북구 정릉동,경상사고,0,0,1,0,차대사람 - 횡단중,안전운전불이행,포장 - 건조,맑음,단일로 - 기타,승용,남,29세,상해없음,보행자,남,49세,경상
11045,2019021100100542,2019년 2월 11일 23시,월요일,서울특별시 동작구 사당동,경상사고,0,0,1,0,차대사람 - 횡단중,기타,포장 - 건조,맑음,교차로 - 교차로부근,화물,남,65세,상해없음,보행자,남,60세,경상
11046,2019021100100543,2019년 2월 11일 23시,월요일,서울특별시 중랑구 면목동,경상사고,0,0,1,0,차대사람 - 차도통행중,안전운전불이행,포장 - 건조,맑음,교차로 - 교차로안,승용,남,57세,상해없음,보행자,남,50세,경상
11047,2019021200100019,2019년 2월 12일 00시,화요일,서울특별시 노원구 상계동,경상사고,0,0,1,0,차대사람 - 횡단중,안전운전불이행,포장 - 건조,맑음,교차로 - 교차로부근,승용,남,38세,상해없음,보행자,남,27세,경상
11048,2019021200100034,2019년 2월 12일 01시,화요일,서울특별시 서대문구 북가좌동,중상사고,0,1,0,0,차대사람 - 횡단중,안전운전불이행,포장 - 건조,맑음,교차로 - 교차로안,원동기,남,49세,상해없음,보행자,남,56세,중상
11049,2019021200100063,2019년 2월 12일 06시,화요일,서울특별시 동작구 흑석동,경상사고,0,0,1,0,차대사람 - 횡단중,보행자보호의무위반,포장 - 건조,맑음,교차로 - 교차로횡단보도내,승합,남,66세,상해없음,보행자,여,48세,경상
11050,2019021200100076,2019년 2월 12일 07시,화요일,서울특별시 강남구 역삼동,중상사고,0,1,0,0,차대사람 - 보도통행중,안전운전불이행,포장 - 건조,맑음,단일로 - 기타,승용,여,48세,상해없음,보행자,남,26세,중상
11051,2019021200100091,2019년 2월 12일 08시,화요일,서울특별시 종로구 종로5가,경상사고,0,0,1,0,차대사람 - 기타,안전운전불이행,포장 - 건조,맑음,단일로 - 기타,기타불명,기타불명,미분류,기타불명,보행자,남,48세,경상
11052,2019021200100092,2019년 2월 12일 08시,화요일,서울특별시 강북구 미아동,경상사고,0,0,1,0,차대사람 - 횡단중,신호위반,포장 - 건조,맑음,교차로 - 교차로횡단보도내,승용,여,45세,상해없음,보행자,여,10세,경상
11053,2019021200100093,2019년 2월 12일 08시,화요일,서울특별시 영등포구 여의도동,경상사고,0,0,1,0,차대사람 - 기타,안전운전불이행,포장 - 건조,맑음,단일로 - 기타,승용,남,60세,상해없음,보행자,여,24세,경상
11054,2019021200100128,2019년 2월 12일 09시,화요일,서울특별시 강서구 방화동,경상사고,0,0,1,1,차대사람 - 기타,안전운전불이행,포장 - 건조,맑음,단일로 - 기타,승용,여,35세,부상신고,보행자,남,75세,경상
11055,2019021200100172,2019년 2월 12일 10시,화요일,서울특별시 노원구 상계동,중상사고,0,1,0,0,차대사람 - 길가장자리구역통행중,안전운전불이행,포장 - 건조,맑음,단일로 - 기타,승용,여,47세,상해없음,보행자,여,62세,중상
11056,2019021200100252,2019년 2월 12일 13시,화요일,서울특별시 중구 충정로1가,중상사고,0,1,0,0,차대사람 - 횡단중,신호위반,포장 - 건조,맑음,교차로 - 교차로횡단보도내,이륜,남,23세,상해없음,보행자,남,58세,중상
11057,2019021200100254,2019년 2월 12일 13시,화요일,서울특별시 중랑구 신내동,경상사고,0,0,1,0,차대사람 - 기타,안전운전불이행,포장 - 건조,맑음,단일로 - 기타,승용,여,25세,상해없음,보행자,남,19세,경상
11058,2019021200100259,2019년 2월 12일 13시,화요일,서울특별시 강남구 역삼동,경상사고,0,0,1,0,차대사람 - 기타,안전운전불이행,포장 - 건조,맑음,교차로 - 교차로부근,승용,남,47세,상해없음,보행자,남,35세,경상
11059,2019021200100282,2019년 2월 12일 14시,화요일,서울특별시 서대문구 영천동,중상사고,0,1,0,0,차대사람 - 차도통행중,안전운전불이행,포장 - 건조,맑음,단일로 - 기타,화물,남,48세,상해없음,보행자,여,61세,중상
11060,2019021200100285,2019년 2월 12일 14시,화요일,서울특별시 강서구 화곡동,경상사고,0,0,1,0,차대사람 - 횡단중,안전운전불이행,포장 - 건조,맑음,교차로 - 교차로안,승용,남,66세,상해없음,보행자,남,66세,경상
11061,2019021200100328,2019년 2월 12일 16시,화요일,서울특별시 동대문구 장안동,경상사고,0,0,1,0,차대사람 - 기타,안전운전불이행,포장 - 건조,맑음,교차로 - 교차로안,승용,남,71세,상해없음,보행자,남,75세,경상
11062,2019021200100361,2019년 2월 12일 17시,화요일,서울특별시 중구 인현동2가,중상사고,0,1,0,0,차대사람 - 차도통행중,안전운전불이행,포장 - 건조,맑음,단일로 - 기타,승용,남,72세,상해없음,보행자,남,46세,중상
11063,2019021200100364,2019년 2월 12일 17시,화요일,서울특별시 성동구 옥수동,경상사고,0,0,1,0,차대사람 - 기타,안전운전불이행,포장 - 건조,맑음,교차로 - 교차로부근,승용,남,35세,상해없음,보행자,여,26세,경상
11064,2019021200100366,2019년 2월 12일 17시,화요일,서울특별시 서초구 방배동,경상사고,0,0,1,0,차대사람 - 횡단중,신호위반,포장 - 건조,맑음,단일로 - 기타,승용,남,54세,상해없음,보행자,여,44세,경상
11065,2019021200100389,2019년 2월 12일 18시,화요일,서울특별시 용산구 용산동2가,경상사고,0,0,2,0,차대사람 - 기타,안전운전불이행,포장 - 건조,맑음,단일로 - 기타,승용,남,78세,상해없음,보행자,여,23세,경상
11066,2019021200100392,2019년 2월 12일 18시,화요일,서울특별시 동작구 사당동,중상사고,0,1,0,0,차대사람 - 기타,안전운전불이행,포장 - 건조,맑음,단일로 - 기타,승용,여,37세,상해없음,보행자,여,66세,중상
11067,2019021200100394,2019년 2월 12일 18시,화요일,서울특별시 동작구 상도동,경상사고,0,0,1,0,차대사람 - 기타,안전운전불이행,포장 - 건조,맑음,기타 - 기타,승용,남,72세,상해없음,보행자,여,37세,경상
11068,2019021200100400,2019년 2월 12일 18시,화요일,서울특별시 은평구 진관동,경상사고,0,0,1,0,차대사람 - 횡단중,안전운전불이행,포장 - 건조,맑음,교차로 - 교차로안,승용,여,38세,상해없음,보행자,남,77세,경상
11069,2019021200100440,2019년 2월 12일 19시,화요일,서울특별시 송파구 송파동,경상사고,0,0,1,0,차대사람 - 횡단중,안전운전불이행,포장 - 건조,맑음,교차로 - 교차로안,이륜,남,31세,상해없음,보행자,여,25세,경상
11070,2019021200100441,2019년 2월 12일 19시,화요일,서울특별시 서초구 양재동,경상사고,0,0,1,0,차대사람 - 기타,안전운전불이행,포장 - 건조,맑음,단일로 - 기타,승용,여,51세,상해없음,보행자,여,30세,경상
11071,2019021200100484,2019년 2월 12일 21시,화요일,서울특별시 금천구 가산동,경상사고,0,0,1,0,차대사람 - 기타,안전운전불이행,포장 - 건조,맑음,단일로 - 기타,승용,남,22세,상해없음,보행자,남,24세,경상
11072,2019021200100485,2019년 2월 12일 21시,화요일,서울특별시 중랑구 망우동,경상사고,0,0,1,0,차대사람 - 횡단중,안전운전불이행,포장 - 건조,맑음,교차로 - 교차로안,승합,남,49세,상해없음,보행자,남,69세,경상
11073,2019021200100486,2019년 2월 12일 21시,화요일,서울특별시 중랑구 면목동,중상사고,0,1,0,0,차대사람 - 기타,안전운전불이행,포장 - 건조,맑음,교차로 - 교차로부근,승용,남,54세,상해없음,보행자,남,66세,중상
11074,2019021200100504,2019년 2월 12일 22시,화요일,서울특별시 동대문구 장안동,중상사고,0,1,1,0,차대사람 - 기타,안전운전불이행,포장 - 건조,맑음,단일로 - 기타,승용,남,45세,상해없음,보행자,여,25세,경상
11075,2019021300100017,2019년 2월 13일 00시,수요일,서울특별시 광진구 광장동,중상사고,0,1,0,0,차대사람 - 기타,안전운전불이행,포장 - 건조,맑음,교차로 - 교차로횡단보도내,승용,남,59세,상해없음,보행자,남,31세,중상
11076,2019021300100022,2019년 2월 13일 00시,수요일,서울특별시 강동구 명일동,경상사고,0,0,1,0,차대사람 - 기타,안전운전불이행,포장 - 건조,맑음,단일로 - 기타,기타불명,기타불명,미분류,기타불명,보행자,여,18세,경상
11077,2019021300100041,2019년 2월 13일 01시,수요일,서울특별시 은평구 역촌동,경상사고,0,0,1,0,차대사람 - 길가장자리구역통행중,안전운전불이행,포장 - 건조,맑음,교차로 - 교차로안,승용,남,63세,상해없음,보행자,여,55세,경상
11078,2019021300100059,2019년 2월 13일 04시,수요일,서울특별시 강남구 역삼동,사망사고,1,0,0,0,차대사람 - 차도통행중,과속,포장 - 건조,맑음,단일로 - 기타,승용,남,24세,상해없음,보행자,남,62세,사망
11079,2019021300100066,2019년 2월 13일 05시,수요일,서울특별시 중구 태평로1가,중상사고,0,1,0,0,차대사람 - 횡단중,안전운전불이행,포장 - 건조,맑음,단일로 - 기타,승용,남,33세,상해없음,보행자,남,60세,중상
11080,2019021300100068,2019년 2월 13일 05시,수요일,서울특별시 강남구 일원동,경상사고,0,0,1,0,차대사람 - 횡단중,안전운전불이행,포장 - 건조,맑음,교차로 - 교차로횡단보도내,승용,여,53세,상해없음,보행자,남,36세,경상
11081,2019021300100140,2019년 2월 13일 09시,수요일,서울특별시 광진구 구의동,경상사고,0,0,1,0,차대사람 - 기타,안전운전불이행,포장 - 건조,맑음,단일로 - 기타,승용,남,61세,상해없음,보행자,남,69세,경상
11082,2019021300100141,2019년 2월 13일 09시,수요일,서울특별시 성동구 성수동1가,중상사고,0,1,0,0,차대사람 - 기타,신호위반,포장 - 건조,맑음,교차로 - 교차로안,이륜,여,46세,상해없음,보행자,여,89세,중상
11083,2019021300100142,2019년 2월 13일 09시,수요일,서울특별시 중랑구 망우동,중상사고,0,1,0,0,차대사람 - 횡단중,안전운전불이행,포장 - 건조,맑음,기타 - 기타,승용,남,58세,상해없음,보행자,여,77세,중상
11084,2019021300100234,2019년 2월 13일 13시,수요일,서울특별시 은평구 응암동,경상사고,0,0,1,0,차대사람 - 횡단중,안전운전불이행,포장 - 건조,맑음,교차로 - 교차로부근,승용,남,58세,상해없음,보행자,남,18세,경상
11085,2019021300100235,2019년 2월 13일 13시,수요일,서울특별시 강북구 번동,중상사고,0,1,0,0,차대사람 - 기타,안전운전불이행,포장 - 건조,맑음,교차로 - 교차로부근,승용,남,55세,상해없음,보행자,여,52세,중상
11086,2019021300100236,2019년 2월 13일 13시,수요일,서울특별시 강북구 미아동,경상사고,0,0,1,0,차대사람 - 횡단중,신호위반,포장 - 건조,맑음,교차로 - 교차로안,승용,남,51세,상해없음,보행자,여,12세,경상
11087,2019021300100238,2019년 2월 13일 13시,수요일,서울특별시 강동구 암사동,경상사고,0,0,1,0,차대사람 - 기타,불법유턴,포장 - 건조,맑음,교차로 - 교차로부근,승합,남,44세,상해없음,보행자,여,56세,경상
11088,2019021300100241,2019년 2월 13일 13시,수요일,서울특별시 서초구 서초동,경상사고,0,0,1,0,차대사람 - 기타,안전운전불이행,포장 - 건조,맑음,단일로 - 기타,이륜,남,68세,상해없음,보행자,여,70세,경상
11089,2019021300100313,2019년 2월 13일 15시,수요일,서울특별시 중구 신당동,중상사고,0,1,0,0,차대사람 - 기타,신호위반,포장 - 건조,맑음,단일로 - 기타,승용,여,52세,상해없음,보행자,여,70세,중상
11090,2019021300100315,2019년 2월 13일 15시,수요일,서울특별시 강북구 번동,경상사고,0,0,1,0,차대사람 - 횡단중,신호위반,포장 - 건조,흐림,교차로 - 교차로횡단보도내,이륜,남,20세,상해없음,보행자,여,49세,경상
11091,2019021300100318,2019년 2월 13일 15시,수요일,서울특별시 노원구 중계동,경상사고,0,0,1,0,차대사람 - 보도통행중,기타,포장 - 건조,맑음,교차로 - 교차로부근,자전거,여,57세,상해없음,보행자,남,4세,경상
11092,2019021300100345,2019년 2월 13일 16시,수요일,서울특별시 강남구 개포동,부상신고사고,0,0,0,1,차대사람 - 기타,보행자보호의무위반,포장 - 건조,맑음,단일로 - 기타,화물,남,63세,상해없음,보행자,여,10세,부상신고
11093,2019021300100374,2019년 2월 13일 17시,수요일,서울특별시 강북구 번동,경상사고,0,0,1,0,차대사람 - 차도통행중,안전운전불이행,포장 - 건조,맑음,단일로 - 기타,승용,여,39세,상해없음,보행자,남,48세,경상
11094,2019021300100378,2019년 2월 13일 17시,수요일,서울특별시 강서구 공항동,중상사고,0,1,0,0,차대사람 - 횡단중,보행자보호의무위반,포장 - 건조,맑음,단일로 - 기타,원동기,남,52세,상해없음,보행자,여,58세,중상
11095,2019021300100398,2019년 2월 13일 18시,수요일,서울특별시 송파구 가락동,중상사고,0,1,0,0,차대사람 - 기타,안전운전불이행,포장 - 건조,맑음,단일로 - 기타,승용,여,44세,상해없음,보행자,여,71세,중상
11096,2019021300100484,2019년 2월 13일 20시,수요일,서울특별시 성북구 정릉동,경상사고,0,0,1,0,차대사람 - 기타,안전운전불이행,포장 - 건조,맑음,단일로 - 기타,승용,남,46세,상해없음,보행자,여,61세,경상
11097,2019021300100488,2019년 2월 13일 20시,수요일,서울특별시 금천구 시흥동,경상사고,0,0,1,0,차대사람 - 기타,안전운전불이행,포장 - 건조,맑음,단일로 - 기타,승용,남,57세,상해없음,보행자,여,59세,경상
11098,2019021300100490,2019년 2월 13일 20시,수요일,서울특별시 송파구 가락동,경상사고,0,0,1,0,차대사람 - 기타,안전운전불이행,포장 - 건조,맑음,단일로 - 기타,승용,남,57세,상해없음,보행자,남,22세,경상
11099,2019021300100563,2019년 2월 13일 23시,수요일,서울특별시 강남구 역삼동,중상사고,0,1,0,0,차대사람 - 횡단중,안전운전불이행,포장 - 건조,맑음,단일로 - 기타,승용,남,47세,상해없음,보행자,남,34세,중상
11100,2019021300100565,2019년 2월 13일 23시,수요일,서울특별시 강서구 화곡동,중상사고,0,1,0,0,차대사람 - 차도통행중,기타,포장 - 건조,맑음,교차로 - 교차로부근,승용,남,29세,상해없음,보행자,남,55세,중상
11101,2019021300100566,2019년 2월 13일 23시,수요일,서울특별시 노원구 상계동,중상사고,0,1,0,0,차대사람 - 차도통행중,안전운전불이행,포장 - 건조,맑음,교차로 - 교차로안,승용,남,27세,상해없음,보행자,여,27세,중상
11102,2019021400100042,2019년 2월 14일 03시,목요일,서울특별시 마포구 서교동,중상사고,0,1,0,0,차대사람 - 기타,안전운전불이행,포장 - 건조,맑음,기타 - 기타,승용,남,62세,상해없음,보행자,남,25세,중상
11103,2019021400100059,2019년 2월 14일 06시,목요일,서울특별시 양천구 신정동,중상사고,0,1,0,0,차대사람 - 기타,보행자보호의무위반,포장 - 건조,맑음,교차로 - 교차로안,승합,남,60세,상해없음,보행자,여,74세,중상
11104,2019021400100073,2019년 2월 14일 07시,목요일,서울특별시 강동구 둔촌동,경상사고,0,0,1,0,차대사람 - 횡단중,안전운전불이행,포장 - 건조,맑음,교차로 - 교차로안,화물,남,49세,상해없음,보행자,여,70세,경상
11105,2019021400100074,2019년 2월 14일 07시,목요일,서울특별시 양천구 목동,중상사고,0,1,0,0,차대사람 - 기타,신호위반,포장 - 건조,맑음,단일로 - 기타,승합,남,75세,상해없음,보행자,남,56세,중상
11106,2019021400100075,2019년 2월 14일 07시,목요일,서울특별시 노원구 하계동,경상사고,0,0,1,0,차대사람 - 차도통행중,안전운전불이행,포장 - 건조,맑음,단일로 - 고가도로위,승용,남,56세,상해없음,보행자,여,28세,경상