,사고번호,사고일시,요일,시군구,사고내용,사망자수,중상자수,경상자수,부상신고자수,사고유형,법규위반,노면상태,기상상태,도로형태,가해운전자 차종,가해운전자 성별,가해운전자 연령,가해운전자 상해정도,피해운전자 차종,피해운전자 성별,피해운전자 연령,피해운전자 상해정도
11444,2019022700100018,2019년 2월 27일 00시,수요일,서울특별시 구로구 구로동,경상사고,0,0,1,0,차대사람 - 기타,안전운전불이행,포장 - 건조,맑음,교차로 - 교차로안,승용,남,70세,상해없음,보행자,남,45세,경상
11445,2019022700100083,2019년 2월 27일 07시,수요일,서울특별시 종로구 창신동,경상사고,0,0,1,0,차대사람 - 길가장자리구역통행중,안전운전불이행,포장 - 건조,맑음,단일로 - 기타,승용,남,62세,상해없음,보행자,여,57세,경상
11446,2019022700100152,2019년 2월 27일 10시,수요일,서울특별시 중랑구 면목동,중상사고,0,1,0,0,차대사람 - 차도통행중,안전운전불이행,포장 - 건조,맑음,교차로 - 교차로부근,승용,여,40세,상해없음,보행자,여,26세,중상
11447,2019022700100155,2019년 2월 27일 10시,수요일,서울특별시 성북구 종암동,중상사고,0,1,0,0,차대사람 - 차도통행중,신호위반,포장 - 건조,맑음,교차로 - 교차로부근,이륜,남,59세,상해없음,보행자,여,41세,중상
11448,2019022700100156,2019년 2월 27일 10시,수요일,서울특별시 양천구 신정동,중상사고,0,1,0,0,차대사람 - 기타,안전운전불이행,포장 - 건조,맑음,기타 - 기타,승용,남,65세,상해없음,보행자,남,90세 이상,중상
11449,2019022700100189,2019년 2월 27일 11시,수요일,서울특별시 강북구 번동,경상사고,0,0,1,0,차대사람 - 보도통행중,기타,포장 - 건조,맑음,기타 - 기타,화물,남,51세,상해없음,보행자,여,67세,경상
11450,2019022700100218,2019년 2월 27일 12시,수요일,서울특별시 중랑구 면목동,부상신고사고,0,0,0,1,차대사람 - 기타,안전운전불이행,포장 - 건조,맑음,단일로 - 기타,기타불명,기타불명,미분류,기타불명,보행자,여,49세,부상신고
11451,2019022700100220,2019년 2월 27일 12시,수요일,서울특별시 강남구 역삼동,경상사고,0,0,1,0,차대사람 - 기타,안전운전불이행,포장 - 건조,맑음,교차로 - 교차로부근,승용,여,52세,상해없음,보행자,남,33세,경상
11452,2019022700100245,2019년 2월 27일 13시,수요일,서울특별시 중구 을지로2가,경상사고,0,0,1,0,차대사람 - 기타,안전운전불이행,포장 - 건조,맑음,단일로 - 기타,승용,여,79세,상해없음,보행자,여,31세,경상
11453,2019022700100274,2019년 2월 27일 14시,수요일,서울특별시 종로구 창신동,경상사고,0,0,1,0,차대사람 - 길가장자리구역통행중,안전운전불이행,포장 - 건조,맑음,단일로 - 기타,승용,여,47세,상해없음,보행자,여,23세,경상
11454,2019022700100275,2019년 2월 27일 14시,수요일,서울특별시 강북구 수유동,경상사고,0,0,1,0,차대사람 - 차도통행중,불법유턴,포장 - 건조,맑음,교차로 - 교차로부근,승용,남,25세,상해없음,보행자,여,90세 이상,경상
11455,2019022700100336,2019년 2월 27일 16시,수요일,서울특별시 구로구 구로동,경상사고,0,0,1,0,차대사람 - 기타,보행자보호의무위반,포장 - 건조,맑음,교차로 - 교차로횡단보도내,승용,남,49세,상해없음,보행자,남,32세,경상
11456,2019022700100402,2019년 2월 27일 18시,수요일,서울특별시 종로구 청진동,경상사고,0,0,1,0,차대사람 - 횡단중,안전운전불이행,포장 - 건조,맑음,단일로 - 기타,승용,남,61세,상해없음,보행자,여,28세,경상
11457,2019022700100403,2019년 2월 27일 18시,수요일,서울특별시 관악구 신림동,경상사고,0,0,1,0,차대사람 - 횡단중,보행자보호의무위반,포장 - 건조,맑음,교차로 - 교차로부근,승용,여,46세,상해없음,보행자,남,67세,경상
11458,2019022700100404,2019년 2월 27일 18시,수요일,서울특별시 강남구 역삼동,경상사고,0,0,1,0,차대사람 - 횡단중,보행자보호의무위반,포장 - 건조,맑음,단일로 - 기타,승용,여,26세,상해없음,보행자,여,57세,경상
11459,2019022700100406,2019년 2월 27일 18시,수요일,서울특별시 송파구 송파동,경상사고,0,0,1,0,차대사람 - 횡단중,안전운전불이행,포장 - 건조,맑음,단일로 - 기타,자전거,남,59세,상해없음,보행자,남,29세,경상
11460,2019022700100409,2019년 2월 27일 18시,수요일,서울특별시 노원구 월계동,경상사고,0,0,1,0,차대사람 - 길가장자리구역통행중,안전운전불이행,포장 - 건조,맑음,단일로 - 고가도로위,승용,여,55세,상해없음,보행자,남,25세,경상
11461,2019022700100410,2019년 2월 27일 18시,수요일,서울특별시 은평구 대조동,중상사고,0,1,0,0,차대사람 - 보도통행중,기타,포장 - 건조,맑음,기타 - 기타,자전거,남,60세,상해없음,보행자,여,5세,중상
11462,2019022700100454,2019년 2월 27일 19시,수요일,서울특별시 금천구 가산동,중상사고,0,1,0,0,차대사람 - 보도통행중,안전운전불이행,포장 - 건조,맑음,단일로 - 기타,승용,남,26세,상해없음,보행자,남,39세,중상
11463,2019022700100457,2019년 2월 27일 19시,수요일,서울특별시 서초구 서초동,중상사고,0,1,0,0,차대사람 - 기타,안전운전불이행,포장 - 건조,맑음,교차로 - 교차로부근,승용,여,61세,상해없음,보행자,남,78세,중상
11464,2019022700100541,2019년 2월 27일 22시,수요일,서울특별시 중랑구 면목동,중상사고,0,1,0,0,차대사람 - 횡단중,중앙선침범,포장 - 건조,맑음,단일로 - 기타,이륜,남,33세,상해없음,보행자,여,26세,중상
11465,2019022700100557,2019년 2월 27일 23시,수요일,서울특별시 중구 장충동2가,중상사고,0,1,0,0,차대사람 - 횡단중,안전운전불이행,포장 - 건조,맑음,교차로 - 교차로횡단보도내,원동기,남,40세,상해없음,보행자,여,22세,중상
11466,2019022800100044,2019년 2월 28일 01시,목요일,서울특별시 송파구 방이동,경상사고,0,0,1,0,차대사람 - 차도통행중,안전운전불이행,포장 - 건조,맑음,단일로 - 기타,승용,남,48세,상해없음,보행자,남,34세,경상
11467,2019022800100146,2019년 2월 28일 09시,목요일,서울특별시 구로구 오류동,경상사고,0,0,1,0,차대사람 - 기타,보행자보호의무위반,포장 - 건조,맑음,교차로 - 교차로횡단보도내,승용,남,48세,상해없음,보행자,여,23세,경상
11468,2019022800100169,2019년 2월 28일 10시,목요일,서울특별시 구로구 고척동,경상사고,0,0,1,0,차대사람 - 기타,보행자보호의무위반,포장 - 건조,맑음,교차로 - 교차로횡단보도내,승용,남,54세,상해없음,보행자,여,46세,경상
11469,2019022800100226,2019년 2월 28일 12시,목요일,서울특별시 마포구 상암동,경상사고,0,0,1,0,차대사람 - 기타,안전운전불이행,포장 - 건조,맑음,기타 - 기타,승용,여,48세,상해없음,보행자,여,31세,경상
11470,2019022800100227,2019년 2월 28일 12시,목요일,서울특별시 중랑구 신내동,경상사고,0,0,1,0,차대사람 - 기타,안전운전불이행,포장 - 건조,맑음,단일로 - 기타,승용,여,65세,상해없음,보행자,여,64세,경상
11471,2019022800100274,2019년 2월 28일 13시,목요일,서울특별시 금천구 독산동,중상사고,0,1,0,0,차대사람 - 차도통행중,안전운전불이행,포장 - 건조,맑음,교차로 - 교차로부근,승용,남,63세,상해없음,보행자,여,63세,중상
11472,2019022800100302,2019년 2월 28일 14시,목요일,서울특별시 성북구 하월곡동,중상사고,0,1,0,0,차대사람 - 기타,안전운전불이행,포장 - 건조,맑음,단일로 - 기타,승용,여,61세,상해없음,보행자,남,40세,중상
11473,2019022800100373,2019년 2월 28일 16시,목요일,서울특별시 강동구 길동,경상사고,0,0,1,0,차대사람 - 기타,안전운전불이행,포장 - 건조,맑음,교차로 - 교차로안,이륜,남,27세,상해없음,보행자,여,66세,경상
11474,2019022800100403,2019년 2월 28일 17시,목요일,서울특별시 강북구 수유동,중상사고,0,1,0,0,차대사람 - 길가장자리구역통행중,안전운전불이행,포장 - 건조,흐림,단일로 - 기타,화물,남,36세,상해없음,보행자,여,85세,중상
11475,2019022800100405,2019년 2월 28일 17시,목요일,서울특별시 강북구 번동,경상사고,0,0,1,0,차대사람 - 횡단중,보행자보호의무위반,포장 - 건조,흐림,교차로 - 교차로횡단보도내,승용,남,55세,상해없음,보행자,여,9세,경상
11476,2019022800100483,2019년 2월 28일 19시,목요일,서울특별시 마포구 도화동,중상사고,0,1,0,0,차대사람 - 보도통행중,안전운전불이행,포장 - 건조,맑음,기타 - 기타,승용,여,46세,상해없음,보행자,남,48세,중상
11477,2019022800100486,2019년 2월 28일 19시,목요일,서울특별시 송파구 오금동,경상사고,0,0,1,0,차대사람 - 보도통행중,보행자보호의무위반,포장 - 건조,맑음,교차로 - 교차로부근,승용,남,21세,상해없음,보행자,남,23세,경상
11478,2019022800100488,2019년 2월 28일 19시,목요일,서울특별시 도봉구 쌍문동,중상사고,0,1,0,0,차대사람 - 횡단중,신호위반,포장 - 건조,맑음,단일로 - 기타,승용,여,53세,상해없음,보행자,여,53세,중상
11479,2019022800100533,2019년 2월 28일 20시,목요일,서울특별시 마포구 성산동,중상사고,0,1,0,0,차대사람 - 차도통행중,안전운전불이행,포장 - 건조,맑음,기타 - 기타,자전거,남,76세,상해없음,보행자,여,68세,중상
11480,2019022800100534,2019년 2월 28일 20시,목요일,서울특별시 금천구 시흥동,중상사고,0,1,0,0,차대사람 - 기타,안전운전불이행,포장 - 건조,맑음,단일로 - 기타,이륜,남,17세,상해없음,보행자,여,83세,중상
11481,2019022800100538,2019년 2월 28일 20시,목요일,서울특별시 강서구 공항동,경상사고,0,0,1,0,차대사람 - 보도통행중,안전운전불이행,포장 - 건조,맑음,단일로 - 기타,기타불명,기타불명,미분류,기타불명,보행자,남,60세,경상
11482,2019022800100572,2019년 2월 28일 21시,목요일,서울특별시 노원구 상계동,경상사고,0,0,1,0,차대사람 - 기타,안전운전불이행,포장 - 건조,맑음,단일로 - 기타,승용,남,37세,상해없음,보행자,남,57세,경상
11483,2019022800100595,2019년 2월 28일 22시,목요일,서울특별시 강동구 길동,경상사고,0,0,1,0,차대사람 - 횡단중,보행자보호의무위반,포장 - 건조,맑음,교차로 - 교차로횡단보도내,승용,여,64세,상해없음,보행자,여,54세,경상
11484,2019022800100597,2019년 2월 28일 22시,목요일,서울특별시 서초구 서초동,중상사고,0,1,0,0,차대사람 - 기타,안전운전불이행,포장 - 건조,맑음,기타 - 기타,승용,남,30세,상해없음,보행자,남,40세,중상
11485,2019030100100027,2019년 3월 1일 00시,금요일,서울특별시 종로구 당주동,경상사고,0,0,1,0,차대사람 - 차도통행중,안전운전불이행,포장 - 건조,맑음,교차로 - 교차로안,승용,남,57세,상해없음,보행자,남,48세,경상
11486,2019030100100031,2019년 3월 1일 00시,금요일,서울특별시 영등포구 양평동6가,사망사고,1,0,0,0,차대사람 - 기타,안전운전불이행,포장 - 건조,맑음,단일로 - 기타,화물,남,36세,상해없음,보행자,남,56세,사망
11487,2019030100100032,2019년 3월 1일 00시,금요일,서울특별시 영등포구 문래동3가,경상사고,0,0,1,0,차대사람 - 기타,기타,포장 - 건조,흐림,단일로 - 기타,기타불명,기타불명,미분류,기타불명,보행자,여,24세,경상
11488,2019030100100037,2019년 3월 1일 00시,금요일,서울특별시 강서구 화곡동,중상사고,0,1,0,0,차대사람 - 보도통행중,안전운전불이행,포장 - 건조,맑음,단일로 - 기타,승용,남,30세,상해없음,보행자,남,26세,중상
11489,2019030100100053,2019년 3월 1일 01시,금요일,서울특별시 강남구 삼성동,중상사고,0,1,0,0,차대사람 - 횡단중,안전운전불이행,포장 - 건조,맑음,단일로 - 기타,승용,남,66세,상해없음,보행자,남,37세,중상
11490,2019030100100085,2019년 3월 1일 04시,금요일,서울특별시 금천구 독산동,경상사고,0,0,1,0,차대사람 - 기타,안전운전불이행,포장 - 건조,맑음,단일로 - 기타,승용,남,26세,상해없음,보행자,남,51세,경상
11491,2019030100100143,2019년 3월 1일 09시,금요일,서울특별시 종로구 관훈동,경상사고,0,0,1,0,차대사람 - 길가장자리구역통행중,안전운전불이행,포장 - 건조,맑음,단일로 - 기타,승용,남,61세,상해없음,보행자,여,26세,경상
11492,2019030100100177,2019년 3월 1일 11시,금요일,서울특별시 강남구 역삼동,경상사고,0,0,1,0,차대사람 - 길가장자리구역통행중,안전운전불이행,포장 - 건조,맑음,단일로 - 기타,승용,남,58세,상해없음,보행자,여,27세,경상
11493,2019030100100202,2019년 3월 1일 12시,금요일,서울특별시 동작구 사당동,중상사고,0,1,0,0,차대사람 - 기타,안전운전불이행,포장 - 건조,맑음,단일로 - 기타,승용,여,50세,상해없음,보행자,여,32세,중상
11494,2019030100100221,2019년 3월 1일 13시,금요일,서울특별시 은평구 수색동,부상신고사고,0,0,0,1,차대사람 - 횡단중,기타,포장 - 건조,맑음,단일로 - 기타,승합,남,60세,상해없음,보행자,여,83세,부상신고
11495,2019030100100227,2019년 3월 1일 13시,금요일,서울특별시 은평구 불광동,경상사고,0,0,1,0,차대사람 - 횡단중,안전운전불이행,포장 - 건조,맑음,교차로 - 교차로부근,승합,남,57세,상해없음,보행자,남,36세,상해없음
11496,2019030100100228,2019년 3월 1일 13시,금요일,서울특별시 은평구 진관동,중상사고,0,1,0,0,차대사람 - 기타,안전운전불이행,포장 - 건조,맑음,교차로 - 교차로부근,승합,남,47세,기타불명,보행자,여,71세,중상
11497,2019030100100251,2019년 3월 1일 14시,금요일,서울특별시 송파구 신천동,경상사고,0,0,1,0,차대사람 - 기타,안전운전불이행,포장 - 건조,맑음,단일로 - 기타,승용,남,27세,상해없음,보행자,남,37세,경상
11498,2019030100100253,2019년 3월 1일 14시,금요일,서울특별시 노원구 월계동,부상신고사고,0,0,0,1,차대사람 - 기타,안전운전불이행,포장 - 건조,맑음,기타 - 기타,자전거,남,11세,기타불명,보행자,여,32세,부상신고
11499,2019030100100393,2019년 3월 1일 19시,금요일,서울특별시 강북구 미아동,경상사고,0,0,1,0,차대사람 - 기타,보행자보호의무위반,포장 - 건조,맑음,교차로 - 교차로횡단보도내,승용,남,29세,상해없음,보행자,남,53세,경상
11500,2019030100100426,2019년 3월 1일 20시,금요일,서울특별시 금천구 시흥동,경상사고,0,0,1,0,차대사람 - 기타,기타,포장 - 건조,맑음,교차로 - 교차로부근,승용,남,25세,상해없음,보행자,남,64세,경상
11501,2019030100100485,2019년 3월 1일 23시,금요일,서울특별시 관악구 신림동,경상사고,0,0,1,0,차대사람 - 횡단중,안전운전불이행,포장 - 건조,맑음,교차로 - 교차로안,승용,남,67세,상해없음,보행자,여,27세,경상
11502,2019030200100071,2019년 3월 2일 06시,토요일,서울특별시 강북구 번동,경상사고,0,0,1,0,차대사람 - 기타,보행자보호의무위반,포장 - 건조,맑음,단일로 - 기타,승용,남,58세,상해없음,보행자,남,35세,경상
11503,2019030200100084,2019년 3월 2일 07시,토요일,서울특별시 송파구 가락동,경상사고,0,0,1,0,차대사람 - 차도통행중,안전운전불이행,포장 - 건조,맑음,주차장 - 주차장,화물,남,60세,상해없음,보행자,남,40세,경상
11504,2019030200100143,2019년 3월 2일 11시,토요일,서울특별시 관악구 신림동,경상사고,0,0,1,0,차대사람 - 횡단중,보행자보호의무위반,포장 - 건조,맑음,교차로 - 교차로횡단보도내,화물,남,60세,상해없음,보행자,여,49세,경상
11505,2019030200100257,2019년 3월 2일 15시,토요일,서울특별시 노원구 공릉동,경상사고,0,0,1,0,차대사람 - 차도통행중,안전운전불이행,포장 - 건조,맑음,단일로 - 기타,승용,남,36세,상해없음,보행자,남,22세,경상
11506,2019030200100258,2019년 3월 2일 15시,토요일,서울특별시 은평구 갈현동,중상사고,0,1,0,0,차대사람 - 차도통행중,불법유턴,포장 - 건조,기타,단일로 - 기타,승용,남,54세,상해없음,보행자,여,76세,중상
11507,2019030200100312,2019년 3월 2일 17시,토요일,서울특별시 동작구 사당동,경상사고,0,0,1,0,차대사람 - 차도통행중,안전운전불이행,포장 - 건조,맑음,단일로 - 기타,승용,남,40세,상해없음,보행자,남,59세,경상
11508,2019030200100313,2019년 3월 2일 17시,토요일,서울특별시 동작구 노량진동,경상사고,0,0,1,0,차대사람 - 기타,안전운전불이행,포장 - 건조,맑음,단일로 - 기타,승용,여,63세,상해없음,보행자,남,24세,경상
11509,2019030200100384,2019년 3월 2일 19시,토요일,서울특별시 영등포구 영등포동4가,경상사고,0,0,1,0,차대사람 - 기타,안전운전불이행,포장 - 건조,맑음,단일로 - 기타,승용,남,71세,상해없음,보행자,남,60세,경상
11510,2019030200100420,2019년 3월 2일 20시,토요일,서울특별시 마포구 동교동,경상사고,0,0,1,0,차대사람 - 기타,안전운전불이행,포장 - 건조,기타,단일로 - 기타,승합,남,71세,상해없음,보행자,남,27세,경상
11511,2019030200100422,2019년 3월 2일 20시,토요일,서울특별시 성동구 하왕십리동,경상사고,0,0,1,0,차대사람 - 횡단중,안전운전불이행,포장 - 건조,맑음,단일로 - 기타,승용,남,39세,상해없음,보행자,남,62세,경상
11512,2019030200100424,2019년 3월 2일 20시,토요일,서울특별시 성북구 장위동,중상사고,0,1,0,0,차대사람 - 횡단중,중앙선침범,포장 - 건조,맑음,단일로 - 기타,승용,남,62세,상해없음,보행자,여,64세,중상
11513,2019030300100015,2019년 3월 3일 00시,일요일,서울특별시 용산구 보광동,중상사고,0,1,1,0,차대사람 - 횡단중,보행자보호의무위반,포장 - 건조,맑음,교차로 - 교차로횡단보도내,이륜,남,28세,상해없음,보행자,여,26세,중상
11514,2019030300100016,2019년 3월 3일 00시,일요일,서울특별시 동작구 상도동,중상사고,0,1,0,0,차대사람 - 횡단중,안전운전불이행,포장 - 건조,맑음,교차로 - 교차로안,승용,남,36세,상해없음,보행자,남,29세,중상
11515,2019030300100017,2019년 3월 3일 00시,일요일,서울특별시 관악구 신림동,경상사고,0,0,1,0,차대사람 - 기타,안전운전불이행,포장 - 건조,기타,단일로 - 기타,승용,남,57세,상해없음,보행자,남,39세,경상
11516,2019030300100062,2019년 3월 3일 04시,일요일,서울특별시 마포구 서교동,경상사고,0,0,1,0,차대사람 - 기타,안전운전불이행,포장 - 건조,맑음,단일로 - 기타,승용,남,62세,상해없음,보행자,남,23세,경상
11517,2019030300100064,2019년 3월 3일 04시,일요일,서울특별시 강동구 천호동,중상사고,0,1,0,0,차대사람 - 길가장자리구역통행중,기타,포장 - 건조,맑음,교차로 - 교차로부근,승용,남,48세,상해없음,보행자,여,36세,중상
11518,2019030300100085,2019년 3월 3일 08시,일요일,서울특별시 은평구 응암동,경상사고,0,0,2,0,차대사람 - 기타,안전운전불이행,포장 - 건조,맑음,단일로 - 기타,승용,남,30세,상해없음,보행자,여,32세,경상
11519,2019030300100100,2019년 3월 3일 10시,일요일,서울특별시 동작구 노량진동,중상사고,0,1,0,0,차대사람 - 횡단중,안전운전불이행,포장 - 건조,맑음,단일로 - 기타,승용,남,29세,상해없음,보행자,여,61세,중상
11520,2019030300100101,2019년 3월 3일 10시,일요일,서울특별시 중랑구 면목동,중상사고,0,1,0,0,차대사람 - 길가장자리구역통행중,안전운전불이행,포장 - 건조,맑음,교차로 - 교차로안,화물,남,45세,상해없음,보행자,여,74세,중상
11521,2019030300100115,2019년 3월 3일 11시,일요일,서울특별시 금천구 가산동,중상사고,0,1,0,0,차대사람 - 기타,안전운전불이행,포장 - 건조,맑음,단일로 - 기타,승용,남,50세,상해없음,보행자,여,38세,중상
11522,2019030300100212,2019년 3월 3일 15시,일요일,서울특별시 동작구 상도동,경상사고,0,0,1,0,차대사람 - 기타,안전운전불이행,포장 - 건조,맑음,단일로 - 기타,이륜,남,41세,상해없음,보행자,여,18세,경상
11523,2019030300100267,2019년 3월 3일 18시,일요일,서울특별시 은평구 응암동,중상사고,0,1,0,0,차대사람 - 차도통행중,안전운전불이행,포장 - 건조,맑음,단일로 - 기타,승용,남,42세,상해없음,보행자,여,65세,중상
11524,2019030300100268,2019년 3월 3일 18시,일요일,서울특별시 구로구 신도림동,중상사고,0,1,0,0,차대사람 - 차도통행중,안전운전불이행,포장 - 건조,맑음,단일로 - 기타,승용,남,38세,상해없음,보행자,남,57세,중상
11525,2019030300100292,2019년 3월 3일 19시,일요일,서울특별시 용산구 갈월동,중상사고,0,1,0,0,차대사람 - 기타,안전운전불이행,포장 - 건조,맑음,단일로 - 기타,승용,여,72세,상해없음,보행자,남,70세,중상
11526,2019030300100331,2019년 3월 3일 20시,일요일,서울특별시 구로구 구로동,경상사고,0,0,1,0,차대사람 - 횡단중,안전운전불이행,포장 - 건조,맑음,교차로 - 교차로안,승용,남,30세,상해없음,보행자,남,26세,경상
11527,2019030300100350,2019년 3월 3일 21시,일요일,서울특별시 강동구 천호동,경상사고,0,0,1,0,차대사람 - 횡단중,안전운전불이행,포장 - 건조,맑음,단일로 - 기타,원동기,남,21세,상해없음,보행자,남,51세,경상
11528,2019030300100367,2019년 3월 3일 22시,일요일,서울특별시 은평구 녹번동,중상사고,0,1,0,0,차대사람 - 기타,안전운전불이행,포장 - 건조,맑음,교차로 - 교차로부근,승용,남,47세,상해없음,보행자,남,55세,중상
11529,2019030400100028,2019년 3월 4일 01시,월요일,서울특별시 송파구 오금동,경상사고,0,0,1,0,차대사람 - 기타,안전운전불이행,포장 - 건조,맑음,교차로 - 교차로부근,화물,남,39세,상해없음,보행자,남,59세,경상
11530,2019030400100039,2019년 3월 4일 05시,월요일,서울특별시 강북구 수유동,중상사고,0,1,0,0,차대사람 - 기타,안전운전불이행,포장 - 건조,맑음,단일로 - 기타,승용,남,33세,상해없음,보행자,남,51세,중상
11531,2019030400100041,2019년 3월 4일 05시,월요일,서울특별시 강서구 방화동,경상사고,0,0,1,0,차대사람 - 차도통행중,안전운전불이행,포장 - 건조,흐림,단일로 - 기타,승용,남,56세,상해없음,보행자,남,42세,경상
11532,2019030400100081,2019년 3월 4일 08시,월요일,서울특별시 강북구 수유동,경상사고,0,0,1,0,차대사람 - 기타,안전운전불이행,포장 - 건조,맑음,교차로 - 교차로안,승용,남,44세,상해없음,보행자,남,36세,경상
11533,2019030400100182,2019년 3월 4일 12시,월요일,서울특별시 강북구 미아동,중상사고,0,1,0,0,차대사람 - 횡단중,보행자보호의무위반,포장 - 건조,맑음,단일로 - 기타,자전거,남,14세,상해없음,보행자,여,72세,중상
11534,2019030400100185,2019년 3월 4일 12시,월요일,서울특별시 동작구 대방동,경상사고,0,0,1,0,차대사람 - 보도통행중,보행자보호의무위반,포장 - 건조,맑음,기타 - 기타,이륜,여,46세,상해없음,보행자,남,60세,경상
11535,2019030400100216,2019년 3월 4일 13시,월요일,서울특별시 강남구 대치동,중상사고,0,1,0,0,차대사람 - 횡단중,보행자보호의무위반,포장 - 건조,맑음,단일로 - 기타,승용,남,37세,상해없음,보행자,여,31세,중상
11536,2019030400100239,2019년 3월 4일 14시,월요일,서울특별시 영등포구 당산동5가,경상사고,0,0,1,0,차대사람 - 기타,보행자보호의무위반,포장 - 건조,맑음,기타 - 기타,자전거,남,12세,상해없음,보행자,여,60세,경상
11537,2019030400100240,2019년 3월 4일 14시,월요일,서울특별시 강남구 신사동,경상사고,0,0,1,0,차대사람 - 횡단중,보행자보호의무위반,포장 - 건조,맑음,단일로 - 기타,승용,남,26세,상해없음,보행자,남,73세,경상
11538,2019030400100318,2019년 3월 4일 16시,월요일,서울특별시 강남구 역삼동,중상사고,0,1,0,0,차대사람 - 보도통행중,안전운전불이행,포장 - 건조,맑음,단일로 - 기타,승용,남,59세,상해없음,보행자,여,80세,중상
11539,2019030400100319,2019년 3월 4일 16시,월요일,서울특별시 성북구 하월곡동,경상사고,0,0,1,0,차대사람 - 횡단중,안전운전불이행,포장 - 건조,맑음,단일로 - 기타,승용,여,56세,상해없음,보행자,여,19세,경상
11540,2019030400100350,2019년 3월 4일 17시,월요일,서울특별시 서대문구 북아현동,부상신고사고,0,0,0,1,차대사람 - 차도통행중,안전운전불이행,포장 - 건조,맑음,단일로 - 기타,이륜,남,17세,상해없음,보행자,여,19세,부상신고
11541,2019030400100352,2019년 3월 4일 17시,월요일,서울특별시 중랑구 면목동,경상사고,0,0,1,0,차대사람 - 기타,안전운전불이행,포장 - 건조,맑음,단일로 - 기타,승용,남,29세,상해없음,보행자,여,76세,경상
11542,2019030400100355,2019년 3월 4일 17시,월요일,서울특별시 노원구 상계동,중상사고,0,1,1,0,차대사람 - 횡단중,보행자보호의무위반,포장 - 건조,맑음,교차로 - 교차로횡단보도내,승용,남,60세,상해없음,보행자,여,72세,중상
11543,2019030400100390,2019년 3월 4일 18시,월요일,서울특별시 동작구 흑석동,부상신고사고,0,0,0,1,차대사람 - 차도통행중,안전운전불이행,포장 - 건조,맑음,단일로 - 기타,이륜,남,16세,상해없음,보행자,남,12세,부상신고
11544,2019030400100478,2019년 3월 4일 20시,월요일,서울특별시 구로구 개봉동,경상사고,0,0,1,0,차대사람 - 기타,안전운전불이행,포장 - 건조,맑음,교차로 - 교차로안,승용,남,62세,상해없음,보행자,남,64세,경상
11545,2019030400100479,2019년 3월 4일 20시,월요일,서울특별시 강남구 수서동,중상사고,0,1,0,0,차대사람 - 횡단중,안전운전불이행,포장 - 건조,맑음,교차로 - 교차로부근,기타불명,기타불명,미분류,기타불명,보행자,여,29세,중상
11546,2019030400100520,2019년 3월 4일 22시,월요일,서울특별시 중랑구 상봉동,경상사고,0,0,1,0,차대사람 - 횡단중,보행자보호의무위반,포장 - 건조,맑음,교차로 - 교차로부근,승용,남,69세,상해없음,보행자,남,55세,경상
11547,2019030400100538,2019년 3월 4일 23시,월요일,서울특별시 광진구 자양동,사망사고,1,0,0,0,차대사람 - 횡단중,보행자보호의무위반,포장 - 건조,맑음,교차로 - 교차로횡단보도내,화물,남,48세,상해없음,보행자,남,24세,사망
11548,2019030400100539,2019년 3월 4일 23시,월요일,서울특별시 동작구 상도1동,경상사고,0,0,1,0,차대사람 - 기타,기타,포장 - 건조,맑음,단일로 - 기타,승용,남,59세,상해없음,보행자,남,57세,경상
11549,2019030500100038,2019년 3월 5일 01시,화요일,서울특별시 영등포구 여의도동,경상사고,0,0,1,0,차대사람 - 횡단중,안전운전불이행,포장 - 건조,맑음,단일로 - 기타,승용,남,66세,상해없음,보행자,여,30세,경상
11550,2019030500100082,2019년 3월 5일 07시,화요일,서울특별시 동작구 대방동,경상사고,0,0,1,0,차대사람 - 횡단중,보행자보호의무위반,포장 - 건조,흐림,교차로 - 교차로부근,승용,여,47세,상해없음,보행자,남,54세,경상
11551,2019030500100102,2019년 3월 5일 08시,화요일,서울특별시 성북구 동선동4가,경상사고,0,0,1,0,차대사람 - 보도통행중,안전운전불이행,포장 - 건조,맑음,단일로 - 기타,기타불명,기타불명,미분류,기타불명,보행자,남,23세,경상
11552,2019030500100105,2019년 3월 5일 08시,화요일,서울특별시 동작구 상도동,경상사고,0,0,1,0,차대사람 - 차도통행중,안전운전불이행,포장 - 건조,맑음,단일로 - 기타,화물,남,70세,상해없음,보행자,여,24세,경상
11553,2019030500100183,2019년 3월 5일 10시,화요일,서울특별시 성북구 안암동3가,중상사고,0,1,0,0,차대사람 - 기타,안전운전불이행,포장 - 건조,맑음,단일로 - 기타,승용,남,59세,상해없음,보행자,여,23세,중상
11554,2019030500100187,2019년 3월 5일 10시,화요일,서울특별시 강동구 천호동,경상사고,0,0,1,0,차대사람 - 차도통행중,안전운전불이행,포장 - 건조,맑음,단일로 - 기타,승용,남,52세,상해없음,보행자,남,22세,경상
11555,2019030500100210,2019년 3월 5일 11시,화요일,서울특별시 강남구 대치동,중상사고,0,2,0,0,차대사람 - 기타,안전운전불이행,포장 - 건조,맑음,단일로 - 기타,승용,남,64세,상해없음,보행자,남,41세,중상
11556,2019030500100239,2019년 3월 5일 12시,화요일,서울특별시 서대문구 충정로2가,경상사고,0,0,1,0,차대사람 - 기타,보행자보호의무위반,포장 - 건조,맑음,단일로 - 기타,승용,남,44세,상해없음,보행자,여,26세,경상