,사고번호,사고일시,요일,시군구,사고내용,사망자수,중상자수,경상자수,부상신고자수,사고유형,법규위반,노면상태,기상상태,도로형태,가해운전자 차종,가해운전자 성별,가해운전자 연령,가해운전자 상해정도,피해운전자 차종,피해운전자 성별,피해운전자 연령,피해운전자 상해정도
11783,2019031300100209,2019년 3월 13일 11시,수요일,서울특별시 종로구 삼청동,부상신고사고,0,0,0,1,차대사람 - 횡단중,안전운전불이행,포장 - 건조,맑음,단일로 - 기타,승합,남,62세,상해없음,보행자,남,67세,부상신고
11784,2019031300100251,2019년 3월 13일 12시,수요일,서울특별시 송파구 문정동,경상사고,0,0,1,0,차대사람 - 기타,안전운전불이행,포장 - 건조,맑음,단일로 - 기타,기타불명,기타불명,미분류,기타불명,보행자,여,44세,경상
11785,2019031300100279,2019년 3월 13일 13시,수요일,서울특별시 강북구 수유동,중상사고,0,1,0,0,차대사람 - 횡단중,안전운전불이행,포장 - 건조,맑음,교차로 - 교차로안,승용,남,72세,상해없음,보행자,여,62세,중상
11786,2019031300100280,2019년 3월 13일 13시,수요일,서울특별시 동작구 상도동,경상사고,0,0,1,0,차대사람 - 길가장자리구역통행중,안전운전불이행,포장 - 건조,맑음,단일로 - 기타,승합,남,37세,상해없음,보행자,여,75세,경상
11787,2019031300100349,2019년 3월 13일 15시,수요일,서울특별시 광진구 중곡동,경상사고,0,0,1,0,차대사람 - 길가장자리구역통행중,안전운전불이행,포장 - 건조,맑음,단일로 - 기타,승용,여,49세,상해없음,보행자,여,45세,경상
11788,2019031300100350,2019년 3월 13일 15시,수요일,서울특별시 강남구 청담동,부상신고사고,0,0,0,1,차대사람 - 기타,기타,포장 - 건조,맑음,단일로 - 기타,승합,남,56세,상해없음,보행자,여,23세,부상신고
11789,2019031300100353,2019년 3월 13일 15시,수요일,서울특별시 강동구 고덕동,경상사고,0,0,1,0,차대사람 - 보도통행중,신호위반,포장 - 건조,맑음,교차로 - 교차로부근,승합,여,53세,상해없음,보행자,남,39세,경상
11790,2019031300100379,2019년 3월 13일 16시,수요일,서울특별시 강북구 미아동,경상사고,0,0,1,0,차대사람 - 횡단중,보행자보호의무위반,포장 - 건조,맑음,교차로 - 교차로안,승용,여,38세,상해없음,보행자,여,14세,경상
11791,2019031300100381,2019년 3월 13일 16시,수요일,서울특별시 마포구 마포동,중상사고,0,1,0,0,차대사람 - 기타,신호위반,포장 - 건조,맑음,단일로 - 기타,승용,남,49세,상해없음,보행자,남,37세,중상
11792,2019031300100383,2019년 3월 13일 16시,수요일,서울특별시 동작구 상도동,경상사고,0,0,1,0,차대사람 - 기타,안전운전불이행,포장 - 건조,맑음,교차로 - 교차로안,화물,남,49세,상해없음,보행자,남,68세,경상
11793,2019031300100426,2019년 3월 13일 17시,수요일,서울특별시 동대문구 장안동,중상사고,0,1,0,0,차대사람 - 기타,과속,포장 - 건조,맑음,단일로 - 기타,이륜,남,24세,상해없음,보행자,여,83세,중상
11794,2019031300100429,2019년 3월 13일 17시,수요일,서울특별시 강서구 화곡동,경상사고,0,0,1,0,차대사람 - 길가장자리구역통행중,안전운전불이행,포장 - 건조,맑음,단일로 - 기타,승용,남,57세,상해없음,보행자,남,7세,경상
11795,2019031300100463,2019년 3월 13일 18시,수요일,서울특별시 강북구 수유동,경상사고,0,0,1,0,차대사람 - 차도통행중,안전운전불이행,포장 - 건조,맑음,단일로 - 기타,승용,남,56세,상해없음,보행자,여,21세,경상
11796,2019031300100464,2019년 3월 13일 18시,수요일,서울특별시 금천구 독산동,경상사고,0,0,1,0,차대사람 - 차도통행중,기타,포장 - 건조,맑음,단일로 - 기타,승합,남,53세,상해없음,보행자,남,35세,경상
11797,2019031300100465,2019년 3월 13일 18시,수요일,서울특별시 중랑구 망우동,경상사고,0,0,1,0,차대사람 - 기타,안전운전불이행,포장 - 건조,맑음,단일로 - 기타,승용,여,64세,상해없음,보행자,남,60세,경상
11798,2019031300100468,2019년 3월 13일 18시,수요일,서울특별시 구로구 구로동,중상사고,0,1,0,0,차대사람 - 차도통행중,안전운전불이행,포장 - 건조,맑음,단일로 - 기타,이륜,남,49세,상해없음,보행자,여,61세,중상
11799,2019031300100469,2019년 3월 13일 18시,수요일,서울특별시 노원구 공릉동,중상사고,0,1,0,0,차대사람 - 차도통행중,안전운전불이행,포장 - 건조,흐림,단일로 - 기타,이륜,남,30세,상해없음,보행자,남,11세,중상
11800,2019031300100507,2019년 3월 13일 19시,수요일,서울특별시 성동구 하왕십리동,사망사고,1,0,0,0,차대사람 - 기타,안전운전불이행,포장 - 건조,맑음,단일로 - 기타,화물,남,60세,상해없음,보행자,남,89세,사망
11801,2019031300100508,2019년 3월 13일 19시,수요일,서울특별시 관악구 봉천동,중상사고,0,1,0,0,차대사람 - 기타,안전운전불이행,포장 - 건조,맑음,단일로 - 기타,승용,남,27세,상해없음,보행자,남,27세,중상
11802,2019031300100552,2019년 3월 13일 20시,수요일,서울특별시 중랑구 면목동,경상사고,0,0,1,0,차대사람 - 횡단중,안전운전불이행,포장 - 건조,흐림,단일로 - 지하차도(도로)내,이륜,남,21세,상해없음,보행자,남,68세,경상
11803,2019031300100615,2019년 3월 13일 22시,수요일,서울특별시 동작구 노량진동,중상사고,0,1,0,0,차대사람 - 횡단중,안전운전불이행,포장 - 건조,맑음,단일로 - 기타,승합,남,49세,상해없음,보행자,남,24세,중상
11804,2019031300100643,2019년 3월 13일 23시,수요일,서울특별시 종로구 종로3가,중상사고,0,1,0,0,차대사람 - 횡단중,안전운전불이행,포장 - 건조,맑음,교차로 - 교차로횡단보도내,승용,남,25세,상해없음,보행자,남,41세,중상
11805,2019031300100644,2019년 3월 13일 23시,수요일,서울특별시 광진구 구의동,중상사고,0,1,0,0,차대사람 - 횡단중,신호위반,포장 - 건조,맑음,교차로 - 교차로횡단보도내,기타불명,기타불명,미분류,기타불명,보행자,남,63세,중상
11806,2019031400100035,2019년 3월 14일 01시,목요일,서울특별시 강북구 미아동,중상사고,0,1,0,0,차대사람 - 횡단중,신호위반,포장 - 건조,맑음,단일로 - 기타,승용,남,73세,상해없음,보행자,남,57세,중상
11807,2019031400100062,2019년 3월 14일 05시,목요일,서울특별시 성동구 마장동,중상사고,0,1,0,0,차대사람 - 차도통행중,안전운전불이행,포장 - 건조,맑음,단일로 - 기타,승합,남,71세,상해없음,보행자,여,76세,중상
11808,2019031400100073,2019년 3월 14일 06시,목요일,서울특별시 동작구 상도동,중상사고,0,1,0,0,차대사람 - 기타,안전운전불이행,포장 - 건조,맑음,교차로 - 교차로안,승용,남,52세,상해없음,보행자,여,76세,중상
11809,2019031400100085,2019년 3월 14일 07시,목요일,서울특별시 동작구 사당동,경상사고,0,0,1,0,차대사람 - 기타,안전운전불이행,포장 - 건조,맑음,단일로 - 기타,승합,남,30세,상해없음,보행자,여,15세,경상
11810,2019031400100114,2019년 3월 14일 08시,목요일,서울특별시 영등포구 여의도동,부상신고사고,0,0,0,1,차대사람 - 기타,안전운전불이행,포장 - 건조,맑음,단일로 - 기타,기타불명,기타불명,미분류,기타불명,보행자,여,22세,부상신고
11811,2019031400100174,2019년 3월 14일 09시,목요일,서울특별시 강동구 암사동,경상사고,0,0,1,0,차대사람 - 횡단중,보행자보호의무위반,포장 - 건조,맑음,교차로 - 교차로안,승용,남,59세,상해없음,보행자,여,7세,경상
11812,2019031400100175,2019년 3월 14일 09시,목요일,서울특별시 강동구 천호동,경상사고,0,0,1,0,차대사람 - 보도통행중,기타,포장 - 건조,맑음,기타 - 기타,승용,여,37세,상해없음,보행자,여,90세 이상,경상
11813,2019031400100206,2019년 3월 14일 10시,목요일,서울특별시 구로구 구로동,중상사고,0,1,0,0,차대사람 - 횡단중,안전운전불이행,포장 - 건조,맑음,단일로 - 기타,승합,남,63세,상해없음,보행자,여,69세,중상
11814,2019031400100231,2019년 3월 14일 11시,목요일,서울특별시 구로구 구로동,부상신고사고,0,0,0,1,차대사람 - 기타,안전운전불이행,포장 - 건조,맑음,단일로 - 기타,승용,남,36세,상해없음,보행자,남,64세,부상신고
11815,2019031400100258,2019년 3월 14일 12시,목요일,서울특별시 영등포구 여의도동,중상사고,0,1,0,0,차대사람 - 길가장자리구역통행중,안전운전불이행,포장 - 건조,맑음,단일로 - 기타,화물,남,46세,상해없음,보행자,남,45세,중상
11816,2019031400100260,2019년 3월 14일 12시,목요일,서울특별시 중랑구 중화동,중상사고,0,1,0,0,차대사람 - 횡단중,안전운전불이행,포장 - 건조,맑음,단일로 - 기타,화물,남,34세,상해없음,보행자,여,66세,중상
11817,2019031400100314,2019년 3월 14일 14시,목요일,서울특별시 마포구 합정동,경상사고,0,0,1,0,차대사람 - 기타,안전운전불이행,포장 - 건조,맑음,단일로 - 기타,승용,남,63세,상해없음,보행자,남,28세,경상
11818,2019031400100316,2019년 3월 14일 14시,목요일,서울특별시 강서구 등촌동,경상사고,0,0,1,0,차대사람 - 기타,기타,포장 - 건조,맑음,단일로 - 기타,승합,남,60세,상해없음,보행자,여,59세,경상
11819,2019031400100317,2019년 3월 14일 14시,목요일,서울특별시 강동구 암사동,경상사고,0,0,1,0,차대사람 - 횡단중,안전운전불이행,포장 - 건조,맑음,단일로 - 기타,승용,여,55세,상해없음,보행자,여,50세,경상
11820,2019031400100351,2019년 3월 14일 15시,목요일,서울특별시 강동구 성내동,경상사고,0,0,1,0,차대사람 - 기타,안전운전불이행,포장 - 건조,맑음,단일로 - 기타,승용,남,61세,상해없음,보행자,여,47세,경상
11821,2019031400100352,2019년 3월 14일 15시,목요일,서울특별시 서초구 방배동,중상사고,0,1,0,0,차대사람 - 길가장자리구역통행중,안전운전불이행,포장 - 건조,맑음,단일로 - 기타,승용,남,45세,상해없음,보행자,여,60세,중상
11822,2019031400100417,2019년 3월 14일 17시,목요일,서울특별시 중구 신당동,부상신고사고,0,0,0,1,차대사람 - 횡단중,안전운전불이행,포장 - 건조,맑음,단일로 - 지하차도(도로)내,기타불명,기타불명,미분류,기타불명,보행자,여,11세,부상신고
11823,2019031400100419,2019년 3월 14일 17시,목요일,서울특별시 구로구 궁동,중상사고,0,1,0,0,차대사람 - 기타,안전운전불이행,포장 - 건조,기타,단일로 - 기타,승합,남,73세,상해없음,보행자,여,2세,중상
11824,2019031400100490,2019년 3월 14일 19시,목요일,서울특별시 영등포구 당산동6가,경상사고,0,0,1,0,차대사람 - 기타,안전운전불이행,포장 - 건조,맑음,단일로 - 기타,승용,남,27세,상해없음,보행자,여,30세,경상
11825,2019031400100491,2019년 3월 14일 19시,목요일,서울특별시 강서구 화곡동,중상사고,0,1,0,0,차대사람 - 기타,신호위반,포장 - 건조,맑음,교차로 - 교차로안,이륜,남,24세,상해없음,보행자,남,6세,중상
11826,2019031400100493,2019년 3월 14일 19시,목요일,서울특별시 송파구 오금동,부상신고사고,0,0,0,1,차대사람 - 횡단중,안전운전불이행,포장 - 건조,맑음,교차로 - 교차로안,승용,남,39세,상해없음,보행자,여,80세,부상신고
11827,2019031400100494,2019년 3월 14일 19시,목요일,서울특별시 송파구 석촌동,중상사고,0,1,0,0,차대사람 - 기타,안전운전불이행,포장 - 건조,맑음,단일로 - 기타,기타불명,기타불명,미분류,기타불명,보행자,여,25세,중상
11828,2019031400100538,2019년 3월 14일 20시,목요일,서울특별시 종로구 서린동,중상사고,0,1,0,0,차대사람 - 횡단중,안전운전불이행,포장 - 건조,맑음,단일로 - 기타,승합,남,55세,상해없음,보행자,여,27세,중상
11829,2019031400100542,2019년 3월 14일 20시,목요일,서울특별시 양천구 신정동,경상사고,0,0,1,0,차대사람 - 기타,신호위반,포장 - 건조,맑음,교차로 - 교차로안,사륜오토바이(ATV),남,41세,상해없음,보행자,여,51세,경상
11830,2019031400100544,2019년 3월 14일 20시,목요일,서울특별시 서초구 반포동,중상사고,0,1,0,0,차대사람 - 차도통행중,안전운전불이행,포장 - 건조,맑음,교차로 - 교차로안,승용,남,69세,상해없음,보행자,남,61세,중상
11831,2019031400100622,2019년 3월 14일 23시,목요일,서울특별시 송파구 방이동,경상사고,0,0,1,0,차대사람 - 차도통행중,안전운전불이행,포장 - 건조,맑음,단일로 - 기타,승용,남,72세,상해없음,보행자,남,55세,경상
11832,2019031400100623,2019년 3월 14일 23시,목요일,서울특별시 노원구 중계동,중상사고,0,1,0,0,차대사람 - 횡단중,보행자보호의무위반,포장 - 건조,맑음,교차로 - 교차로횡단보도내,승용,남,45세,상해없음,보행자,남,24세,중상
11833,2019031500100042,2019년 3월 15일 01시,금요일,서울특별시 강서구 가양동,사망사고,1,0,0,0,차대사람 - 기타,안전운전불이행,포장 - 건조,흐림,교차로 - 교차로부근,승합,남,52세,상해없음,보행자,남,49세,사망
11834,2019031500100064,2019년 3월 15일 04시,금요일,서울특별시 송파구 거여동,경상사고,0,0,1,0,차대사람 - 기타,안전운전불이행,포장 - 건조,맑음,주차장 - 주차장,승용,남,27세,상해없음,보행자,여,47세,경상
11835,2019031500100065,2019년 3월 15일 04시,금요일,서울특별시 서초구 반포동,경상사고,0,0,1,0,차대사람 - 차도통행중,안전운전불이행,포장 - 젖음/습기,비,단일로 - 기타,승용,여,27세,기타불명,보행자,여,27세,경상
11836,2019031500100122,2019년 3월 15일 08시,금요일,서울특별시 강동구 길동,경상사고,0,0,1,0,차대사람 - 보도통행중,안전운전불이행,포장 - 건조,흐림,단일로 - 기타,기타불명,기타불명,미분류,기타불명,보행자,여,28세,경상
11837,2019031500100160,2019년 3월 15일 09시,금요일,서울특별시 중구 명동2가,중상사고,0,1,0,0,차대사람 - 기타,신호위반,포장 - 건조,맑음,단일로 - 지하차도(도로)내,승용,남,62세,상해없음,보행자,여,53세,중상
11838,2019031500100161,2019년 3월 15일 09시,금요일,서울특별시 동작구 상도동,중상사고,0,1,0,0,차대사람 - 기타,안전운전불이행,포장 - 건조,맑음,단일로 - 기타,화물,남,54세,상해없음,보행자,여,86세,중상
11839,2019031500100182,2019년 3월 15일 10시,금요일,서울특별시 성북구 동소문동4가,중상사고,0,1,0,0,차대사람 - 횡단중,신호위반,포장 - 건조,맑음,단일로 - 기타,승합,남,50세,상해없음,보행자,여,18세,중상
11840,2019031500100217,2019년 3월 15일 11시,금요일,서울특별시 용산구 한남동,경상사고,0,0,1,0,차대사람 - 기타,안전운전불이행,포장 - 건조,맑음,교차로 - 교차로부근,승용,남,34세,상해없음,보행자,남,25세,경상
11841,2019031500100222,2019년 3월 15일 11시,금요일,서울특별시 서초구 서초동,경상사고,0,0,1,0,차대사람 - 횡단중,보행자보호의무위반,포장 - 건조,맑음,기타 - 기타,승용,남,49세,상해없음,보행자,남,52세,경상
11842,2019031500100254,2019년 3월 15일 12시,금요일,서울특별시 송파구 송파동,경상사고,0,0,1,0,차대사람 - 기타,안전운전불이행,포장 - 건조,맑음,단일로 - 기타,승용,여,60세,상해없음,보행자,남,57세,경상
11843,2019031500100309,2019년 3월 15일 14시,금요일,서울특별시 강북구 수유동,경상사고,0,0,1,0,차대사람 - 횡단중,보행자보호의무위반,포장 - 건조,맑음,교차로 - 교차로부근,승용,여,42세,상해없음,보행자,여,38세,경상
11844,2019031500100349,2019년 3월 15일 15시,금요일,서울특별시 강서구 화곡동,중상사고,0,1,0,0,차대사람 - 횡단중,신호위반,포장 - 건조,맑음,교차로 - 교차로횡단보도내,이륜,남,17세,상해없음,보행자,여,63세,중상
11845,2019031500100352,2019년 3월 15일 15시,금요일,서울특별시 노원구 상계동,경상사고,0,0,1,0,차대사람 - 길가장자리구역통행중,안전운전불이행,포장 - 건조,맑음,단일로 - 고가도로위,승용,남,18세,상해없음,보행자,남,37세,경상
11846,2019031500100353,2019년 3월 15일 15시,금요일,서울특별시 은평구 진관동,중상사고,0,1,0,0,차대사람 - 횡단중,보행자보호의무위반,포장 - 건조,맑음,교차로 - 교차로부근,승용,여,29세,상해없음,보행자,여,28세,중상
11847,2019031500100385,2019년 3월 15일 16시,금요일,서울특별시 성북구 안암동1가,경상사고,0,0,1,0,차대사람 - 횡단중,보행자보호의무위반,포장 - 건조,흐림,교차로 - 교차로부근,승합,남,39세,상해없음,보행자,여,8세,경상
11848,2019031500100390,2019년 3월 15일 16시,금요일,서울특별시 송파구 풍납동,경상사고,0,0,1,0,차대사람 - 차도통행중,안전운전불이행,포장 - 건조,맑음,교차로 - 교차로안,기타불명,기타불명,미분류,기타불명,보행자,남,61세,경상
11849,2019031500100391,2019년 3월 15일 16시,금요일,서울특별시 구로구 구로동,중상사고,0,1,0,0,차대사람 - 기타,안전운전불이행,포장 - 젖음/습기,비,단일로 - 기타,화물,남,33세,상해없음,보행자,남,59세,중상
11850,2019031500100394,2019년 3월 15일 16시,금요일,서울특별시 도봉구 방학동,경상사고,0,0,1,0,차대사람 - 길가장자리구역통행중,안전운전불이행,포장 - 건조,맑음,단일로 - 기타,승용,여,31세,상해없음,보행자,남,53세,경상
11851,2019031500100436,2019년 3월 15일 17시,금요일,서울특별시 영등포구 문래동6가,경상사고,0,0,1,0,차대사람 - 보도통행중,보행자보호의무위반,포장 - 젖음/습기,흐림,교차로 - 교차로안,승합,남,63세,상해없음,보행자,남,45세,경상
11852,2019031500100438,2019년 3월 15일 17시,금요일,서울특별시 중랑구 묵동,중상사고,0,1,0,0,차대사람 - 길가장자리구역통행중,안전운전불이행,포장 - 젖음/습기,비,교차로 - 교차로안,승합,여,50세,상해없음,보행자,남,44세,중상
11853,2019031500100442,2019년 3월 15일 17시,금요일,서울특별시 강동구 성내동,중상사고,0,1,0,0,차대사람 - 차도통행중,안전운전불이행,포장 - 건조,맑음,단일로 - 기타,화물,남,71세,상해없음,보행자,남,73세,중상
11854,2019031500100443,2019년 3월 15일 17시,금요일,서울특별시 송파구 풍납동,경상사고,0,0,1,0,차대사람 - 기타,안전운전불이행,포장 - 젖음/습기,비,단일로 - 기타,승용,남,58세,상해없음,보행자,여,14세,경상
11855,2019031500100447,2019년 3월 15일 17시,금요일,서울특별시 노원구 월계동,경상사고,0,0,1,0,차대사람 - 횡단중,보행자보호의무위반,포장 - 젖음/습기,비,기타 - 기타,기타불명,기타불명,미분류,기타불명,보행자,남,16세,경상
11856,2019031500100448,2019년 3월 15일 17시,금요일,서울특별시 노원구 공릉동,경상사고,0,0,1,0,차대사람 - 횡단중,보행자보호의무위반,포장 - 젖음/습기,비,단일로 - 기타,승용,남,53세,상해없음,보행자,남,73세,경상
11857,2019031500100486,2019년 3월 15일 18시,금요일,서울특별시 영등포구 여의도동,중상사고,0,1,0,0,차대사람 - 횡단중,안전운전불이행,포장 - 젖음/습기,흐림,교차로 - 교차로안,승용,남,53세,상해없음,보행자,남,39세,중상
11858,2019031500100489,2019년 3월 15일 18시,금요일,서울특별시 송파구 문정동,중상사고,0,1,0,0,차대사람 - 횡단중,안전운전불이행,포장 - 건조,맑음,교차로 - 교차로안,승용,남,47세,상해없음,보행자,남,72세,중상
11859,2019031500100493,2019년 3월 15일 18시,금요일,서울특별시 강남구 수서동,경상사고,0,0,1,0,차대사람 - 기타,안전운전불이행,포장 - 젖음/습기,비,단일로 - 기타,승용,남,39세,상해없음,보행자,여,50세,경상
11860,2019031500100545,2019년 3월 15일 19시,금요일,서울특별시 강남구 삼성동,경상사고,0,0,1,0,차대사람 - 횡단중,보행자보호의무위반,포장 - 건조,맑음,단일로 - 기타,승용,여,39세,상해없음,보행자,여,33세,경상
11861,2019031500100599,2019년 3월 15일 20시,금요일,서울특별시 동작구 대방동,경상사고,0,0,1,0,차대사람 - 횡단중,보행자보호의무위반,포장 - 젖음/습기,비,단일로 - 기타,이륜,남,41세,상해없음,보행자,여,43세,경상
11862,2019031500100601,2019년 3월 15일 20시,금요일,서울특별시 구로구 고척동,중상사고,0,2,0,0,차대사람 - 횡단중,안전운전불이행,포장 - 기타,기타,교차로 - 교차로부근,승용,여,36세,상해없음,보행자,여,61세,중상
11863,2019031500100641,2019년 3월 15일 21시,금요일,서울특별시 영등포구 당산동2가,경상사고,0,0,1,0,차대사람 - 횡단중,보행자보호의무위반,포장 - 건조,맑음,교차로 - 교차로안,승용,남,34세,상해없음,보행자,남,32세,경상
11864,2019031500100646,2019년 3월 15일 21시,금요일,서울특별시 양천구 목동,경상사고,0,0,1,0,차대사람 - 기타,안전운전불이행,포장 - 건조,맑음,단일로 - 기타,승용,남,59세,상해없음,보행자,여,62세,경상
11865,2019031500100685,2019년 3월 15일 22시,금요일,서울특별시 은평구 갈현동,경상사고,0,0,1,0,차대사람 - 횡단중,안전운전불이행,포장 - 젖음/습기,흐림,교차로 - 교차로부근,승용,남,30세,상해없음,보행자,여,64세,경상
11866,2019031500100714,2019년 3월 15일 23시,금요일,서울특별시 중구 다동,중상사고,0,1,0,0,차대사람 - 차도통행중,안전운전불이행,포장 - 젖음/습기,흐림,단일로 - 지하차도(도로)내,승합,남,45세,상해없음,보행자,남,49세,중상
11867,2019031500100720,2019년 3월 15일 23시,금요일,서울특별시 서초구 반포동,경상사고,0,0,1,0,차대사람 - 기타,안전운전불이행,포장 - 건조,맑음,교차로 - 교차로안,승용,남,57세,상해없음,보행자,남,27세,경상
11868,2019031600100022,2019년 3월 16일 00시,토요일,서울특별시 구로구 구로동,경상사고,0,0,1,0,차대사람 - 횡단중,신호위반,포장 - 건조,흐림,교차로 - 교차로안,승용,남,73세,상해없음,보행자,남,29세,경상
11869,2019031600100049,2019년 3월 16일 01시,토요일,서울특별시 관악구 신림동,중상사고,0,1,0,0,차대사람 - 기타,안전운전불이행,포장 - 젖음/습기,흐림,단일로 - 기타,승용,남,22세,상해없음,보행자,여,29세,중상
11870,2019031600100079,2019년 3월 16일 03시,토요일,서울특별시 중구 신당동,경상사고,0,0,1,0,차대사람 - 차도통행중,안전운전불이행,포장 - 건조,맑음,단일로 - 기타,화물,남,70세,상해없음,보행자,남,43세,경상
11871,2019031600100098,2019년 3월 16일 05시,토요일,서울특별시 용산구 남영동,경상사고,0,0,1,0,차대사람 - 횡단중,보행자보호의무위반,포장 - 건조,맑음,단일로 - 기타,승용,남,72세,상해없음,보행자,남,54세,경상
11872,2019031600100138,2019년 3월 16일 08시,토요일,서울특별시 영등포구 신길동,경상사고,0,0,1,0,차대사람 - 기타,안전운전불이행,포장 - 건조,맑음,기타 - 기타,승용,여,58세,상해없음,보행자,남,69세,경상
11873,2019031600100167,2019년 3월 16일 09시,토요일,서울특별시 강동구 암사동,부상신고사고,0,0,0,1,차대사람 - 차도통행중,안전운전불이행,포장 - 건조,맑음,교차로 - 교차로안,자전거,남,26세,상해없음,보행자,여,59세,부상신고
11874,2019031600100226,2019년 3월 16일 11시,토요일,서울특별시 강북구 번동,경상사고,0,0,1,0,차대사람 - 기타,안전운전불이행,포장 - 건조,맑음,단일로 - 기타,승합,남,55세,기타불명,보행자,여,81세,경상
11875,2019031600100228,2019년 3월 16일 11시,토요일,서울특별시 금천구 가산동,경상사고,0,0,1,0,차대사람 - 기타,안전운전불이행,포장 - 건조,맑음,교차로 - 교차로부근,승용,남,57세,상해없음,보행자,여,86세,경상
11876,2019031600100230,2019년 3월 16일 11시,토요일,서울특별시 송파구 거여동,경상사고,0,0,1,0,차대사람 - 기타,안전운전불이행,포장 - 건조,맑음,단일로 - 기타,화물,남,71세,상해없음,보행자,여,78세,경상
11877,2019031600100342,2019년 3월 16일 14시,토요일,서울특별시 강서구 화곡동,부상신고사고,0,0,0,1,차대사람 - 기타,안전운전불이행,포장 - 건조,맑음,단일로 - 기타,승용,남,51세,상해없음,보행자,여,31세,부상신고
11878,2019031600100374,2019년 3월 16일 15시,토요일,서울특별시 성북구 동선동4가,중상사고,0,1,0,0,차대사람 - 차도통행중,안전운전불이행,포장 - 건조,맑음,교차로 - 교차로부근,승용,남,60세,상해없음,보행자,여,84세,중상
11879,2019031600100376,2019년 3월 16일 15시,토요일,서울특별시 강북구 미아동,부상신고사고,0,0,0,1,차대사람 - 기타,안전운전불이행,포장 - 건조,흐림,교차로 - 교차로부근,화물,남,49세,상해없음,보행자,남,64세,부상신고
11880,2019031600100379,2019년 3월 16일 15시,토요일,서울특별시 강남구 역삼동,중상사고,0,1,0,0,차대사람 - 보도통행중,보행자보호의무위반,포장 - 건조,맑음,교차로 - 교차로횡단보도내,승용,여,30세,상해없음,보행자,여,23세,중상
11881,2019031600100419,2019년 3월 16일 16시,토요일,서울특별시 양천구 신정동,중상사고,0,1,0,2,차대사람 - 횡단중,안전운전불이행,포장 - 건조,맑음,단일로 - 기타,승용,남,18세,부상신고,보행자,여,67세,중상
11882,2019031600100420,2019년 3월 16일 16시,토요일,서울특별시 서초구 반포동,경상사고,0,0,1,0,차대사람 - 횡단중,안전운전불이행,포장 - 건조,맑음,교차로 - 교차로부근,승용,남,52세,상해없음,보행자,여,22세,경상
11883,2019031600100485,2019년 3월 16일 18시,토요일,서울특별시 송파구 마천동,경상사고,0,0,1,0,차대사람 - 기타,안전운전불이행,포장 - 건조,맑음,단일로 - 기타,승용,남,53세,상해없음,보행자,남,59세,경상
11884,2019031600100508,2019년 3월 16일 19시,토요일,서울특별시 마포구 동교동,경상사고,0,0,1,0,차대사람 - 기타,안전운전불이행,포장 - 건조,맑음,단일로 - 기타,승용,여,39세,상해없음,보행자,남,30세,경상
11885,2019031600100569,2019년 3월 16일 21시,토요일,서울특별시 강동구 천호동,경상사고,0,0,1,0,차대사람 - 길가장자리구역통행중,안전운전불이행,포장 - 건조,맑음,교차로 - 교차로부근,승용,남,73세,상해없음,보행자,남,50세,경상
11886,2019031600100607,2019년 3월 16일 23시,토요일,서울특별시 용산구 용산동4가,경상사고,0,0,1,0,차대사람 - 횡단중,보행자보호의무위반,포장 - 건조,맑음,교차로 - 교차로횡단보도내,기타불명,기타불명,미분류,기타불명,보행자,남,24세,경상
11887,2019031600100608,2019년 3월 16일 23시,토요일,서울특별시 관악구 봉천동,경상사고,0,0,1,0,차대사람 - 횡단중,보행자보호의무위반,포장 - 건조,맑음,교차로 - 교차로부근,승용,남,54세,상해없음,보행자,여,75세,경상
11888,2019031700100085,2019년 3월 17일 05시,일요일,서울특별시 용산구 이태원동,중상사고,0,1,0,0,차대사람 - 기타,안전운전불이행,포장 - 건조,맑음,단일로 - 기타,승용,남,54세,상해없음,보행자,남,40세,중상
11889,2019031700100097,2019년 3월 17일 06시,일요일,서울특별시 강남구 역삼동,경상사고,0,0,1,0,차대사람 - 기타,안전운전불이행,포장 - 건조,맑음,단일로 - 기타,승용,남,31세,상해없음,보행자,남,69세,경상
11890,2019031700100104,2019년 3월 17일 07시,일요일,서울특별시 동작구 사당동,경상사고,0,0,1,0,차대사람 - 길가장자리구역통행중,안전운전불이행,포장 - 건조,맑음,단일로 - 기타,승용,남,54세,기타불명,보행자,여,26세,경상
11891,2019031700100185,2019년 3월 17일 12시,일요일,서울특별시 구로구 신도림동,중상사고,0,1,0,0,차대사람 - 횡단중,안전운전불이행,포장 - 건조,맑음,단일로 - 기타,승용,남,58세,상해없음,보행자,여,81세,중상
11892,2019031700100223,2019년 3월 17일 13시,일요일,서울특별시 용산구 한강로1가,경상사고,0,0,2,0,차대사람 - 횡단중,보행자보호의무위반,포장 - 건조,맑음,단일로 - 기타,승용,남,36세,상해없음,보행자,여,51세,경상
11893,2019031700100224,2019년 3월 17일 13시,일요일,서울특별시 광진구 구의동,경상사고,0,0,1,0,차대사람 - 기타,기타,포장 - 건조,맑음,단일로 - 교량,승합,남,54세,상해없음,보행자,남,83세,경상
11894,2019031700100226,2019년 3월 17일 13시,일요일,서울특별시 중랑구 망우동,경상사고,0,0,1,0,차대사람 - 횡단중,안전운전불이행,포장 - 건조,맑음,교차로 - 교차로안,승용,남,68세,상해없음,보행자,여,42세,경상