,사고번호,사고일시,요일,시군구,사고내용,사망자수,중상자수,경상자수,부상신고자수,사고유형,법규위반,노면상태,기상상태,도로형태,가해운전자 차종,가해운전자 성별,가해운전자 연령,가해운전자 상해정도,피해운전자 차종,피해운전자 성별,피해운전자 연령,피해운전자 상해정도
12232,2019032900100457,2019년 3월 29일 17시,금요일,서울특별시 강북구 번동,경상사고,0,0,1,0,차대사람 - 기타,안전운전불이행,포장 - 건조,맑음,단일로 - 기타,승합,남,57세,기타불명,보행자,남,59세,경상
12233,2019032900100460,2019년 3월 29일 17시,금요일,서울특별시 강서구 화곡동,중상사고,0,1,0,0,차대사람 - 횡단중,안전운전불이행,포장 - 건조,맑음,단일로 - 기타,화물,남,66세,상해없음,보행자,남,77세,중상
12234,2019032900100514,2019년 3월 29일 18시,금요일,서울특별시 동대문구 장안동,중상사고,0,1,0,0,차대사람 - 횡단중,안전운전불이행,포장 - 건조,맑음,단일로 - 기타,승용,남,43세,상해없음,보행자,여,54세,중상
12235,2019032900100556,2019년 3월 29일 19시,금요일,서울특별시 강북구 미아동,중상사고,0,1,0,0,차대사람 - 차도통행중,안전운전불이행,포장 - 건조,맑음,단일로 - 기타,승용,남,49세,상해없음,보행자,남,52세,중상
12236,2019032900100559,2019년 3월 29일 19시,금요일,서울특별시 마포구 도화동,중상사고,0,1,0,0,차대사람 - 차도통행중,안전운전불이행,포장 - 건조,맑음,교차로 - 교차로안,승용,남,37세,상해없음,보행자,여,52세,중상
12237,2019032900100562,2019년 3월 29일 19시,금요일,서울특별시 성동구 성수동2가,경상사고,0,0,1,0,차대사람 - 길가장자리구역통행중,안전운전불이행,포장 - 건조,맑음,단일로 - 기타,승용,여,39세,상해없음,보행자,남,40세,경상
12238,2019032900100604,2019년 3월 29일 20시,금요일,서울특별시 영등포구 여의도동,경상사고,0,0,1,0,차대사람 - 보도통행중,신호위반,포장 - 건조,맑음,교차로 - 교차로횡단보도내,승용,여,75세,상해없음,보행자,여,21세,경상
12239,2019032900100607,2019년 3월 29일 20시,금요일,서울특별시 중랑구 망우동,중상사고,0,1,0,0,차대사람 - 기타,안전운전불이행,포장 - 건조,맑음,단일로 - 기타,승합,남,44세,상해없음,보행자,남,66세,중상
12240,2019032900100638,2019년 3월 29일 21시,금요일,서울특별시 관악구 봉천동,경상사고,0,0,1,0,차대사람 - 기타,안전운전불이행,포장 - 건조,맑음,단일로 - 기타,승합,여,46세,상해없음,보행자,남,42세,경상
12241,2019032900100643,2019년 3월 29일 21시,금요일,서울특별시 도봉구 도봉동,중상사고,0,1,0,0,차대사람 - 보도통행중,안전운전불이행,포장 - 건조,맑음,단일로 - 기타,승합,여,59세,상해없음,보행자,여,48세,중상
12242,2019032900100672,2019년 3월 29일 22시,금요일,서울특별시 관악구 봉천동,경상사고,0,0,1,0,차대사람 - 차도통행중,안전운전불이행,포장 - 건조,맑음,단일로 - 기타,승용,남,26세,상해없음,보행자,남,41세,경상
12243,2019032900100700,2019년 3월 29일 23시,금요일,서울특별시 노원구 상계동,경상사고,0,0,1,0,차대사람 - 길가장자리구역통행중,안전운전불이행,포장 - 건조,맑음,교차로 - 교차로부근,승용,남,50세,상해없음,보행자,남,18세,경상
12244,2019033000100022,2019년 3월 30일 00시,토요일,서울특별시 강동구 명일동,중상사고,0,1,0,0,차대사람 - 횡단중,안전운전불이행,포장 - 젖음/습기,비,교차로 - 교차로횡단보도내,승용,남,60세,상해없음,보행자,남,41세,중상
12245,2019033000100023,2019년 3월 30일 00시,토요일,서울특별시 구로구 신도림동,경상사고,0,0,1,0,차대사람 - 횡단중,신호위반,포장 - 젖음/습기,비,단일로 - 기타,승용,남,69세,상해없음,보행자,남,25세,경상
12246,2019033000100024,2019년 3월 30일 00시,토요일,서울특별시 서초구 방배동,중상사고,0,1,0,0,차대사람 - 차도통행중,안전운전불이행,포장 - 젖음/습기,비,단일로 - 기타,승용,남,61세,상해없음,보행자,남,59세,중상
12247,2019033000100049,2019년 3월 30일 01시,토요일,서울특별시 광진구 광장동,경상사고,0,0,1,0,차대사람 - 차도통행중,안전운전불이행,포장 - 건조,맑음,단일로 - 기타,승용,남,63세,상해없음,보행자,남,43세,경상
12248,2019033000100051,2019년 3월 30일 01시,토요일,서울특별시 금천구 독산동,중상사고,0,1,0,0,차대사람 - 횡단중,안전운전불이행,포장 - 젖음/습기,비,교차로 - 교차로횡단보도내,승용,여,64세,상해없음,보행자,여,33세,중상
12249,2019033000100053,2019년 3월 30일 01시,토요일,서울특별시 강동구 길동,경상사고,0,0,1,0,차대사람 - 횡단중,신호위반,포장 - 젖음/습기,비,교차로 - 교차로안,승용,남,56세,상해없음,보행자,여,21세,경상
12250,2019033000100083,2019년 3월 30일 02시,토요일,서울특별시 용산구 이태원동,경상사고,0,0,1,0,차대사람 - 길가장자리구역통행중,안전운전불이행,포장 - 젖음/습기,비,단일로 - 기타,기타불명,기타불명,미분류,기타불명,보행자,남,34세,경상
12251,2019033000100105,2019년 3월 30일 03시,토요일,서울특별시 마포구 서교동,경상사고,0,0,1,0,차대사람 - 기타,안전운전불이행,포장 - 건조,맑음,단일로 - 기타,승용,남,32세,상해없음,보행자,남,29세,경상
12252,2019033000100128,2019년 3월 30일 04시,토요일,서울특별시 강서구 방화동,중상사고,0,1,0,0,차대사람 - 횡단중,보행자보호의무위반,포장 - 젖음/습기,비,교차로 - 교차로횡단보도내,승용,남,57세,상해없음,보행자,여,71세,중상
12253,2019033000100150,2019년 3월 30일 06시,토요일,서울특별시 용산구 서빙고동,경상사고,0,0,1,0,차대사람 - 기타,안전운전불이행,포장 - 건조,맑음,교차로 - 교차로부근,승용,남,51세,상해없음,보행자,남,27세,경상
12254,2019033000100186,2019년 3월 30일 08시,토요일,서울특별시 강남구 역삼동,경상사고,0,0,1,0,차대사람 - 기타,안전운전불이행,포장 - 건조,맑음,단일로 - 기타,승용,남,63세,상해없음,보행자,남,42세,경상
12255,2019033000100211,2019년 3월 30일 09시,토요일,서울특별시 송파구 신천동,경상사고,0,0,1,0,차대사람 - 보도통행중,안전운전불이행,포장 - 건조,맑음,단일로 - 기타,자전거,남,23세,상해없음,보행자,여,34세,경상
12256,2019033000100262,2019년 3월 30일 11시,토요일,서울특별시 동대문구 제기동,중상사고,0,1,0,0,차대사람 - 기타,안전운전불이행,포장 - 건조,맑음,교차로 - 교차로안,화물,남,62세,상해없음,보행자,남,90세 이상,중상
12257,2019033000100264,2019년 3월 30일 11시,토요일,서울특별시 관악구 봉천동,중상사고,0,1,0,0,차대사람 - 차도통행중,안전운전불이행,포장 - 건조,맑음,교차로 - 교차로부근,승용,남,43세,기타불명,보행자,남,59세,중상
12258,2019033000100265,2019년 3월 30일 11시,토요일,서울특별시 강서구 화곡동,중상사고,0,1,0,0,차대사람 - 보도통행중,보행자보호의무위반,포장 - 건조,맑음,교차로 - 교차로횡단보도내,화물,남,43세,상해없음,보행자,남,43세,중상
12259,2019033000100267,2019년 3월 30일 11시,토요일,서울특별시 구로구 구로동,경상사고,0,0,1,0,차대사람 - 기타,안전운전불이행,포장 - 건조,기타,단일로 - 기타,이륜,남,22세,상해없음,보행자,남,28세,경상
12260,2019033000100268,2019년 3월 30일 11시,토요일,서울특별시 서초구 반포동,경상사고,0,0,1,0,차대사람 - 기타,보행자보호의무위반,포장 - 건조,맑음,단일로 - 기타,승용,남,31세,상해없음,보행자,여,21세,경상
12261,2019033000100311,2019년 3월 30일 12시,토요일,서울특별시 은평구 갈현동,경상사고,0,0,1,0,차대사람 - 횡단중,보행자보호의무위반,포장 - 젖음/습기,비,교차로 - 교차로횡단보도내,화물,남,46세,상해없음,보행자,여,23세,경상
12262,2019033000100350,2019년 3월 30일 13시,토요일,서울특별시 동대문구 답십리동,경상사고,0,0,1,0,차대사람 - 횡단중,보행자보호의무위반,포장 - 건조,맑음,교차로 - 교차로횡단보도내,승용,남,49세,상해없음,보행자,여,78세,경상
12263,2019033000100390,2019년 3월 30일 14시,토요일,서울특별시 동대문구 휘경동,중상사고,0,1,0,0,차대사람 - 기타,안전운전불이행,포장 - 건조,맑음,단일로 - 기타,승합,남,34세,상해없음,보행자,남,41세,중상
12264,2019033000100429,2019년 3월 30일 15시,토요일,서울특별시 노원구 중계동,경상사고,0,0,2,0,차대사람 - 보도통행중,신호위반,포장 - 건조,맑음,단일로 - 기타,이륜,남,24세,경상,보행자,남,8세,경상
12265,2019033000100462,2019년 3월 30일 16시,토요일,서울특별시 서초구 서초동,경상사고,0,0,1,0,차대사람 - 횡단중,보행자보호의무위반,포장 - 건조,맑음,단일로 - 기타,승용,남,48세,상해없음,보행자,여,17세,경상
12266,2019033000100498,2019년 3월 30일 17시,토요일,서울특별시 종로구 세종로,경상사고,0,0,1,0,차대사람 - 횡단중,안전운전불이행,포장 - 건조,맑음,단일로 - 지하차도(도로)내,승용,남,75세,상해없음,보행자,남,84세,경상
12267,2019033000100565,2019년 3월 30일 19시,토요일,서울특별시 중랑구 묵동,중상사고,0,1,1,0,차대사람 - 횡단중,안전운전불이행,포장 - 젖음/습기,비,단일로 - 기타,이륜,남,22세,경상,보행자,남,59세,중상
12268,2019033000100603,2019년 3월 30일 20시,토요일,서울특별시 노원구 상계동,경상사고,0,0,1,0,차대사람 - 보도통행중,보행자보호의무위반,포장 - 건조,맑음,단일로 - 기타,승용,남,54세,상해없음,보행자,남,44세,경상
12269,2019033000100640,2019년 3월 30일 21시,토요일,서울특별시 광진구 중곡동,중상사고,0,1,0,0,차대사람 - 횡단중,안전운전불이행,포장 - 젖음/습기,비,단일로 - 기타,승용,남,66세,상해없음,보행자,남,47세,중상
12270,2019033000100641,2019년 3월 30일 21시,토요일,서울특별시 강동구 천호동,중상사고,0,2,0,0,차대사람 - 횡단중,신호위반,포장 - 건조,맑음,교차로 - 교차로안,승용,여,34세,상해없음,보행자,남,62세,중상
12271,2019033000100642,2019년 3월 30일 21시,토요일,서울특별시 양천구 신월동,경상사고,0,0,1,0,차대사람 - 기타,안전운전불이행,포장 - 건조,맑음,교차로 - 교차로안,승용,남,57세,상해없음,보행자,여,62세,경상
12272,2019033000100668,2019년 3월 30일 22시,토요일,서울특별시 강동구 천호동,경상사고,0,0,1,0,차대사람 - 기타,안전운전불이행,포장 - 건조,맑음,주차장 - 주차장,기타불명,기타불명,미분류,기타불명,보행자,남,51세,경상
12273,2019033100100017,2019년 3월 31일 00시,일요일,서울특별시 강남구 논현동,경상사고,0,0,1,0,차대사람 - 횡단중,기타,포장 - 건조,맑음,교차로 - 교차로안,승용,남,57세,상해없음,보행자,여,23세,경상
12274,2019033100100020,2019년 3월 31일 00시,일요일,서울특별시 구로구 신도림동,경상사고,0,0,1,0,차대사람 - 기타,안전운전불이행,포장 - 건조,맑음,단일로 - 기타,승용,남,65세,상해없음,보행자,남,49세,경상
12275,2019033100100062,2019년 3월 31일 02시,일요일,서울특별시 노원구 하계동,경상사고,0,0,1,0,차대사람 - 보도통행중,보행자보호의무위반,포장 - 젖음/습기,흐림,교차로 - 교차로안,승용,남,56세,상해없음,보행자,여,55세,경상
12276,2019033100100120,2019년 3월 31일 10시,일요일,서울특별시 마포구 신수동,경상사고,0,0,1,0,차대사람 - 기타,안전운전불이행,포장 - 건조,맑음,단일로 - 기타,승용,남,51세,상해없음,보행자,남,66세,경상
12277,2019033100100138,2019년 3월 31일 11시,일요일,서울특별시 광진구 자양동,경상사고,0,0,1,0,차대사람 - 길가장자리구역통행중,신호위반,포장 - 건조,맑음,단일로 - 기타,이륜,남,24세,상해없음,보행자,여,7세,경상
12278,2019033100100163,2019년 3월 31일 12시,일요일,서울특별시 강북구 수유동,부상신고사고,0,0,0,1,차대사람 - 기타,안전운전불이행,포장 - 건조,맑음,단일로 - 기타,승용,남,33세,상해없음,보행자,남,7세,부상신고
12279,2019033100100195,2019년 3월 31일 13시,일요일,서울특별시 강남구 개포동,중상사고,0,1,0,0,차대사람 - 차도통행중,안전운전불이행,포장 - 건조,맑음,교차로 - 교차로안,화물,남,59세,상해없음,보행자,여,82세,중상
12280,2019033100100251,2019년 3월 31일 15시,일요일,서울특별시 강북구 미아동,경상사고,0,0,1,0,차대사람 - 보도통행중,기타,포장 - 건조,맑음,기타 - 기타,승용,남,60세,상해없음,보행자,남,38세,경상
12281,2019033100100253,2019년 3월 31일 15시,일요일,서울특별시 노원구 공릉동,경상사고,0,0,1,0,차대사람 - 기타,기타,포장 - 건조,맑음,교차로 - 교차로부근,승용,남,71세,상해없음,보행자,여,80세,경상
12282,2019033100100254,2019년 3월 31일 15시,일요일,서울특별시 강남구 자곡동,경상사고,0,0,1,0,차대사람 - 기타,보행자보호의무위반,포장 - 건조,맑음,단일로 - 기타,기타불명,기타불명,미분류,기타불명,보행자,여,25세,경상
12283,2019033100100281,2019년 3월 31일 16시,일요일,서울특별시 영등포구 신길동,중상사고,0,1,0,0,차대사람 - 기타,안전운전불이행,포장 - 건조,맑음,교차로 - 교차로안,화물,남,49세,상해없음,보행자,여,76세,중상
12284,2019033100100346,2019년 3월 31일 18시,일요일,서울특별시 광진구 화양동,경상사고,0,0,1,0,차대사람 - 기타,안전운전불이행,포장 - 건조,맑음,단일로 - 기타,승용,남,25세,상해없음,보행자,남,31세,경상
12285,2019033100100372,2019년 3월 31일 19시,일요일,서울특별시 강서구 등촌동,경상사고,0,0,1,0,차대사람 - 기타,안전운전불이행,포장 - 건조,맑음,단일로 - 기타,승용,남,53세,상해없음,보행자,여,28세,경상
12286,2019033100100428,2019년 3월 31일 21시,일요일,서울특별시 용산구 서빙고동,사망사고,1,0,0,0,차대사람 - 기타,안전운전불이행,포장 - 건조,맑음,단일로 - 기타,화물,남,52세,상해없음,보행자,여,73세,사망
12287,2019033100100430,2019년 3월 31일 21시,일요일,서울특별시 노원구 중계동,경상사고,0,0,2,0,차대사람 - 차도통행중,안전운전불이행,포장 - 건조,맑음,단일로 - 기타,자전거,남,16세,경상,보행자,여,73세,경상
12288,2019040100100076,2019년 4월 1일 06시,월요일,서울특별시 구로구 궁동,중상사고,0,1,0,0,차대사람 - 기타,신호위반,포장 - 건조,기타,기타 - 기타,승용,남,55세,상해없음,보행자,여,15세,중상
12289,2019040100100091,2019년 4월 1일 07시,월요일,서울특별시 마포구 합정동,중상사고,0,1,0,0,차대사람 - 횡단중,중앙선침범,포장 - 건조,맑음,기타 - 기타,이륜,남,36세,상해없음,보행자,남,46세,중상
12290,2019040100100128,2019년 4월 1일 08시,월요일,서울특별시 영등포구 양평동2가,경상사고,0,0,1,0,차대사람 - 횡단중,보행자보호의무위반,포장 - 건조,맑음,교차로 - 교차로횡단보도내,자전거,남,15세,상해없음,보행자,여,47세,경상
12291,2019040100100130,2019년 4월 1일 08시,월요일,서울특별시 관악구 신림동,중상사고,0,1,0,0,차대사람 - 차도통행중,신호위반,포장 - 건조,맑음,교차로 - 교차로안,이륜,남,39세,상해없음,보행자,여,75세,중상
12292,2019040100100181,2019년 4월 1일 09시,월요일,서울특별시 영등포구 신길동,중상사고,0,1,0,0,차대사람 - 횡단중,보행자보호의무위반,포장 - 건조,맑음,교차로 - 교차로부근,승용,남,32세,상해없음,보행자,여,59세,중상
12293,2019040100100187,2019년 4월 1일 09시,월요일,서울특별시 강남구 개포동,중상사고,0,1,0,0,차대사람 - 기타,안전운전불이행,포장 - 건조,맑음,교차로 - 교차로안,승용,여,57세,상해없음,보행자,남,65세,중상
12294,2019040100100286,2019년 4월 1일 12시,월요일,서울특별시 성동구 하왕십리동,중상사고,0,1,0,0,차대사람 - 횡단중,보행자보호의무위반,포장 - 건조,맑음,교차로 - 교차로횡단보도내,화물,남,67세,상해없음,보행자,여,85세,중상
12295,2019040100100288,2019년 4월 1일 12시,월요일,서울특별시 성북구 하월곡동,경상사고,0,0,1,0,차대사람 - 횡단중,안전운전불이행,포장 - 건조,맑음,기타 - 기타,화물,남,57세,상해없음,보행자,여,61세,경상
12296,2019040100100289,2019년 4월 1일 12시,월요일,서울특별시 서초구 서초동,부상신고사고,0,0,0,1,차대사람 - 기타,안전운전불이행,포장 - 건조,맑음,단일로 - 기타,승용,남,58세,상해없음,보행자,남,37세,부상신고
12297,2019040100100351,2019년 4월 1일 14시,월요일,서울특별시 중구 무학동,중상사고,0,1,0,0,차대사람 - 횡단중,보행자보호의무위반,포장 - 건조,맑음,교차로 - 교차로횡단보도내,승용,남,35세,상해없음,보행자,여,62세,중상
12298,2019040100100354,2019년 4월 1일 14시,월요일,서울특별시 동대문구 제기동,경상사고,0,0,1,0,차대사람 - 기타,안전운전불이행,포장 - 건조,맑음,단일로 - 기타,화물,남,51세,상해없음,보행자,남,60세,경상
12299,2019040100100355,2019년 4월 1일 14시,월요일,서울특별시 동대문구 제기동,경상사고,0,0,1,0,차대사람 - 횡단중,안전운전불이행,포장 - 건조,맑음,교차로 - 교차로부근,승용,남,84세,상해없음,보행자,여,52세,경상
12300,2019040100100356,2019년 4월 1일 14시,월요일,서울특별시 영등포구 여의도동,중상사고,0,1,0,0,차대사람 - 횡단중,안전운전불이행,포장 - 건조,맑음,교차로 - 교차로안,승용,남,37세,상해없음,보행자,여,61세,중상
12301,2019040100100358,2019년 4월 1일 14시,월요일,서울특별시 구로구 신도림동,경상사고,0,0,1,0,차대사람 - 차도통행중,안전운전불이행,포장 - 건조,맑음,기타 - 기타,자전거,남,67세,기타불명,보행자,여,39세,경상
12302,2019040100100360,2019년 4월 1일 14시,월요일,서울특별시 은평구 갈현동,중상사고,0,1,0,0,차대사람 - 기타,안전운전불이행,포장 - 건조,맑음,교차로 - 교차로안,승용,여,56세,상해없음,보행자,여,81세,중상
12303,2019040100100392,2019년 4월 1일 15시,월요일,서울특별시 강서구 방화동,경상사고,0,0,1,0,차대사람 - 횡단중,보행자보호의무위반,포장 - 건조,맑음,교차로 - 교차로횡단보도내,승용,여,54세,상해없음,보행자,남,32세,경상
12304,2019040100100394,2019년 4월 1일 15시,월요일,서울특별시 송파구 삼전동,경상사고,0,0,1,0,차대사람 - 횡단중,신호위반,포장 - 건조,맑음,단일로 - 기타,승용,남,30세,상해없음,보행자,남,12세,경상
12305,2019040100100428,2019년 4월 1일 16시,월요일,서울특별시 서대문구 북아현동,중상사고,0,1,0,0,차대사람 - 차도통행중,안전운전불이행,포장 - 건조,맑음,단일로 - 기타,승용,남,25세,상해없음,보행자,여,53세,중상
12306,2019040100100432,2019년 4월 1일 16시,월요일,서울특별시 양천구 신정동,사망사고,1,0,0,0,차대사람 - 횡단중,신호위반,포장 - 건조,맑음,교차로 - 교차로횡단보도내,자전거,남,14세,상해없음,보행자,여,71세,사망
12307,2019040100100471,2019년 4월 1일 17시,월요일,서울특별시 동대문구 장안동,경상사고,0,0,1,0,차대사람 - 기타,보행자보호의무위반,포장 - 건조,맑음,교차로 - 교차로횡단보도내,승용,여,53세,상해없음,보행자,남,4세,경상
12308,2019040100100477,2019년 4월 1일 17시,월요일,서울특별시 구로구 고척동,중상사고,0,1,0,0,차대사람 - 횡단중,보행자보호의무위반,포장 - 건조,맑음,교차로 - 교차로횡단보도내,승용,남,66세,상해없음,보행자,여,11세,중상
12309,2019040100100522,2019년 4월 1일 18시,월요일,서울특별시 금천구 시흥동,중상사고,0,2,0,0,차대사람 - 횡단중,신호위반,포장 - 건조,맑음,단일로 - 기타,이륜,남,17세,상해없음,보행자,남,33세,중상
12310,2019040100100525,2019년 4월 1일 18시,월요일,서울특별시 강남구 대치동,경상사고,0,0,1,0,차대사람 - 기타,안전운전불이행,포장 - 건조,맑음,단일로 - 기타,승용,남,58세,상해없음,보행자,여,25세,경상
12311,2019040100100581,2019년 4월 1일 19시,월요일,서울특별시 강서구 내발산동,중상사고,0,1,0,0,차대사람 - 횡단중,안전운전불이행,포장 - 건조,맑음,교차로 - 교차로안,승용,여,42세,상해없음,보행자,여,53세,중상
12312,2019040100100616,2019년 4월 1일 20시,월요일,서울특별시 금천구 독산동,경상사고,0,0,1,0,차대사람 - 횡단중,안전운전불이행,포장 - 건조,맑음,단일로 - 기타,이륜,남,35세,상해없음,보행자,남,67세,경상
12313,2019040100100621,2019년 4월 1일 20시,월요일,서울특별시 강남구 수서동,경상사고,0,0,1,0,차대사람 - 횡단중,안전운전불이행,포장 - 건조,맑음,교차로 - 교차로부근,화물,남,36세,상해없음,보행자,남,75세,경상
12314,2019040100100664,2019년 4월 1일 22시,월요일,서울특별시 동작구 노량진동,중상사고,0,1,0,0,차대사람 - 횡단중,신호위반,포장 - 건조,맑음,단일로 - 기타,이륜,남,17세,상해없음,보행자,남,51세,중상
12315,2019040100100681,2019년 4월 1일 23시,월요일,서울특별시 강남구 청담동,중상사고,0,1,1,0,차대사람 - 기타,안전운전불이행,포장 - 건조,맑음,단일로 - 기타,승용,여,42세,상해없음,보행자,남,27세,중상
12316,2019040200100028,2019년 4월 2일 00시,화요일,서울특별시 강남구 역삼동,경상사고,0,0,1,0,차대사람 - 기타,안전운전불이행,포장 - 건조,맑음,기타 - 기타,승용,남,42세,상해없음,보행자,남,31세,경상
12317,2019040200100058,2019년 4월 2일 03시,화요일,서울특별시 송파구 가락동,중상사고,0,1,0,0,차대사람 - 기타,안전운전불이행,포장 - 건조,맑음,교차로 - 교차로안,승용,남,43세,상해없음,보행자,남,52세,중상
12318,2019040200100071,2019년 4월 2일 05시,화요일,서울특별시 중랑구 상봉동,중상사고,0,1,0,0,차대사람 - 횡단중,안전운전불이행,포장 - 건조,맑음,단일로 - 기타,특수,남,42세,상해없음,보행자,남,30세,중상
12319,2019040200100072,2019년 4월 2일 05시,화요일,서울특별시 노원구 상계동,중상사고,0,1,0,0,차대사람 - 기타,안전운전불이행,포장 - 건조,맑음,기타 - 기타,승용,남,55세,상해없음,보행자,남,66세,중상
12320,2019040200100073,2019년 4월 2일 05시,화요일,서울특별시 강남구 대치동,중상사고,0,1,0,0,차대사람 - 기타,신호위반,포장 - 건조,맑음,교차로 - 교차로안,승용,남,62세,상해없음,보행자,여,64세,중상
12321,2019040200100125,2019년 4월 2일 08시,화요일,서울특별시 영등포구 도림동,경상사고,0,0,1,0,차대사람 - 기타,기타,포장 - 건조,맑음,교차로 - 교차로안,자전거,남,54세,기타불명,보행자,여,10세,경상
12322,2019040200100132,2019년 4월 2일 08시,화요일,서울특별시 양천구 신정동,경상사고,0,0,1,0,차대사람 - 횡단중,보행자보호의무위반,포장 - 건조,맑음,단일로 - 기타,승용,남,42세,상해없음,보행자,여,60세,경상
12323,2019040200100187,2019년 4월 2일 09시,화요일,서울특별시 동작구 사당동,중상사고,0,1,0,0,차대사람 - 길가장자리구역통행중,안전운전불이행,포장 - 건조,맑음,교차로 - 교차로안,승용,여,32세,상해없음,보행자,남,66세,중상
12324,2019040200100257,2019년 4월 2일 11시,화요일,서울특별시 서대문구 홍은동,경상사고,0,0,1,0,차대사람 - 기타,안전운전불이행,포장 - 건조,맑음,단일로 - 기타,이륜,남,33세,상해없음,보행자,남,25세,경상
12325,2019040200100259,2019년 4월 2일 11시,화요일,서울특별시 금천구 시흥동,중상사고,0,1,0,1,차대사람 - 횡단중,보행자보호의무위반,포장 - 건조,맑음,단일로 - 기타,화물,남,41세,상해없음,보행자,여,32세,중상
12326,2019040200100282,2019년 4월 2일 12시,화요일,서울특별시 강북구 번동,경상사고,0,0,1,0,차대사람 - 길가장자리구역통행중,안전운전불이행,포장 - 건조,맑음,단일로 - 기타,승용,여,62세,상해없음,보행자,여,44세,경상
12327,2019040200100283,2019년 4월 2일 12시,화요일,서울특별시 금천구 독산동,부상신고사고,0,0,0,1,차대사람 - 보도통행중,안전운전불이행,포장 - 건조,맑음,단일로 - 기타,승합,남,60세,상해없음,보행자,여,20세,부상신고
12328,2019040200100288,2019년 4월 2일 12시,화요일,서울특별시 서초구 서초동,경상사고,0,0,1,0,차대사람 - 기타,안전운전불이행,포장 - 건조,맑음,단일로 - 기타,승용,남,78세,상해없음,보행자,여,23세,경상
12329,2019040200100289,2019년 4월 2일 12시,화요일,서울특별시 은평구 불광동,경상사고,0,0,1,0,차대사람 - 기타,안전운전불이행,포장 - 건조,맑음,교차로 - 교차로부근,승용,남,28세,상해없음,보행자,여,79세,경상
12330,2019040200100321,2019년 4월 2일 13시,화요일,서울특별시 금천구 독산동,중상사고,0,1,0,0,차대사람 - 보도통행중,기타,포장 - 건조,맑음,기타 - 기타,승용,여,47세,상해없음,보행자,여,46세,중상
12331,2019040200100352,2019년 4월 2일 14시,화요일,서울특별시 광진구 화양동,경상사고,0,0,1,0,차대사람 - 길가장자리구역통행중,안전운전불이행,포장 - 건조,맑음,단일로 - 기타,승용,여,57세,상해없음,보행자,여,25세,경상
12332,2019040200100357,2019년 4월 2일 14시,화요일,서울특별시 성북구 종암동,경상사고,0,0,1,0,차대사람 - 보도통행중,기타,포장 - 건조,맑음,기타 - 기타,승합,남,63세,상해없음,보행자,여,55세,경상
12333,2019040200100427,2019년 4월 2일 16시,화요일,서울특별시 영등포구 대림동,경상사고,0,0,1,0,차대사람 - 횡단중,보행자보호의무위반,포장 - 건조,맑음,교차로 - 교차로부근,승용,남,63세,상해없음,보행자,남,16세,경상
12334,2019040200100432,2019년 4월 2일 16시,화요일,서울특별시 도봉구 방학동,중상사고,0,1,0,0,차대사람 - 횡단중,안전운전불이행,포장 - 건조,맑음,교차로 - 교차로부근,승용,남,76세,상해없음,보행자,여,16세,중상
12335,2019040200100468,2019년 4월 2일 17시,화요일,서울특별시 송파구 마천동,경상사고,0,0,1,0,차대사람 - 기타,안전운전불이행,포장 - 건조,맑음,기타 - 기타,승용,여,57세,상해없음,보행자,남,70세,경상
12336,2019040200100510,2019년 4월 2일 18시,화요일,서울특별시 중랑구 망우동,중상사고,0,1,0,0,차대사람 - 보도통행중,보행자보호의무위반,포장 - 건조,맑음,교차로 - 교차로부근,승용,남,74세,상해없음,보행자,여,12세,중상
12337,2019040200100553,2019년 4월 2일 19시,화요일,서울특별시 동대문구 청량리동,중상사고,0,1,0,0,차대사람 - 횡단중,신호위반,포장 - 건조,맑음,교차로 - 교차로안,이륜,남,22세,상해없음,보행자,남,85세,중상
12338,2019040200100624,2019년 4월 2일 21시,화요일,서울특별시 동작구 본동,중상사고,0,1,0,0,차대사람 - 기타,안전운전불이행,포장 - 건조,맑음,단일로 - 기타,승합,남,38세,상해없음,보행자,여,72세,중상
12339,2019040200100627,2019년 4월 2일 21시,화요일,서울특별시 노원구 상계동,중상사고,0,1,0,0,차대사람 - 기타,안전운전불이행,포장 - 건조,맑음,교차로 - 교차로안,승용,남,48세,상해없음,보행자,여,46세,중상
12340,2019040200100667,2019년 4월 2일 23시,화요일,서울특별시 영등포구 당산동2가,중상사고,0,1,0,0,차대사람 - 횡단중,안전운전불이행,포장 - 건조,맑음,교차로 - 교차로안,승용,남,56세,상해없음,보행자,남,58세,중상
12341,2019040200100668,2019년 4월 2일 23시,화요일,서울특별시 성동구 금호동1가,경상사고,0,0,1,0,차대사람 - 횡단중,보행자보호의무위반,포장 - 건조,맑음,교차로 - 교차로횡단보도내,승용,남,24세,상해없음,보행자,여,33세,경상
12342,2019040200100669,2019년 4월 2일 23시,화요일,서울특별시 중랑구 중화동,경상사고,0,0,1,0,차대사람 - 기타,기타,포장 - 건조,맑음,단일로 - 기타,승합,남,59세,상해없음,보행자,남,36세,경상
12343,2019040200100672,2019년 4월 2일 23시,화요일,서울특별시 강서구 화곡동,경상사고,0,0,1,0,차대사람 - 횡단중,보행자보호의무위반,포장 - 건조,맑음,교차로 - 교차로횡단보도내,승용,남,23세,상해없음,보행자,남,27세,경상