,사고번호,사고일시,요일,시군구,사고내용,사망자수,중상자수,경상자수,부상신고자수,사고유형,법규위반,노면상태,기상상태,도로형태,가해운전자 차종,가해운전자 성별,가해운전자 연령,가해운전자 상해정도,피해운전자 차종,피해운전자 성별,피해운전자 연령,피해운전자 상해정도
12570,2019041000100505,2019년 4월 10일 19시,수요일,서울특별시 강북구 수유동,경상사고,0,0,1,0,차대사람 - 횡단중,안전운전불이행,포장 - 건조,흐림,단일로 - 기타,승용,남,41세,상해없음,보행자,여,26세,경상
12571,2019041000100509,2019년 4월 10일 19시,수요일,서울특별시 중랑구 중화동,경상사고,0,0,1,0,차대사람 - 보도통행중,기타,포장 - 건조,맑음,기타 - 기타,화물,남,51세,상해없음,보행자,남,60세,경상
12572,2019041000100513,2019년 4월 10일 19시,수요일,서울특별시 은평구 불광동,경상사고,0,0,1,0,차대사람 - 횡단중,보행자보호의무위반,포장 - 건조,맑음,교차로 - 교차로횡단보도내,승용,여,42세,상해없음,보행자,여,34세,경상
12573,2019041000100542,2019년 4월 10일 20시,수요일,서울특별시 강동구 천호동,경상사고,0,0,1,0,차대사람 - 횡단중,보행자보호의무위반,포장 - 건조,맑음,교차로 - 교차로횡단보도내,이륜,남,35세,상해없음,보행자,여,56세,경상
12574,2019041000100570,2019년 4월 10일 21시,수요일,서울특별시 중구 봉래동2가,중상사고,0,1,0,0,차대사람 - 차도통행중,안전운전불이행,포장 - 건조,맑음,단일로 - 기타,승용,남,52세,상해없음,보행자,남,54세,중상
12575,2019041000100572,2019년 4월 10일 21시,수요일,서울특별시 동작구 상도동,중상사고,0,1,0,0,차대사람 - 횡단중,안전운전불이행,포장 - 건조,맑음,기타 - 기타,이륜,남,41세,상해없음,보행자,여,62세,중상
12576,2019041000100573,2019년 4월 10일 21시,수요일,서울특별시 동작구 상도동,중상사고,0,1,0,0,차대사람 - 기타,안전운전불이행,포장 - 건조,맑음,기타 - 기타,기타불명,기타불명,미분류,기타불명,보행자,남,24세,중상
12577,2019041000100576,2019년 4월 10일 21시,수요일,서울특별시 서초구 서초동,경상사고,0,0,1,0,차대사람 - 기타,안전운전불이행,포장 - 건조,맑음,단일로 - 기타,승용,남,70세,상해없음,보행자,남,18세,경상
12578,2019041000100627,2019년 4월 10일 23시,수요일,서울특별시 서대문구 남가좌동,경상사고,0,0,1,0,차대사람 - 기타,안전운전불이행,포장 - 건조,맑음,교차로 - 교차로안,승용,남,63세,상해없음,보행자,여,34세,경상
12579,2019041000100628,2019년 4월 10일 23시,수요일,서울특별시 영등포구 양화동,경상사고,0,0,1,0,차대사람 - 기타,안전운전불이행,포장 - 건조,맑음,단일로 - 기타,기타불명,기타불명,미분류,기타불명,보행자,남,27세,경상
12580,2019041000100630,2019년 4월 10일 23시,수요일,서울특별시 동작구 사당동,경상사고,0,0,2,0,차대사람 - 차도통행중,안전운전불이행,포장 - 건조,맑음,단일로 - 기타,이륜,여,35세,상해없음,보행자,남,50세,경상
12581,2019041000100631,2019년 4월 10일 23시,수요일,서울특별시 강서구 화곡동,경상사고,0,0,1,0,차대사람 - 횡단중,보행자보호의무위반,포장 - 건조,맑음,기타 - 기타,승용,남,63세,상해없음,보행자,남,25세,경상
12582,2019041100100023,2019년 4월 11일 00시,목요일,서울특별시 영등포구 대림동,부상신고사고,0,0,0,1,차대사람 - 기타,안전운전불이행,포장 - 건조,맑음,단일로 - 기타,기타불명,기타불명,미분류,기타불명,보행자,남,37세,부상신고
12583,2019041100100052,2019년 4월 11일 03시,목요일,서울특별시 관악구 봉천동,중상사고,0,1,0,0,차대사람 - 차도통행중,안전운전불이행,포장 - 건조,맑음,단일로 - 기타,승용,남,54세,상해없음,보행자,여,67세,중상
12584,2019041100100058,2019년 4월 11일 04시,목요일,서울특별시 양천구 목동,중상사고,0,1,0,0,차대사람 - 횡단중,안전운전불이행,포장 - 건조,맑음,단일로 - 기타,이륜,남,48세,기타불명,보행자,여,63세,중상
12585,2019041100100065,2019년 4월 11일 05시,목요일,서울특별시 마포구 성산동,경상사고,0,0,1,0,차대사람 - 기타,안전운전불이행,포장 - 건조,맑음,교차로 - 교차로안,이륜,남,73세,상해없음,보행자,남,59세,경상
12586,2019041100100068,2019년 4월 11일 05시,목요일,서울특별시 양천구 목동,부상신고사고,0,0,0,1,차대사람 - 기타,안전운전불이행,포장 - 건조,맑음,단일로 - 기타,승합,여,56세,상해없음,보행자,남,55세,부상신고
12587,2019041100100095,2019년 4월 11일 07시,목요일,서울특별시 동작구 사당동,부상신고사고,0,0,0,1,차대사람 - 보도통행중,안전운전불이행,포장 - 건조,맑음,기타 - 기타,개인형이동수단(PM),남,25세,상해없음,보행자,여,75세,부상신고
12588,2019041100100194,2019년 4월 11일 10시,목요일,서울특별시 강북구 수유동,중상사고,0,1,0,0,차대사람 - 횡단중,보행자보호의무위반,포장 - 건조,맑음,교차로 - 교차로안,원동기,남,82세,상해없음,보행자,여,56세,중상
12589,2019041100100249,2019년 4월 11일 12시,목요일,서울특별시 동대문구 장안동,중상사고,0,1,0,0,차대사람 - 보도통행중,보행자보호의무위반,포장 - 건조,맑음,교차로 - 교차로횡단보도내,승용,여,42세,상해없음,보행자,남,71세,중상
12590,2019041100100250,2019년 4월 11일 12시,목요일,서울특별시 마포구 서교동,경상사고,0,0,1,0,차대사람 - 기타,안전운전불이행,포장 - 건조,맑음,단일로 - 기타,승용,남,42세,상해없음,보행자,여,38세,경상
12591,2019041100100251,2019년 4월 11일 12시,목요일,서울특별시 성동구 용답동,경상사고,0,0,1,0,차대사람 - 길가장자리구역통행중,안전운전불이행,포장 - 건조,맑음,단일로 - 기타,승용,남,26세,상해없음,보행자,여,25세,경상
12592,2019041100100281,2019년 4월 11일 13시,목요일,서울특별시 강북구 수유동,경상사고,0,0,1,0,차대사람 - 차도통행중,안전운전불이행,포장 - 건조,맑음,단일로 - 기타,승용,여,62세,상해없음,보행자,여,53세,경상
12593,2019041100100282,2019년 4월 11일 13시,목요일,서울특별시 광진구 자양동,경상사고,0,0,1,0,차대사람 - 횡단중,안전운전불이행,포장 - 건조,맑음,교차로 - 교차로안,기타불명,기타불명,미분류,기타불명,보행자,남,31세,경상
12594,2019041100100283,2019년 4월 11일 13시,목요일,서울특별시 마포구 연남동,경상사고,0,0,1,0,차대사람 - 기타,불법유턴,포장 - 건조,맑음,기타 - 기타,승용,남,31세,상해없음,보행자,여,27세,경상
12595,2019041100100287,2019년 4월 11일 13시,목요일,서울특별시 송파구 신천동,중상사고,0,1,0,0,차대사람 - 횡단중,신호위반,포장 - 건조,맑음,기타 - 기타,승용,여,40세,상해없음,보행자,여,53세,중상
12596,2019041100100312,2019년 4월 11일 14시,목요일,서울특별시 동대문구 장안동,경상사고,0,0,1,0,차대사람 - 기타,안전운전불이행,포장 - 건조,맑음,단일로 - 기타,승용,남,73세,상해없음,보행자,남,25세,경상
12597,2019041100100338,2019년 4월 11일 15시,목요일,서울특별시 강남구 대치동,중상사고,0,1,0,0,차대사람 - 기타,안전운전불이행,포장 - 건조,맑음,단일로 - 기타,승용,남,30세,상해없음,보행자,여,13세,중상
12598,2019041100100360,2019년 4월 11일 16시,목요일,서울특별시 성동구 성수동2가,중상사고,0,1,0,0,차대사람 - 횡단중,보행자보호의무위반,포장 - 건조,맑음,단일로 - 기타,자전거,남,24세,상해없음,보행자,여,62세,중상
12599,2019041100100365,2019년 4월 11일 16시,목요일,서울특별시 서초구 잠원동,중상사고,0,1,0,0,차대사람 - 보도통행중,기타,포장 - 건조,맑음,기타 - 기타,자전거,남,36세,상해없음,보행자,여,71세,중상
12600,2019041100100390,2019년 4월 11일 17시,목요일,서울특별시 서초구 반포동,중상사고,0,1,0,0,차대사람 - 차도통행중,기타,포장 - 건조,맑음,단일로 - 기타,승용,남,35세,상해없음,보행자,남,9세,중상
12601,2019041100100426,2019년 4월 11일 18시,목요일,서울특별시 금천구 시흥동,경상사고,0,0,1,0,차대사람 - 차도통행중,안전운전불이행,포장 - 건조,맑음,교차로 - 교차로부근,자전거,남,56세,상해없음,보행자,여,38세,경상
12602,2019041100100466,2019년 4월 11일 19시,목요일,서울특별시 성북구 장위동,경상사고,0,0,1,0,차대사람 - 횡단중,신호위반,포장 - 건조,맑음,교차로 - 교차로횡단보도내,자전거,남,60세,상해없음,보행자,여,51세,경상
12603,2019041100100501,2019년 4월 11일 20시,목요일,서울특별시 영등포구 문래동3가,부상신고사고,0,0,0,1,차대사람 - 기타,안전운전불이행,포장 - 건조,맑음,기타 - 기타,이륜,남,25세,상해없음,보행자,남,46세,부상신고
12604,2019041100100529,2019년 4월 11일 21시,목요일,서울특별시 서대문구 홍은동,사망사고,1,0,0,0,차대사람 - 횡단중,안전운전불이행,포장 - 건조,맑음,단일로 - 기타,승합,남,62세,상해없음,보행자,남,64세,사망
12605,2019041100100536,2019년 4월 11일 21시,목요일,서울특별시 도봉구 방학동,경상사고,0,0,1,0,차대사람 - 기타,안전운전불이행,포장 - 건조,맑음,단일로 - 기타,승용,남,58세,상해없음,보행자,남,19세,경상
12606,2019041100100563,2019년 4월 11일 22시,목요일,서울특별시 성북구 안암동1가,중상사고,0,1,0,0,차대사람 - 차도통행중,안전운전불이행,포장 - 건조,맑음,단일로 - 기타,이륜,남,21세,상해없음,보행자,여,52세,중상
12607,2019041100100567,2019년 4월 11일 22시,목요일,서울특별시 노원구 공릉동,중상사고,0,1,0,0,차대사람 - 횡단중,보행자보호의무위반,포장 - 건조,맑음,단일로 - 기타,승용,여,40세,기타불명,보행자,남,27세,중상
12608,2019041100100593,2019년 4월 11일 23시,목요일,서울특별시 강남구 삼성동,경상사고,0,0,1,0,차대사람 - 횡단중,안전운전불이행,포장 - 건조,맑음,단일로 - 기타,이륜,남,29세,상해없음,보행자,여,15세,경상
12609,2019041200100034,2019년 4월 12일 01시,금요일,서울특별시 강동구 길동,중상사고,0,1,1,0,차대사람 - 차도통행중,안전운전불이행,포장 - 건조,맑음,기타 - 기타,승용,남,25세,상해없음,보행자,남,34세,중상
12610,2019041200100045,2019년 4월 12일 02시,금요일,서울특별시 강남구 대치동,중상사고,0,1,1,0,차대사람 - 횡단중,보행자보호의무위반,포장 - 건조,맑음,단일로 - 기타,승용,남,61세,상해없음,보행자,남,18세,중상
12611,2019041200100057,2019년 4월 12일 04시,금요일,서울특별시 도봉구 쌍문동,중상사고,0,1,0,0,차대사람 - 횡단중,보행자보호의무위반,포장 - 건조,맑음,교차로 - 교차로횡단보도내,승용,남,62세,상해없음,보행자,남,56세,중상
12612,2019041200100062,2019년 4월 12일 05시,금요일,서울특별시 동대문구 용두동,중상사고,0,1,0,0,차대사람 - 기타,안전운전불이행,포장 - 건조,맑음,교차로 - 교차로횡단보도내,이륜,남,18세,상해없음,보행자,남,30세,중상
12613,2019041200100089,2019년 4월 12일 07시,금요일,서울특별시 영등포구 여의도동,경상사고,0,0,1,0,차대사람 - 횡단중,보행자보호의무위반,포장 - 건조,맑음,교차로 - 교차로부근,승합,남,45세,기타불명,보행자,여,59세,경상
12614,2019041200100090,2019년 4월 12일 07시,금요일,서울특별시 송파구 방이동,경상사고,0,0,1,0,차대사람 - 기타,안전운전불이행,포장 - 건조,맑음,교차로 - 교차로안,승용,남,31세,상해없음,보행자,남,43세,경상
12615,2019041200100091,2019년 4월 12일 07시,금요일,서울특별시 서초구 방배동,경상사고,0,0,1,0,차대사람 - 횡단중,보행자보호의무위반,포장 - 건조,맑음,단일로 - 기타,기타불명,기타불명,미분류,기타불명,보행자,남,18세,경상
12616,2019041200100114,2019년 4월 12일 08시,금요일,서울특별시 영등포구 신길동,경상사고,0,0,1,0,차대사람 - 기타,안전운전불이행,포장 - 건조,맑음,교차로 - 교차로안,화물,남,51세,상해없음,보행자,여,24세,경상
12617,2019041200100115,2019년 4월 12일 08시,금요일,서울특별시 중랑구 묵동,중상사고,0,1,0,0,차대사람 - 횡단중,보행자보호의무위반,포장 - 건조,맑음,단일로 - 기타,승용,남,62세,상해없음,보행자,여,48세,중상
12618,2019041200100117,2019년 4월 12일 08시,금요일,서울특별시 서초구 서초동,중상사고,0,1,0,0,차대사람 - 기타,안전운전불이행,포장 - 건조,맑음,교차로 - 교차로안,승용,남,49세,상해없음,보행자,남,42세,중상
12619,2019041200100118,2019년 4월 12일 08시,금요일,서울특별시 은평구 진관동,중상사고,0,1,0,0,차대사람 - 횡단중,보행자보호의무위반,포장 - 건조,맑음,교차로 - 교차로횡단보도내,승용,남,39세,상해없음,보행자,남,47세,중상
12620,2019041200100162,2019년 4월 12일 09시,금요일,서울특별시 중랑구 중화동,중상사고,0,1,0,0,차대사람 - 횡단중,보행자보호의무위반,포장 - 건조,맑음,교차로 - 교차로횡단보도내,화물,남,55세,상해없음,보행자,여,49세,중상
12621,2019041200100197,2019년 4월 12일 10시,금요일,서울특별시 마포구 망원동,중상사고,0,1,0,0,차대사람 - 횡단중,안전운전불이행,포장 - 건조,맑음,교차로 - 교차로안,승용,남,53세,상해없음,보행자,여,64세,중상
12622,2019041200100233,2019년 4월 12일 11시,금요일,서울특별시 영등포구 당산동6가,중상사고,0,1,0,0,차대사람 - 차도통행중,안전운전불이행,포장 - 건조,맑음,단일로 - 기타,승용,여,27세,상해없음,보행자,여,64세,중상
12623,2019041200100258,2019년 4월 12일 12시,금요일,서울특별시 강남구 삼성동,경상사고,0,0,1,0,차대사람 - 기타,안전운전불이행,포장 - 건조,맑음,단일로 - 기타,승용,남,25세,상해없음,보행자,여,30세,경상
12624,2019041200100283,2019년 4월 12일 13시,금요일,서울특별시 구로구 가리봉동,경상사고,0,0,1,0,차대사람 - 기타,안전운전불이행,포장 - 건조,맑음,교차로 - 교차로안,건설기계,남,55세,상해없음,보행자,남,85세,경상
12625,2019041200100311,2019년 4월 12일 14시,금요일,서울특별시 관악구 봉천동,중상사고,0,1,0,0,차대사람 - 차도통행중,안전운전불이행,포장 - 건조,맑음,단일로 - 기타,이륜,남,70세,상해없음,보행자,여,83세,중상
12626,2019041200100312,2019년 4월 12일 14시,금요일,서울특별시 강남구 청담동,경상사고,0,0,1,0,차대사람 - 기타,기타,포장 - 건조,맑음,단일로 - 기타,승용,남,68세,상해없음,보행자,남,6세,경상
12627,2019041200100313,2019년 4월 12일 14시,금요일,서울특별시 강남구 신사동,경상사고,0,0,1,0,차대사람 - 길가장자리구역통행중,안전운전불이행,포장 - 건조,맑음,단일로 - 기타,승용,남,47세,상해없음,보행자,여,25세,경상
12628,2019041200100316,2019년 4월 12일 14시,금요일,서울특별시 송파구 가락동,경상사고,0,0,1,0,차대사람 - 기타,안전운전불이행,포장 - 건조,맑음,단일로 - 기타,승용,남,51세,상해없음,보행자,남,35세,경상
12629,2019041200100379,2019년 4월 12일 16시,금요일,서울특별시 종로구 낙원동,경상사고,0,0,1,0,차대사람 - 기타,안전운전불이행,포장 - 건조,맑음,단일로 - 기타,승용,남,49세,상해없음,보행자,남,76세,경상
12630,2019041200100382,2019년 4월 12일 16시,금요일,서울특별시 강동구 성내동,경상사고,0,0,1,0,차대사람 - 기타,안전운전불이행,포장 - 건조,맑음,교차로 - 교차로안,승용,남,58세,상해없음,보행자,여,26세,경상
12631,2019041200100384,2019년 4월 12일 16시,금요일,서울특별시 구로구 구로동,중상사고,0,1,0,0,차대사람 - 기타,안전운전불이행,포장 - 건조,맑음,단일로 - 기타,승용,남,62세,상해없음,보행자,남,44세,중상
12632,2019041200100385,2019년 4월 12일 16시,금요일,서울특별시 구로구 개봉동,중상사고,0,1,0,0,차대사람 - 차도통행중,안전운전불이행,포장 - 건조,맑음,교차로 - 교차로부근,승용,남,76세,상해없음,보행자,여,23세,중상
12633,2019041200100422,2019년 4월 12일 17시,금요일,서울특별시 강남구 삼성동,경상사고,0,0,1,0,차대사람 - 횡단중,보행자보호의무위반,포장 - 건조,맑음,교차로 - 교차로횡단보도내,승용,여,39세,상해없음,보행자,남,58세,경상
12634,2019041200100424,2019년 4월 12일 17시,금요일,서울특별시 서초구 반포동,부상신고사고,0,0,0,1,차대사람 - 횡단중,안전운전불이행,포장 - 건조,맑음,단일로 - 지하차도(도로)내,승용,여,50세,상해없음,보행자,여,13세,부상신고
12635,2019041200100472,2019년 4월 12일 18시,금요일,서울특별시 성북구 안암동1가,경상사고,0,0,1,0,차대사람 - 기타,안전운전불이행,포장 - 건조,맑음,단일로 - 기타,승합,남,67세,상해없음,보행자,남,78세,경상
12636,2019041200100477,2019년 4월 12일 18시,금요일,서울특별시 노원구 상계동,중상사고,0,1,0,0,차대사람 - 기타,보행자보호의무위반,포장 - 건조,맑음,단일로 - 기타,승용,여,43세,상해없음,보행자,남,10세,중상
12637,2019041200100518,2019년 4월 12일 19시,금요일,서울특별시 동대문구 답십리동,경상사고,0,0,1,0,차대사람 - 횡단중,안전운전불이행,포장 - 건조,맑음,교차로 - 교차로부근,이륜,남,39세,기타불명,보행자,여,78세,경상
12638,2019041200100521,2019년 4월 12일 19시,금요일,서울특별시 동작구 대방동,경상사고,0,0,1,0,차대사람 - 횡단중,안전운전불이행,포장 - 건조,맑음,단일로 - 기타,승합,남,66세,상해없음,보행자,여,65세,경상
12639,2019041200100525,2019년 4월 12일 19시,금요일,서울특별시 도봉구 창동,경상사고,0,0,1,0,차대사람 - 기타,안전운전불이행,포장 - 건조,맑음,주차장 - 주차장,승용,여,45세,상해없음,보행자,여,56세,경상
12640,2019041200100569,2019년 4월 12일 20시,금요일,서울특별시 강동구 상일동,경상사고,0,0,1,0,차대사람 - 횡단중,보행자보호의무위반,포장 - 건조,맑음,교차로 - 교차로안,화물,남,54세,상해없음,보행자,여,21세,경상
12641,2019041200100664,2019년 4월 12일 23시,금요일,서울특별시 강동구 길동,경상사고,0,0,1,0,차대사람 - 횡단중,안전운전불이행,포장 - 건조,맑음,교차로 - 교차로안,이륜,남,17세,상해없음,보행자,남,44세,경상
12642,2019041200100665,2019년 4월 12일 23시,금요일,서울특별시 성북구 하월곡동,경상사고,0,0,1,0,차대사람 - 횡단중,신호위반,포장 - 건조,맑음,교차로 - 교차로안,승용,남,34세,상해없음,보행자,여,37세,경상
12643,2019041300100041,2019년 4월 13일 01시,토요일,서울특별시 광진구 자양동,중상사고,0,1,0,0,차대사람 - 횡단중,안전운전불이행,포장 - 건조,맑음,교차로 - 교차로횡단보도내,승용,남,65세,상해없음,보행자,여,57세,중상
12644,2019041300100042,2019년 4월 13일 01시,토요일,서울특별시 관악구 봉천동,경상사고,0,0,1,0,차대사람 - 기타,안전운전불이행,포장 - 건조,맑음,단일로 - 기타,승용,남,42세,상해없음,보행자,남,31세,경상
12645,2019041300100057,2019년 4월 13일 02시,토요일,서울특별시 강북구 번동,경상사고,0,0,1,0,차대사람 - 차도통행중,안전운전불이행,포장 - 건조,맑음,단일로 - 기타,승용,남,29세,상해없음,보행자,남,30세,경상
12646,2019041300100081,2019년 4월 13일 03시,토요일,서울특별시 강남구 일원동,경상사고,0,0,1,0,차대사람 - 기타,보행자보호의무위반,포장 - 건조,맑음,교차로 - 교차로횡단보도내,승용,남,46세,상해없음,보행자,남,24세,경상
12647,2019041300100101,2019년 4월 13일 05시,토요일,서울특별시 관악구 봉천동,중상사고,0,1,0,0,차대사람 - 횡단중,신호위반,포장 - 건조,맑음,교차로 - 교차로안,승용,남,58세,상해없음,보행자,남,73세,중상
12648,2019041300100112,2019년 4월 13일 06시,토요일,서울특별시 동대문구 신설동,중상사고,0,1,0,0,차대사람 - 기타,안전운전불이행,포장 - 건조,흐림,교차로 - 교차로안,승용,남,45세,상해없음,보행자,여,35세,중상
12649,2019041300100126,2019년 4월 13일 07시,토요일,서울특별시 강남구 논현동,경상사고,0,0,1,0,차대사람 - 기타,안전운전불이행,포장 - 건조,맑음,교차로 - 교차로부근,이륜,남,29세,상해없음,보행자,남,27세,경상
12650,2019041300100147,2019년 4월 13일 08시,토요일,서울특별시 강서구 공항동,경상사고,0,0,1,0,차대사람 - 기타,안전운전불이행,포장 - 건조,맑음,기타 - 기타,승용,남,55세,상해없음,보행자,여,72세,경상
12651,2019041300100191,2019년 4월 13일 10시,토요일,서울특별시 강북구 미아동,경상사고,0,0,1,0,차대사람 - 기타,안전운전불이행,포장 - 건조,맑음,교차로 - 교차로안,승용,남,77세,기타불명,보행자,남,54세,경상
12652,2019041300100271,2019년 4월 13일 12시,토요일,서울특별시 송파구 가락동,부상신고사고,0,0,0,1,차대사람 - 횡단중,안전운전불이행,포장 - 건조,맑음,단일로 - 기타,승용,여,20세,상해없음,보행자,남,46세,부상신고
12653,2019041300100311,2019년 4월 13일 13시,토요일,서울특별시 중랑구 면목동,경상사고,0,0,1,0,차대사람 - 기타,안전운전불이행,포장 - 건조,맑음,단일로 - 기타,승용,여,50세,상해없음,보행자,남,50세,경상
12654,2019041300100313,2019년 4월 13일 13시,토요일,서울특별시 구로구 가리봉동,중상사고,0,1,0,0,차대사람 - 횡단중,안전운전불이행,포장 - 건조,맑음,단일로 - 기타,승용,남,53세,상해없음,보행자,남,53세,중상
12655,2019041300100363,2019년 4월 13일 14시,토요일,서울특별시 강남구 신사동,경상사고,0,0,1,0,차대사람 - 길가장자리구역통행중,안전운전불이행,포장 - 건조,맑음,단일로 - 기타,승용,남,38세,상해없음,보행자,남,37세,경상
12656,2019041300100393,2019년 4월 13일 15시,토요일,서울특별시 성동구 성수동1가,중상사고,0,1,0,0,차대사람 - 기타,안전운전불이행,포장 - 건조,맑음,단일로 - 기타,자전거,남,41세,상해없음,보행자,여,18세,중상
12657,2019041300100394,2019년 4월 13일 15시,토요일,서울특별시 동작구 상도동,중상사고,0,1,0,0,차대사람 - 기타,안전운전불이행,포장 - 건조,맑음,단일로 - 기타,승용,남,30세,상해없음,보행자,여,67세,중상
12658,2019041300100396,2019년 4월 13일 15시,토요일,서울특별시 강동구 암사동,경상사고,0,0,1,0,차대사람 - 기타,기타,포장 - 건조,맑음,단일로 - 기타,승합,남,46세,상해없음,보행자,남,45세,경상
12659,2019041300100429,2019년 4월 13일 16시,토요일,서울특별시 중구 남대문로1가,경상사고,0,0,1,0,차대사람 - 횡단중,안전운전불이행,포장 - 건조,맑음,단일로 - 기타,이륜,남,59세,상해없음,보행자,남,12세,경상
12660,2019041300100430,2019년 4월 13일 16시,토요일,서울특별시 중구 태평로1가,경상사고,0,0,1,0,차대사람 - 차도통행중,안전운전불이행,포장 - 건조,맑음,단일로 - 기타,승용,남,31세,상해없음,보행자,남,59세,경상
12661,2019041300100434,2019년 4월 13일 16시,토요일,서울특별시 서초구 신원동,부상신고사고,0,0,0,1,차대사람 - 기타,안전운전불이행,포장 - 건조,맑음,단일로 - 기타,승용,여,62세,상해없음,보행자,여,4세,부상신고
12662,2019041300100435,2019년 4월 13일 16시,토요일,서울특별시 양천구 신월동,중상사고,0,1,0,0,차대사람 - 횡단중,보행자보호의무위반,포장 - 건조,맑음,단일로 - 기타,승용,남,44세,상해없음,보행자,남,7세,중상
12663,2019041300100436,2019년 4월 13일 16시,토요일,서울특별시 은평구 역촌동,경상사고,0,0,1,0,차대사람 - 길가장자리구역통행중,안전운전불이행,포장 - 건조,맑음,기타 - 기타,승용,남,34세,상해없음,보행자,여,53세,경상
12664,2019041300100473,2019년 4월 13일 17시,토요일,서울특별시 구로구 개봉동,부상신고사고,0,0,0,1,차대사람 - 기타,안전운전불이행,포장 - 건조,맑음,단일로 - 기타,승용,남,59세,상해없음,보행자,남,5세,부상신고
12665,2019041300100505,2019년 4월 13일 18시,토요일,서울특별시 중구 황학동,부상신고사고,0,0,0,1,차대사람 - 횡단중,안전운전불이행,포장 - 건조,맑음,단일로 - 기타,자전거,남,73세,상해없음,보행자,여,72세,부상신고
12666,2019041300100509,2019년 4월 13일 18시,토요일,서울특별시 중랑구 면목동,경상사고,0,0,7,1,차대사람 - 횡단중,중앙선침범,포장 - 건조,맑음,교차로 - 교차로안,이륜,남,18세,상해없음,보행자,남,11세,경상
12667,2019041300100510,2019년 4월 13일 18시,토요일,서울특별시 구로구 오류동,경상사고,0,0,1,0,차대사람 - 길가장자리구역통행중,안전운전불이행,포장 - 건조,맑음,단일로 - 기타,승용,여,58세,상해없음,보행자,여,40세,경상
12668,2019041300100513,2019년 4월 13일 18시,토요일,서울특별시 양천구 신월동,부상신고사고,0,0,0,1,차대사람 - 기타,안전운전불이행,포장 - 건조,맑음,기타 - 기타,승용,남,59세,상해없음,보행자,여,71세,부상신고
12669,2019041300100514,2019년 4월 13일 18시,토요일,서울특별시 도봉구 도봉동,경상사고,0,0,1,0,차대사람 - 기타,안전운전불이행,포장 - 건조,맑음,단일로 - 기타,승용,여,49세,상해없음,보행자,여,70세,경상
12670,2019041300100552,2019년 4월 13일 19시,토요일,서울특별시 성북구 동선동2가,중상사고,0,1,0,0,차대사람 - 횡단중,안전운전불이행,포장 - 건조,맑음,단일로 - 기타,이륜,남,27세,상해없음,보행자,여,69세,중상
12671,2019041300100554,2019년 4월 13일 19시,토요일,서울특별시 강서구 염창동,중상사고,0,1,0,0,차대사람 - 기타,안전운전불이행,포장 - 건조,맑음,교차로 - 교차로안,승용,남,33세,상해없음,보행자,여,16세,중상
12672,2019041300100593,2019년 4월 13일 20시,토요일,서울특별시 종로구 명륜4가,중상사고,0,1,0,0,차대사람 - 횡단중,보행자보호의무위반,포장 - 건조,맑음,교차로 - 교차로횡단보도내,이륜,남,17세,상해없음,보행자,여,56세,중상
12673,2019041300100629,2019년 4월 13일 21시,토요일,서울특별시 은평구 응암동,중상사고,0,2,0,0,차대사람 - 길가장자리구역통행중,안전운전불이행,포장 - 건조,맑음,교차로 - 교차로안,승용,남,51세,상해없음,보행자,여,46세,중상
12674,2019041300100692,2019년 4월 13일 23시,토요일,서울특별시 구로구 고척동,경상사고,0,0,1,0,차대사람 - 차도통행중,안전운전불이행,포장 - 건조,맑음,교차로 - 교차로안,승용,남,37세,상해없음,보행자,남,32세,경상
12675,2019041400100016,2019년 4월 14일 00시,일요일,서울특별시 강북구 번동,사망사고,1,0,0,0,차대사람 - 횡단중,안전운전불이행,포장 - 건조,맑음,단일로 - 기타,이륜,남,22세,상해없음,보행자,여,76세,사망
12676,2019041400100037,2019년 4월 14일 01시,일요일,서울특별시 서대문구 홍은동,중상사고,0,1,0,0,차대사람 - 횡단중,안전운전불이행,포장 - 건조,흐림,단일로 - 기타,승용,남,70세,상해없음,보행자,여,58세,중상
12677,2019041400100053,2019년 4월 14일 02시,일요일,서울특별시 송파구 방이동,경상사고,0,0,1,0,차대사람 - 기타,안전운전불이행,포장 - 건조,맑음,단일로 - 기타,승용,남,47세,상해없음,보행자,남,27세,경상
12678,2019041400100130,2019년 4월 14일 10시,일요일,서울특별시 중랑구 망우동,경상사고,0,0,1,0,차대사람 - 횡단중,보행자보호의무위반,포장 - 젖음/습기,비,교차로 - 교차로안,승용,남,43세,상해없음,보행자,여,26세,경상
12679,2019041400100175,2019년 4월 14일 12시,일요일,서울특별시 노원구 상계동,경상사고,0,0,1,0,차대사람 - 차도통행중,안전운전불이행,포장 - 건조,맑음,교차로 - 교차로안,승합,남,66세,상해없음,보행자,여,53세,경상
12680,2019041400100200,2019년 4월 14일 13시,일요일,서울특별시 서대문구 홍제동,경상사고,0,0,2,0,차대사람 - 보도통행중,기타,포장 - 건조,맑음,단일로 - 기타,원동기,남,21세,상해없음,보행자,여,36세,경상
12681,2019041400100203,2019년 4월 14일 13시,일요일,서울특별시 광진구 화양동,부상신고사고,0,0,0,1,차대사람 - 횡단중,안전운전불이행,포장 - 건조,흐림,교차로 - 교차로횡단보도내,승용,남,34세,상해없음,보행자,여,19세,부상신고