,사고번호,사고일시,요일,시군구,사고내용,사망자수,중상자수,경상자수,부상신고자수,사고유형,법규위반,노면상태,기상상태,도로형태,가해운전자 차종,가해운전자 성별,가해운전자 연령,가해운전자 상해정도,피해운전자 차종,피해운전자 성별,피해운전자 연령,피해운전자 상해정도
12794,2019041800100253,2019년 4월 18일 12시,목요일,서울특별시 은평구 수색동,경상사고,0,0,1,0,차대사람 - 기타,안전운전불이행,포장 - 건조,맑음,단일로 - 기타,화물,남,66세,상해없음,보행자,여,65세,경상
12795,2019041800100254,2019년 4월 18일 12시,목요일,서울특별시 영등포구 대림동,부상신고사고,0,0,0,1,차대사람 - 기타,안전운전불이행,포장 - 건조,맑음,기타 - 기타,화물,남,38세,상해없음,보행자,여,30세,부상신고
12796,2019041800100321,2019년 4월 18일 14시,목요일,서울특별시 관악구 봉천동,중상사고,0,1,0,0,차대사람 - 차도통행중,안전운전불이행,포장 - 건조,맑음,교차로 - 교차로안,승용,여,34세,상해없음,보행자,여,73세,중상
12797,2019041800100322,2019년 4월 18일 14시,목요일,서울특별시 송파구 석촌동,경상사고,0,0,1,0,차대사람 - 횡단중,안전운전불이행,포장 - 건조,맑음,교차로 - 교차로부근,승용,남,69세,상해없음,보행자,여,48세,경상
12798,2019041800100324,2019년 4월 18일 14시,목요일,서울특별시 서초구 서초동,경상사고,0,0,1,0,차대사람 - 기타,보행자보호의무위반,포장 - 건조,맑음,단일로 - 기타,승용,여,26세,상해없음,보행자,남,10세,경상
12799,2019041800100354,2019년 4월 18일 15시,목요일,서울특별시 성북구 정릉동,경상사고,0,0,1,0,차대사람 - 횡단중,신호위반,포장 - 건조,흐림,단일로 - 기타,이륜,남,43세,상해없음,보행자,남,34세,경상
12800,2019041800100355,2019년 4월 18일 15시,목요일,서울특별시 동대문구 장안동,경상사고,0,0,1,0,차대사람 - 기타,안전운전불이행,포장 - 건조,맑음,교차로 - 교차로안,승용,남,35세,상해없음,보행자,여,79세,경상
12801,2019041800100394,2019년 4월 18일 16시,목요일,서울특별시 금천구 시흥동,경상사고,0,0,1,0,차대사람 - 기타,안전운전불이행,포장 - 건조,맑음,단일로 - 기타,화물,남,49세,상해없음,보행자,여,48세,경상
12802,2019041800100426,2019년 4월 18일 17시,목요일,서울특별시 은평구 증산동,중상사고,0,1,1,0,차대사람 - 횡단중,안전운전불이행,포장 - 건조,맑음,교차로 - 교차로부근,승용,여,40세,상해없음,보행자,여,8세,경상
12803,2019041800100429,2019년 4월 18일 17시,목요일,서울특별시 동작구 대방동,경상사고,0,0,2,1,차대사람 - 횡단중,안전운전불이행,포장 - 건조,맑음,단일로 - 기타,이륜,남,17세,부상신고,보행자,남,67세,경상
12804,2019041800100430,2019년 4월 18일 17시,목요일,서울특별시 관악구 봉천동,중상사고,0,1,0,0,차대사람 - 기타,보행자보호의무위반,포장 - 건조,맑음,교차로 - 교차로안,특수,남,59세,상해없음,보행자,여,59세,중상
12805,2019041800100433,2019년 4월 18일 17시,목요일,서울특별시 양천구 목동,경상사고,0,0,1,0,차대사람 - 차도통행중,안전운전불이행,포장 - 건조,맑음,단일로 - 기타,화물,남,66세,상해없음,보행자,여,28세,경상
12806,2019041800100467,2019년 4월 18일 18시,목요일,서울특별시 강남구 청담동,경상사고,0,0,1,0,차대사람 - 기타,안전운전불이행,포장 - 건조,맑음,단일로 - 기타,승용,남,33세,상해없음,보행자,남,39세,경상
12807,2019041800100502,2019년 4월 18일 19시,목요일,서울특별시 관악구 신림동,경상사고,0,0,1,0,차대사람 - 기타,안전운전불이행,포장 - 건조,맑음,교차로 - 교차로부근,승용,여,50세,상해없음,보행자,여,16세,경상
12808,2019041800100538,2019년 4월 18일 20시,목요일,서울특별시 강동구 암사동,경상사고,0,0,1,0,차대사람 - 기타,안전운전불이행,포장 - 건조,맑음,단일로 - 기타,승용,남,40세,상해없음,보행자,남,24세,경상
12809,2019041800100541,2019년 4월 18일 20시,목요일,서울특별시 노원구 상계동,중상사고,0,1,0,0,차대사람 - 횡단중,보행자보호의무위반,포장 - 건조,맑음,교차로 - 교차로안,승용,여,51세,상해없음,보행자,남,60세,중상
12810,2019041800100592,2019년 4월 18일 22시,목요일,서울특별시 동대문구 장안동,경상사고,0,0,1,0,차대사람 - 기타,안전운전불이행,포장 - 건조,맑음,단일로 - 기타,승용,여,36세,상해없음,보행자,남,27세,경상
12811,2019041800100593,2019년 4월 18일 22시,목요일,서울특별시 동작구 상도1동,경상사고,0,0,1,0,차대사람 - 횡단중,보행자보호의무위반,포장 - 건조,맑음,단일로 - 기타,승용,여,62세,상해없음,보행자,남,53세,경상
12812,2019041900100029,2019년 4월 19일 00시,금요일,서울특별시 강북구 수유동,경상사고,0,0,1,0,차대사람 - 기타,안전운전불이행,포장 - 건조,맑음,단일로 - 기타,승용,남,46세,상해없음,보행자,남,25세,경상
12813,2019041900100087,2019년 4월 19일 07시,금요일,서울특별시 강남구 대치동,경상사고,0,0,1,0,차대사람 - 횡단중,보행자보호의무위반,포장 - 건조,맑음,교차로 - 교차로안,승용,여,51세,상해없음,보행자,여,18세,경상
12814,2019041900100120,2019년 4월 19일 08시,금요일,서울특별시 은평구 역촌동,중상사고,0,1,0,0,차대사람 - 길가장자리구역통행중,안전운전불이행,포장 - 건조,맑음,단일로 - 기타,승용,남,25세,상해없음,보행자,여,60세,중상
12815,2019041900100165,2019년 4월 19일 09시,금요일,서울특별시 송파구 신천동,중상사고,0,1,0,0,차대사람 - 기타,안전운전불이행,포장 - 건조,맑음,단일로 - 기타,화물,남,64세,상해없음,보행자,남,68세,중상
12816,2019041900100202,2019년 4월 19일 10시,금요일,서울특별시 은평구 응암동,중상사고,0,1,0,0,차대사람 - 횡단중,안전운전불이행,포장 - 건조,맑음,단일로 - 기타,승용,남,66세,상해없음,보행자,여,70세,중상
12817,2019041900100204,2019년 4월 19일 10시,금요일,서울특별시 영등포구 신길동,중상사고,0,1,1,0,차대사람 - 기타,안전운전불이행,포장 - 건조,맑음,단일로 - 기타,화물,남,29세,상해없음,보행자,여,66세,경상
12818,2019041900100233,2019년 4월 19일 11시,금요일,서울특별시 종로구 혜화동,중상사고,0,1,0,0,차대사람 - 횡단중,안전운전불이행,포장 - 건조,맑음,단일로 - 기타,화물,남,41세,상해없음,보행자,여,68세,중상
12819,2019041900100234,2019년 4월 19일 11시,금요일,서울특별시 서대문구 홍제동,경상사고,0,0,1,0,차대사람 - 횡단중,보행자보호의무위반,포장 - 건조,맑음,단일로 - 기타,승용,남,58세,상해없음,보행자,남,78세,경상
12820,2019041900100239,2019년 4월 19일 11시,금요일,서울특별시 관악구 신림동,중상사고,0,1,0,0,차대사람 - 기타,기타,포장 - 건조,맑음,기타 - 기타,자전거,남,49세,상해없음,보행자,여,47세,중상
12821,2019041900100264,2019년 4월 19일 12시,금요일,서울특별시 중구 흥인동,중상사고,0,1,0,0,차대사람 - 기타,안전운전불이행,포장 - 건조,맑음,단일로 - 기타,승용,남,63세,상해없음,보행자,여,53세,중상
12822,2019041900100303,2019년 4월 19일 13시,금요일,서울특별시 서초구 방배동,경상사고,0,0,1,0,차대사람 - 보도통행중,보행자보호의무위반,포장 - 건조,맑음,단일로 - 기타,화물,남,64세,상해없음,보행자,여,46세,경상
12823,2019041900100342,2019년 4월 19일 14시,금요일,서울특별시 강북구 수유동,부상신고사고,0,0,0,1,차대사람 - 기타,안전운전불이행,포장 - 건조,맑음,교차로 - 교차로안,승용,여,38세,상해없음,보행자,남,8세,부상신고
12824,2019041900100343,2019년 4월 19일 14시,금요일,서울특별시 중랑구 묵동,중상사고,0,1,0,0,차대사람 - 횡단중,안전운전불이행,포장 - 건조,맑음,단일로 - 기타,승용,여,37세,상해없음,보행자,여,63세,중상
12825,2019041900100344,2019년 4월 19일 14시,금요일,서울특별시 성북구 장위동,경상사고,0,0,1,0,차대사람 - 횡단중,신호위반,포장 - 건조,맑음,교차로 - 교차로부근,승용,남,66세,상해없음,보행자,남,47세,경상
12826,2019041900100375,2019년 4월 19일 15시,금요일,서울특별시 중구 황학동,중상사고,0,1,0,0,차대사람 - 기타,보행자보호의무위반,포장 - 건조,맑음,단일로 - 기타,화물,남,49세,상해없음,보행자,여,59세,중상
12827,2019041900100376,2019년 4월 19일 15시,금요일,서울특별시 용산구 원효로1가,경상사고,0,0,2,0,차대사람 - 횡단중,신호위반,포장 - 건조,맑음,교차로 - 교차로횡단보도내,승용,남,76세,상해없음,보행자,남,15세,경상
12828,2019041900100406,2019년 4월 19일 16시,금요일,서울특별시 강남구 논현동,경상사고,0,0,1,0,차대사람 - 기타,안전운전불이행,포장 - 건조,맑음,기타 - 기타,기타불명,기타불명,미분류,기타불명,보행자,여,62세,경상
12829,2019041900100409,2019년 4월 19일 16시,금요일,서울특별시 도봉구 창동,경상사고,0,0,1,0,차대사람 - 보도통행중,기타,포장 - 건조,맑음,단일로 - 기타,승용,여,41세,상해없음,보행자,남,62세,경상
12830,2019041900100452,2019년 4월 19일 17시,금요일,서울특별시 서대문구 북아현동,경상사고,0,0,1,0,차대사람 - 횡단중,보행자보호의무위반,포장 - 건조,맑음,단일로 - 기타,승용,여,42세,상해없음,보행자,여,16세,경상
12831,2019041900100456,2019년 4월 19일 17시,금요일,서울특별시 광진구 자양동,경상사고,0,0,1,0,차대사람 - 기타,교차로운행방법위반,포장 - 건조,맑음,교차로 - 교차로부근,승용,남,30세,상해없음,보행자,여,22세,경상
12832,2019041900100508,2019년 4월 19일 18시,금요일,서울특별시 마포구 망원동,경상사고,0,0,1,0,차대사람 - 횡단중,신호위반,포장 - 건조,맑음,교차로 - 교차로횡단보도내,승용,남,32세,상해없음,보행자,여,45세,경상
12833,2019041900100515,2019년 4월 19일 18시,금요일,서울특별시 송파구 석촌동,경상사고,0,0,1,1,차대사람 - 기타,안전운전불이행,포장 - 건조,맑음,단일로 - 기타,자전거,남,30세,상해없음,보행자,여,26세,부상신고
12834,2019041900100558,2019년 4월 19일 19시,금요일,서울특별시 강서구 가양동,경상사고,0,0,1,0,차대사람 - 횡단중,보행자보호의무위반,포장 - 건조,맑음,교차로 - 교차로횡단보도내,승용,남,56세,상해없음,보행자,여,59세,경상
12835,2019041900100559,2019년 4월 19일 19시,금요일,서울특별시 송파구 방이동,중상사고,0,1,0,0,차대사람 - 차도통행중,안전운전불이행,포장 - 건조,맑음,기타 - 기타,승용,남,62세,상해없음,보행자,남,16세,중상
12836,2019041900100561,2019년 4월 19일 19시,금요일,서울특별시 양천구 신월동,경상사고,0,0,1,0,차대사람 - 기타,기타,포장 - 건조,맑음,단일로 - 기타,승합,남,62세,상해없음,보행자,여,53세,경상
12837,2019041900100594,2019년 4월 19일 20시,금요일,서울특별시 종로구 창신동,부상신고사고,0,0,0,1,차대사람 - 보도통행중,기타,포장 - 건조,맑음,기타 - 기타,기타불명,기타불명,미분류,기타불명,보행자,남,25세,부상신고
12838,2019041900100598,2019년 4월 19일 20시,금요일,서울특별시 서초구 양재동,경상사고,0,0,1,0,차대사람 - 기타,안전운전불이행,포장 - 건조,맑음,단일로 - 기타,승용,여,47세,상해없음,보행자,여,79세,경상
12839,2019041900100701,2019년 4월 19일 23시,금요일,서울특별시 성북구 동소문동2가,경상사고,0,0,1,0,차대사람 - 횡단중,안전운전불이행,포장 - 건조,맑음,단일로 - 기타,이륜,남,28세,상해없음,보행자,남,29세,경상
12840,2019041900100703,2019년 4월 19일 23시,금요일,서울특별시 강남구 신사동,경상사고,0,0,1,0,차대사람 - 기타,안전운전불이행,포장 - 건조,맑음,단일로 - 기타,승용,남,26세,상해없음,보행자,남,26세,경상
12841,2019042000100064,2019년 4월 20일 02시,토요일,서울특별시 종로구 종로5가,중상사고,0,1,0,0,차대사람 - 기타,안전운전불이행,포장 - 건조,맑음,단일로 - 기타,이륜,남,47세,상해없음,보행자,남,64세,중상
12842,2019042000100065,2019년 4월 20일 02시,토요일,서울특별시 동대문구 장안동,중상사고,0,1,0,0,차대사람 - 횡단중,보행자보호의무위반,포장 - 건조,맑음,교차로 - 교차로횡단보도내,승용,남,49세,상해없음,보행자,남,50세,중상
12843,2019042000100066,2019년 4월 20일 02시,토요일,서울특별시 강남구 역삼동,경상사고,0,0,1,0,차대사람 - 기타,안전운전불이행,포장 - 건조,맑음,교차로 - 교차로부근,승용,여,28세,상해없음,보행자,남,37세,경상
12844,2019042000100067,2019년 4월 20일 02시,토요일,서울특별시 강남구 논현동,경상사고,0,0,1,0,차대사람 - 길가장자리구역통행중,안전운전불이행,포장 - 건조,기타,교차로 - 교차로부근,승용,남,61세,상해없음,보행자,남,22세,경상
12845,2019042000100068,2019년 4월 20일 02시,토요일,서울특별시 서초구 잠원동,경상사고,0,0,1,0,차대사람 - 기타,안전운전불이행,포장 - 건조,맑음,단일로 - 기타,승용,남,49세,상해없음,보행자,남,32세,경상
12846,2019042000100069,2019년 4월 20일 02시,토요일,서울특별시 서초구 서초동,중상사고,0,1,0,0,차대사람 - 기타,안전운전불이행,포장 - 건조,맑음,단일로 - 기타,승용,남,57세,상해없음,보행자,남,34세,중상
12847,2019042000100189,2019년 4월 20일 10시,토요일,서울특별시 용산구 한남동,경상사고,0,0,1,0,차대사람 - 길가장자리구역통행중,안전운전불이행,포장 - 건조,맑음,교차로 - 교차로부근,승용,여,48세,상해없음,보행자,여,39세,경상
12848,2019042000100231,2019년 4월 20일 11시,토요일,서울특별시 강북구 수유동,경상사고,0,0,1,0,차대사람 - 기타,안전운전불이행,포장 - 건조,맑음,단일로 - 기타,승합,남,64세,상해없음,보행자,남,55세,경상
12849,2019042000100232,2019년 4월 20일 11시,토요일,서울특별시 금천구 시흥동,중상사고,0,1,0,0,차대사람 - 횡단중,신호위반,포장 - 건조,맑음,교차로 - 교차로횡단보도내,승용,남,56세,상해없음,보행자,여,75세,중상
12850,2019042000100268,2019년 4월 20일 12시,토요일,서울특별시 동대문구 신설동,경상사고,0,0,1,0,차대사람 - 기타,안전운전불이행,포장 - 건조,맑음,교차로 - 교차로횡단보도내,승용,남,61세,상해없음,보행자,남,61세,경상
12851,2019042000100271,2019년 4월 20일 12시,토요일,서울특별시 강서구 내발산동,경상사고,0,0,2,0,차대사람 - 횡단중,안전운전불이행,포장 - 건조,맑음,단일로 - 기타,이륜,남,47세,경상,보행자,여,7세,경상
12852,2019042000100274,2019년 4월 20일 12시,토요일,서울특별시 양천구 목동,경상사고,0,0,1,0,차대사람 - 횡단중,신호위반,포장 - 건조,맑음,단일로 - 기타,승용,남,51세,상해없음,보행자,남,31세,경상
12853,2019042000100315,2019년 4월 20일 13시,토요일,서울특별시 동작구 노량진동,경상사고,0,0,1,0,차대사람 - 기타,안전운전불이행,포장 - 건조,맑음,교차로 - 교차로안,승용,남,38세,상해없음,보행자,남,25세,경상
12854,2019042000100318,2019년 4월 20일 13시,토요일,서울특별시 양천구 목동,경상사고,0,0,1,0,차대사람 - 기타,안전운전불이행,포장 - 건조,맑음,단일로 - 기타,승용,여,43세,상해없음,보행자,여,82세,경상
12855,2019042000100319,2019년 4월 20일 13시,토요일,서울특별시 강남구 개포동,부상신고사고,0,0,0,1,차대사람 - 기타,안전운전불이행,포장 - 건조,맑음,단일로 - 기타,화물,남,49세,상해없음,보행자,남,30세,부상신고
12856,2019042000100363,2019년 4월 20일 14시,토요일,서울특별시 송파구 잠실동,경상사고,0,0,1,0,차대사람 - 기타,안전운전불이행,포장 - 건조,맑음,교차로 - 교차로안,기타불명,기타불명,미분류,기타불명,보행자,여,65세,경상
12857,2019042000100392,2019년 4월 20일 15시,토요일,서울특별시 종로구 숭인동,경상사고,0,0,1,0,차대사람 - 길가장자리구역통행중,안전운전불이행,포장 - 건조,맑음,교차로 - 교차로안,승용,남,58세,상해없음,보행자,남,75세,경상
12858,2019042000100433,2019년 4월 20일 16시,토요일,서울특별시 영등포구 양평동2가,경상사고,0,0,2,0,차대사람 - 기타,안전운전불이행,포장 - 건조,맑음,단일로 - 기타,자전거,남,70세,경상,보행자,남,27세,경상
12859,2019042000100437,2019년 4월 20일 16시,토요일,서울특별시 강서구 화곡동,경상사고,0,0,1,0,차대사람 - 횡단중,보행자보호의무위반,포장 - 건조,맑음,교차로 - 교차로횡단보도내,승용,남,44세,상해없음,보행자,남,26세,경상
12860,2019042000100475,2019년 4월 20일 17시,토요일,서울특별시 양천구 신월동,경상사고,0,0,1,0,차대사람 - 기타,신호위반,포장 - 건조,맑음,단일로 - 기타,승용,남,67세,상해없음,보행자,남,36세,경상
12861,2019042000100476,2019년 4월 20일 17시,토요일,서울특별시 서초구 방배동,경상사고,0,0,1,0,차대사람 - 보도통행중,기타,포장 - 건조,맑음,기타 - 기타,승용,여,61세,상해없음,보행자,여,50세,경상
12862,2019042000100612,2019년 4월 20일 21시,토요일,서울특별시 마포구 대흥동,중상사고,0,1,0,0,차대사람 - 기타,안전운전불이행,비포장 - 젖음/습기,비,단일로 - 기타,이륜,남,18세,기타불명,보행자,여,61세,중상
12863,2019042000100641,2019년 4월 20일 22시,토요일,서울특별시 강서구 공항동,중상사고,0,1,0,0,차대사람 - 차도통행중,안전운전불이행,포장 - 젖음/습기,비,단일로 - 기타,승용,남,42세,상해없음,보행자,여,56세,중상
12864,2019042000100642,2019년 4월 20일 22시,토요일,서울특별시 양천구 목동,중상사고,0,1,0,0,차대사람 - 횡단중,안전운전불이행,포장 - 건조,맑음,단일로 - 기타,승용,남,30세,상해없음,보행자,남,49세,중상
12865,2019042000100668,2019년 4월 20일 23시,토요일,서울특별시 종로구 종로4가,경상사고,0,0,1,0,차대사람 - 기타,안전운전불이행,포장 - 건조,맑음,단일로 - 기타,승합,여,58세,상해없음,보행자,남,28세,경상
12866,2019042000100669,2019년 4월 20일 23시,토요일,서울특별시 강북구 수유동,중상사고,0,1,0,0,차대사람 - 횡단중,안전운전불이행,포장 - 건조,맑음,교차로 - 교차로안,승용,여,29세,상해없음,보행자,남,48세,중상
12867,2019042000100672,2019년 4월 20일 23시,토요일,서울특별시 중랑구 상봉동,중상사고,0,1,0,0,차대사람 - 횡단중,안전운전불이행,포장 - 젖음/습기,비,단일로 - 기타,승합,남,51세,상해없음,보행자,여,13세,중상
12868,2019042000100675,2019년 4월 20일 23시,토요일,서울특별시 송파구 잠실동,중상사고,0,1,0,0,차대사람 - 횡단중,신호위반,포장 - 젖음/습기,비,교차로 - 교차로안,승용,남,63세,상해없음,보행자,여,24세,중상
12869,2019042100100015,2019년 4월 21일 00시,일요일,서울특별시 강북구 미아동,중상사고,0,1,0,0,차대사람 - 횡단중,신호위반,포장 - 건조,흐림,단일로 - 기타,이륜,남,17세,상해없음,보행자,남,62세,중상
12870,2019042100100021,2019년 4월 21일 00시,일요일,서울특별시 양천구 목동,경상사고,0,0,1,0,차대사람 - 횡단중,보행자보호의무위반,포장 - 젖음/습기,비,교차로 - 교차로횡단보도내,승용,남,34세,상해없음,보행자,남,26세,경상
12871,2019042100100050,2019년 4월 21일 02시,일요일,서울특별시 강동구 천호동,경상사고,0,0,1,0,차대사람 - 기타,안전운전불이행,포장 - 젖음/습기,비,단일로 - 기타,승용,남,64세,상해없음,보행자,여,39세,경상
12872,2019042100100082,2019년 4월 21일 05시,일요일,서울특별시 용산구 이태원동,중상사고,0,1,0,0,차대사람 - 기타,불법유턴,포장 - 건조,맑음,단일로 - 기타,승용,남,51세,상해없음,보행자,여,36세,중상
12873,2019042100100126,2019년 4월 21일 09시,일요일,서울특별시 강남구 역삼동,중상사고,0,1,0,0,차대사람 - 길가장자리구역통행중,안전운전불이행,포장 - 건조,맑음,단일로 - 기타,승용,남,68세,상해없음,보행자,여,68세,중상
12874,2019042100100192,2019년 4월 21일 12시,일요일,서울특별시 마포구 공덕동,경상사고,0,0,1,0,차대사람 - 횡단중,신호위반,포장 - 건조,맑음,단일로 - 기타,승용,여,40세,상해없음,보행자,남,37세,경상
12875,2019042100100194,2019년 4월 21일 12시,일요일,서울특별시 관악구 신림동,경상사고,0,0,1,0,차대사람 - 기타,안전운전불이행,포장 - 건조,맑음,단일로 - 기타,승용,여,24세,상해없음,보행자,여,64세,경상
12876,2019042100100222,2019년 4월 21일 13시,일요일,서울특별시 강동구 천호동,경상사고,0,0,1,0,차대사람 - 차도통행중,안전운전불이행,포장 - 건조,맑음,단일로 - 기타,승용,여,21세,상해없음,보행자,남,55세,경상
12877,2019042100100261,2019년 4월 21일 15시,일요일,서울특별시 종로구 숭인동,경상사고,0,0,1,0,차대사람 - 길가장자리구역통행중,안전운전불이행,포장 - 건조,맑음,단일로 - 기타,승용,남,50세,상해없음,보행자,남,60세,경상
12878,2019042100100262,2019년 4월 21일 15시,일요일,서울특별시 동대문구 청량리동,부상신고사고,0,0,0,1,차대사람 - 기타,신호위반,포장 - 건조,맑음,단일로 - 기타,승용,여,27세,상해없음,보행자,남,51세,부상신고
12879,2019042100100264,2019년 4월 21일 15시,일요일,서울특별시 중랑구 묵동,중상사고,0,1,0,0,차대사람 - 기타,안전운전불이행,포장 - 건조,맑음,단일로 - 기타,승용,남,45세,상해없음,보행자,남,11세,중상
12880,2019042100100267,2019년 4월 21일 15시,일요일,서울특별시 은평구 불광동,중상사고,0,1,0,0,차대사람 - 횡단중,안전운전불이행,포장 - 건조,맑음,교차로 - 교차로부근,승용,여,19세,상해없음,보행자,남,82세,중상
12881,2019042100100291,2019년 4월 21일 16시,일요일,서울특별시 성북구 석관동,중상사고,0,1,0,0,차대사람 - 횡단중,보행자보호의무위반,포장 - 건조,맑음,단일로 - 기타,승용,남,41세,상해없음,보행자,여,74세,중상
12882,2019042100100292,2019년 4월 21일 16시,일요일,서울특별시 강남구 대치동,경상사고,0,0,1,0,차대사람 - 기타,기타,포장 - 건조,맑음,기타 - 기타,승용,남,71세,상해없음,보행자,여,47세,경상
12883,2019042100100317,2019년 4월 21일 17시,일요일,서울특별시 금천구 독산동,경상사고,0,0,1,0,차대사람 - 기타,안전운전불이행,포장 - 건조,맑음,교차로 - 교차로안,이륜,남,51세,상해없음,보행자,여,65세,경상
12884,2019042100100318,2019년 4월 21일 17시,일요일,서울특별시 송파구 마천동,중상사고,0,1,0,0,차대사람 - 횡단중,안전운전불이행,포장 - 건조,맑음,교차로 - 교차로안,승용,남,31세,상해없음,보행자,여,70세,중상
12885,2019042100100344,2019년 4월 21일 18시,일요일,서울특별시 송파구 잠실동,경상사고,0,0,1,0,차대사람 - 횡단중,안전운전불이행,포장 - 건조,맑음,단일로 - 기타,자전거,남,44세,상해없음,보행자,여,27세,경상
12886,2019042100100368,2019년 4월 21일 19시,일요일,서울특별시 금천구 가산동,경상사고,0,0,1,0,차대사람 - 차도통행중,안전운전불이행,포장 - 건조,맑음,단일로 - 기타,승용,여,57세,상해없음,보행자,남,19세,경상
12887,2019042100100369,2019년 4월 21일 19시,일요일,서울특별시 광진구 중곡동,중상사고,0,1,0,1,차대사람 - 차도통행중,안전운전불이행,포장 - 건조,맑음,단일로 - 기타,이륜,남,23세,부상신고,보행자,여,50세,중상
12888,2019042100100470,2019년 4월 21일 23시,일요일,서울특별시 종로구 종로2가,중상사고,0,1,0,0,차대사람 - 차도통행중,안전운전불이행,포장 - 건조,맑음,교차로 - 교차로안,승용,남,65세,상해없음,보행자,남,65세,중상
12889,2019042200100039,2019년 4월 22일 04시,월요일,서울특별시 중랑구 묵동,경상사고,0,0,1,0,차대사람 - 차도통행중,안전운전불이행,포장 - 건조,맑음,단일로 - 기타,승용,남,49세,상해없음,보행자,남,28세,경상
12890,2019042200100078,2019년 4월 22일 07시,월요일,서울특별시 노원구 상계동,중상사고,0,1,0,0,차대사람 - 횡단중,안전운전불이행,포장 - 건조,맑음,단일로 - 기타,승용,여,45세,상해없음,보행자,여,59세,중상
12891,2019042200100108,2019년 4월 22일 08시,월요일,서울특별시 강북구 번동,중상사고,0,1,0,0,차대사람 - 횡단중,보행자보호의무위반,포장 - 건조,맑음,교차로 - 교차로횡단보도내,승용,여,39세,상해없음,보행자,남,77세,중상
12892,2019042200100110,2019년 4월 22일 08시,월요일,서울특별시 금천구 독산동,중상사고,0,1,0,0,차대사람 - 보도통행중,기타,포장 - 건조,맑음,기타 - 기타,기타불명,기타불명,미분류,기타불명,보행자,남,15세,중상
12893,2019042200100112,2019년 4월 22일 08시,월요일,서울특별시 구로구 오류동,경상사고,0,0,1,0,차대사람 - 기타,안전운전불이행,포장 - 건조,맑음,기타 - 기타,승합,남,66세,상해없음,보행자,남,48세,경상
12894,2019042200100171,2019년 4월 22일 09시,월요일,서울특별시 마포구 상암동,경상사고,0,0,1,0,차대사람 - 기타,신호위반,포장 - 건조,맑음,교차로 - 교차로횡단보도내,승용,여,46세,상해없음,보행자,남,6세,경상
12895,2019042200100174,2019년 4월 22일 09시,월요일,서울특별시 성북구 하월곡동,중상사고,0,1,0,0,차대사람 - 횡단중,보행자보호의무위반,포장 - 건조,맑음,단일로 - 기타,승용,남,28세,상해없음,보행자,여,86세,중상
12896,2019042200100175,2019년 4월 22일 09시,월요일,서울특별시 구로구 오류동,경상사고,0,0,2,0,차대사람 - 기타,안전운전불이행,포장 - 건조,맑음,단일로 - 기타,승합,남,61세,상해없음,보행자,남,37세,경상
12897,2019042200100176,2019년 4월 22일 09시,월요일,서울특별시 구로구 오류동,경상사고,0,0,1,0,차대사람 - 길가장자리구역통행중,안전운전불이행,포장 - 건조,맑음,단일로 - 기타,승용,남,42세,상해없음,보행자,남,52세,경상
12898,2019042200100282,2019년 4월 22일 12시,월요일,서울특별시 영등포구 신길동,중상사고,0,1,0,0,차대사람 - 기타,안전운전불이행,포장 - 건조,맑음,단일로 - 기타,승용,남,36세,상해없음,보행자,여,67세,중상
12899,2019042200100283,2019년 4월 22일 12시,월요일,서울특별시 금천구 시흥동,경상사고,0,0,1,0,차대사람 - 기타,안전운전불이행,포장 - 건조,맑음,단일로 - 기타,승용,여,61세,상해없음,보행자,여,69세,경상
12900,2019042200100287,2019년 4월 22일 12시,월요일,서울특별시 강동구 암사동,부상신고사고,0,0,0,2,차대사람 - 횡단중,안전운전불이행,포장 - 건조,맑음,단일로 - 기타,자전거,여,44세,부상신고,보행자,여,60세,부상신고
12901,2019042200100316,2019년 4월 22일 13시,월요일,서울특별시 노원구 월계동,경상사고,0,0,1,0,차대사람 - 횡단중,안전운전불이행,포장 - 건조,맑음,주차장 - 주차장,승용,남,63세,상해없음,보행자,여,72세,경상
12902,2019042200100350,2019년 4월 22일 14시,월요일,서울특별시 종로구 세종로,경상사고,0,0,1,1,차대사람 - 횡단중,안전운전불이행,포장 - 건조,맑음,단일로 - 기타,승합,남,38세,상해없음,보행자,여,46세,부상신고
12903,2019042200100351,2019년 4월 22일 14시,월요일,서울특별시 금천구 독산동,중상사고,0,1,0,0,차대사람 - 기타,안전운전불이행,포장 - 건조,맑음,단일로 - 기타,승용,남,57세,상해없음,보행자,여,48세,중상
12904,2019042200100401,2019년 4월 22일 15시,월요일,서울특별시 금천구 독산동,중상사고,0,1,0,0,차대사람 - 횡단중,신호위반,포장 - 건조,맑음,교차로 - 교차로안,화물,남,68세,상해없음,보행자,여,59세,중상
12905,2019042200100441,2019년 4월 22일 16시,월요일,서울특별시 성북구 삼선동5가,경상사고,0,0,1,0,차대사람 - 횡단중,신호위반,포장 - 건조,맑음,교차로 - 교차로횡단보도내,이륜,남,43세,상해없음,보행자,여,70세,경상
12906,2019042200100443,2019년 4월 22일 16시,월요일,서울특별시 강서구 내발산동,경상사고,0,0,1,0,차대사람 - 길가장자리구역통행중,안전운전불이행,포장 - 건조,맑음,단일로 - 기타,화물,남,52세,기타불명,보행자,여,55세,경상
12907,2019042200100483,2019년 4월 22일 17시,월요일,서울특별시 서대문구 홍제동,경상사고,0,0,1,0,차대사람 - 횡단중,안전운전불이행,포장 - 건조,맑음,교차로 - 교차로부근,승용,남,69세,상해없음,보행자,여,13세,경상