,사고번호,사고일시,요일,시군구,사고내용,사망자수,중상자수,경상자수,부상신고자수,사고유형,법규위반,노면상태,기상상태,도로형태,가해운전자 차종,가해운전자 성별,가해운전자 연령,가해운전자 상해정도,피해운전자 차종,피해운전자 성별,피해운전자 연령,피해운전자 상해정도
12908,2019042200100485,2019년 4월 22일 17시,월요일,서울특별시 동대문구 전농동,중상사고,0,1,0,0,차대사람 - 보도통행중,안전운전불이행,포장 - 건조,맑음,단일로 - 기타,승용,여,39세,상해없음,보행자,여,73세,중상
12909,2019042200100487,2019년 4월 22일 17시,월요일,서울특별시 송파구 신천동,부상신고사고,0,0,0,1,차대사람 - 차도통행중,안전운전불이행,포장 - 건조,맑음,단일로 - 기타,기타불명,기타불명,미분류,기타불명,보행자,여,61세,부상신고
12910,2019042200100489,2019년 4월 22일 17시,월요일,서울특별시 강남구 대치동,중상사고,0,1,0,0,차대사람 - 기타,신호위반,포장 - 건조,맑음,교차로 - 교차로안,승용,남,69세,상해없음,보행자,여,10세,중상
12911,2019042200100533,2019년 4월 22일 18시,월요일,서울특별시 영등포구 문래동5가,부상신고사고,0,0,0,1,차대사람 - 기타,안전운전불이행,포장 - 건조,맑음,단일로 - 기타,자전거,여,60세,부상신고,보행자,남,9세,상해없음
12912,2019042200100588,2019년 4월 22일 19시,월요일,서울특별시 영등포구 도림동,중상사고,0,1,0,0,차대사람 - 횡단중,보행자보호의무위반,포장 - 건조,맑음,교차로 - 교차로횡단보도내,승용,남,45세,상해없음,보행자,여,57세,중상
12913,2019042200100618,2019년 4월 22일 20시,월요일,서울특별시 동대문구 전농동,경상사고,0,0,1,0,차대사람 - 보도통행중,보행자보호의무위반,포장 - 건조,맑음,단일로 - 기타,기타불명,기타불명,미분류,기타불명,보행자,남,73세,경상
12914,2019042200100621,2019년 4월 22일 20시,월요일,서울특별시 중랑구 묵동,경상사고,0,0,2,0,차대사람 - 기타,안전운전불이행,포장 - 건조,맑음,교차로 - 교차로부근,이륜,남,34세,상해없음,보행자,여,66세,경상
12915,2019042200100650,2019년 4월 22일 21시,월요일,서울특별시 중랑구 신내동,경상사고,0,0,1,0,차대사람 - 보도통행중,기타,포장 - 건조,맑음,기타 - 기타,승용,여,52세,상해없음,보행자,여,25세,경상
12916,2019042200100693,2019년 4월 22일 23시,월요일,서울특별시 동대문구 휘경동,중상사고,0,1,0,0,차대사람 - 횡단중,보행자보호의무위반,포장 - 건조,맑음,기타 - 기타,승용,남,55세,상해없음,보행자,남,19세,중상
12917,2019042300100031,2019년 4월 23일 01시,화요일,서울특별시 구로구 오류동,중상사고,0,1,0,0,차대사람 - 기타,안전운전불이행,포장 - 건조,맑음,교차로 - 교차로부근,이륜,남,28세,상해없음,보행자,여,65세,중상
12918,2019042300100089,2019년 4월 23일 08시,화요일,서울특별시 관악구 봉천동,경상사고,0,0,1,0,차대사람 - 길가장자리구역통행중,안전운전불이행,포장 - 건조,맑음,단일로 - 기타,기타불명,기타불명,미분류,기타불명,보행자,여,26세,경상
12919,2019042300100144,2019년 4월 23일 09시,화요일,서울특별시 서초구 방배동,경상사고,0,0,1,0,차대사람 - 길가장자리구역통행중,안전운전불이행,포장 - 건조,맑음,단일로 - 기타,승용,여,21세,상해없음,보행자,여,33세,경상
12920,2019042300100203,2019년 4월 23일 11시,화요일,서울특별시 동작구 상도동,중상사고,0,1,0,0,차대사람 - 횡단중,안전운전불이행,포장 - 건조,맑음,교차로 - 교차로안,승용,남,56세,상해없음,보행자,여,77세,중상
12921,2019042300100205,2019년 4월 23일 11시,화요일,서울특별시 강남구 역삼동,경상사고,0,0,1,0,차대사람 - 보도통행중,안전운전불이행,포장 - 건조,맑음,기타 - 기타,승합,남,49세,상해없음,보행자,남,32세,경상
12922,2019042300100237,2019년 4월 23일 12시,화요일,서울특별시 강남구 청담동,경상사고,0,0,1,0,차대사람 - 길가장자리구역통행중,안전운전불이행,포장 - 건조,맑음,단일로 - 기타,승용,남,40세,상해없음,보행자,여,28세,경상
12923,2019042300100256,2019년 4월 23일 13시,화요일,서울특별시 용산구 후암동,부상신고사고,0,0,0,1,차대사람 - 횡단중,안전운전불이행,포장 - 건조,맑음,교차로 - 교차로부근,승합,남,77세,기타불명,보행자,여,15세,부상신고
12924,2019042300100257,2019년 4월 23일 13시,화요일,서울특별시 동대문구 이문동,경상사고,0,0,1,0,차대사람 - 차도통행중,안전운전불이행,포장 - 건조,맑음,단일로 - 기타,승용,여,43세,상해없음,보행자,여,71세,경상
12925,2019042300100260,2019년 4월 23일 13시,화요일,서울특별시 관악구 신림동,경상사고,0,0,1,0,차대사람 - 길가장자리구역통행중,안전운전불이행,포장 - 건조,맑음,기타 - 기타,승용,여,58세,상해없음,보행자,남,38세,경상
12926,2019042300100287,2019년 4월 23일 14시,화요일,서울특별시 용산구 효창동,부상신고사고,0,0,0,1,차대사람 - 횡단중,안전운전불이행,포장 - 건조,맑음,기타 - 기타,승용,여,56세,상해없음,보행자,남,54세,부상신고
12927,2019042300100290,2019년 4월 23일 14시,화요일,서울특별시 영등포구 영등포동,경상사고,0,0,1,0,차대사람 - 차도통행중,안전운전불이행,포장 - 건조,맑음,단일로 - 기타,화물,남,29세,상해없음,보행자,남,36세,경상
12928,2019042300100292,2019년 4월 23일 14시,화요일,서울특별시 관악구 봉천동,경상사고,0,0,1,0,차대사람 - 기타,안전운전불이행,포장 - 건조,맑음,단일로 - 기타,승용,남,72세,상해없음,보행자,여,28세,경상
12929,2019042300100327,2019년 4월 23일 15시,화요일,서울특별시 동대문구 회기동,경상사고,0,0,2,0,차대사람 - 차도통행중,안전운전불이행,포장 - 건조,맑음,단일로 - 기타,승용,여,23세,상해없음,보행자,여,25세,경상
12930,2019042300100361,2019년 4월 23일 16시,화요일,서울특별시 성동구 상왕십리동,경상사고,0,0,1,1,차대사람 - 차도통행중,안전운전불이행,포장 - 건조,맑음,단일로 - 기타,이륜,남,16세,상해없음,보행자,여,9세,경상
12931,2019042300100406,2019년 4월 23일 17시,화요일,서울특별시 광진구 중곡동,중상사고,0,1,0,0,차대사람 - 기타,보행자보호의무위반,포장 - 건조,맑음,교차로 - 교차로횡단보도내,승용,남,67세,상해없음,보행자,남,73세,중상
12932,2019042300100407,2019년 4월 23일 17시,화요일,서울특별시 강서구 화곡동,경상사고,0,0,1,0,차대사람 - 차도통행중,안전운전불이행,포장 - 건조,맑음,단일로 - 기타,이륜,남,41세,상해없음,보행자,남,39세,경상
12933,2019042300100449,2019년 4월 23일 18시,화요일,서울특별시 서대문구 홍제동,중상사고,0,1,0,0,차대사람 - 기타,안전운전불이행,포장 - 건조,맑음,단일로 - 기타,화물,남,43세,상해없음,보행자,남,40세,중상
12934,2019042300100530,2019년 4월 23일 20시,화요일,서울특별시 강남구 논현동,경상사고,0,0,1,0,차대사람 - 길가장자리구역통행중,안전운전불이행,포장 - 건조,맑음,단일로 - 기타,승용,여,29세,상해없음,보행자,남,49세,경상
12935,2019042300100568,2019년 4월 23일 21시,화요일,서울특별시 성동구 성수동1가,경상사고,0,0,1,0,차대사람 - 차도통행중,안전운전불이행,포장 - 건조,맑음,단일로 - 기타,승용,남,28세,상해없음,보행자,여,45세,경상
12936,2019042300100572,2019년 4월 23일 21시,화요일,서울특별시 송파구 신천동,중상사고,0,1,0,0,차대사람 - 횡단중,안전운전불이행,포장 - 건조,맑음,단일로 - 기타,승합,남,60세,상해없음,보행자,남,49세,중상
12937,2019042400100044,2019년 4월 24일 01시,수요일,서울특별시 동대문구 장안동,부상신고사고,0,0,0,1,차대사람 - 기타,안전운전불이행,포장 - 젖음/습기,비,주차장 - 주차장,승용,남,52세,상해없음,보행자,남,44세,부상신고
12938,2019042400100049,2019년 4월 24일 01시,수요일,서울특별시 중랑구 망우동,사망사고,1,0,0,0,차대사람 - 횡단중,안전운전불이행,포장 - 젖음/습기,비,단일로 - 기타,승용,남,64세,상해없음,보행자,남,62세,사망
12939,2019042400100080,2019년 4월 24일 03시,수요일,서울특별시 동작구 상도동,부상신고사고,0,0,0,1,차대사람 - 기타,안전운전불이행,포장 - 젖음/습기,비,단일로 - 기타,승용,남,26세,상해없음,보행자,남,45세,부상신고
12940,2019042400100090,2019년 4월 24일 04시,수요일,서울특별시 은평구 응암동,경상사고,0,0,1,0,차대사람 - 기타,안전운전불이행,포장 - 젖음/습기,비,단일로 - 기타,이륜,남,45세,상해없음,보행자,남,52세,경상
12941,2019042400100102,2019년 4월 24일 05시,수요일,서울특별시 은평구 진관동,중상사고,0,1,0,0,차대사람 - 횡단중,안전운전불이행,포장 - 건조,맑음,교차로 - 교차로부근,승용,남,34세,상해없음,보행자,남,68세,중상
12942,2019042400100155,2019년 4월 24일 08시,수요일,서울특별시 마포구 서교동,경상사고,0,0,1,0,차대사람 - 기타,안전운전불이행,포장 - 건조,맑음,단일로 - 기타,승용,여,59세,기타불명,보행자,여,30세,경상
12943,2019042400100156,2019년 4월 24일 08시,수요일,서울특별시 영등포구 여의도동,중상사고,0,1,0,0,차대사람 - 보도통행중,보행자보호의무위반,포장 - 건조,맑음,교차로 - 교차로안,승용,남,66세,상해없음,보행자,남,84세,중상
12944,2019042400100158,2019년 4월 24일 08시,수요일,서울특별시 영등포구 영등포동7가,경상사고,0,0,1,0,차대사람 - 횡단중,신호위반,포장 - 젖음/습기,흐림,교차로 - 교차로안,화물,남,70세,상해없음,보행자,남,29세,경상
12945,2019042400100159,2019년 4월 24일 08시,수요일,서울특별시 중랑구 묵동,중상사고,0,1,0,0,차대사람 - 기타,안전운전불이행,포장 - 건조,맑음,단일로 - 기타,승용,남,63세,상해없음,보행자,여,54세,중상
12946,2019042400100165,2019년 4월 24일 08시,수요일,서울특별시 은평구 갈현동,경상사고,0,0,1,0,차대사람 - 차도통행중,안전운전불이행,포장 - 건조,흐림,단일로 - 기타,승용,여,30세,상해없음,보행자,남,36세,경상
12947,2019042400100242,2019년 4월 24일 10시,수요일,서울특별시 동대문구 청량리동,경상사고,0,0,1,0,차대사람 - 횡단중,안전운전불이행,포장 - 건조,맑음,단일로 - 기타,승용,남,68세,상해없음,보행자,남,21세,경상
12948,2019042400100243,2019년 4월 24일 10시,수요일,서울특별시 동대문구 청량리동,중상사고,0,1,0,0,차대사람 - 기타,안전운전불이행,포장 - 건조,맑음,단일로 - 기타,화물,남,37세,상해없음,보행자,남,18세,중상
12949,2019042400100244,2019년 4월 24일 10시,수요일,서울특별시 마포구 성산동,중상사고,0,1,0,0,차대사람 - 기타,안전운전불이행,포장 - 건조,흐림,단일로 - 기타,승용,남,54세,상해없음,보행자,여,86세,중상
12950,2019042400100246,2019년 4월 24일 10시,수요일,서울특별시 강동구 천호동,중상사고,0,1,0,0,차대사람 - 기타,안전운전불이행,포장 - 건조,흐림,교차로 - 교차로안,승용,남,56세,상해없음,보행자,여,81세,중상
12951,2019042400100263,2019년 4월 24일 11시,수요일,서울특별시 강북구 미아동,경상사고,0,0,1,0,차대사람 - 횡단중,안전운전불이행,포장 - 건조,맑음,단일로 - 기타,화물,남,42세,상해없음,보행자,남,77세,경상
12952,2019042400100378,2019년 4월 24일 15시,수요일,서울특별시 중구 을지로5가,중상사고,0,1,0,0,차대사람 - 차도통행중,안전운전불이행,포장 - 건조,맑음,단일로 - 기타,승용,남,36세,상해없음,보행자,여,71세,중상
12953,2019042400100417,2019년 4월 24일 16시,수요일,서울특별시 은평구 신사동,경상사고,0,0,1,0,차대사람 - 차도통행중,안전운전불이행,포장 - 건조,맑음,단일로 - 기타,승용,여,41세,상해없음,보행자,여,59세,경상
12954,2019042400100420,2019년 4월 24일 16시,수요일,서울특별시 관악구 신림동,경상사고,0,0,1,0,차대사람 - 차도통행중,안전운전불이행,포장 - 건조,맑음,교차로 - 교차로부근,승용,여,46세,상해없음,보행자,여,10세,경상
12955,2019042400100421,2019년 4월 24일 16시,수요일,서울특별시 송파구 문정동,경상사고,0,0,1,0,차대사람 - 횡단중,보행자보호의무위반,포장 - 건조,맑음,교차로 - 교차로안,승용,여,39세,상해없음,보행자,남,67세,경상
12956,2019042400100506,2019년 4월 24일 18시,수요일,서울특별시 성북구 장위동,경상사고,0,0,1,0,차대사람 - 횡단중,안전운전불이행,포장 - 건조,맑음,교차로 - 교차로안,화물,남,66세,상해없음,보행자,여,56세,경상
12957,2019042400100509,2019년 4월 24일 18시,수요일,서울특별시 강남구 역삼동,경상사고,0,0,1,0,차대사람 - 기타,안전운전불이행,포장 - 건조,맑음,교차로 - 교차로안,승용,남,57세,상해없음,보행자,남,8세,경상
12958,2019042400100554,2019년 4월 24일 19시,수요일,서울특별시 양천구 목동,중상사고,0,1,0,0,차대사람 - 횡단중,안전운전불이행,포장 - 건조,맑음,교차로 - 교차로안,승용,남,49세,상해없음,보행자,여,50세,중상
12959,2019042400100590,2019년 4월 24일 20시,수요일,서울특별시 영등포구 양평동2가,경상사고,0,0,1,0,차대사람 - 기타,안전운전불이행,포장 - 건조,맑음,교차로 - 교차로부근,승용,남,20세,상해없음,보행자,여,27세,경상
12960,2019042400100621,2019년 4월 24일 21시,수요일,서울특별시 마포구 동교동,부상신고사고,0,0,0,1,차대사람 - 차도통행중,안전운전불이행,포장 - 건조,맑음,교차로 - 교차로안,승용,남,72세,상해없음,보행자,여,69세,부상신고
12961,2019042500100019,2019년 4월 25일 00시,목요일,서울특별시 서초구 양재동,부상신고사고,0,0,0,1,차대사람 - 차도통행중,안전운전불이행,포장 - 건조,맑음,교차로 - 교차로부근,승용,남,61세,상해없음,보행자,남,42세,부상신고
12962,2019042500100044,2019년 4월 25일 03시,목요일,서울특별시 관악구 신림동,중상사고,0,1,0,0,차대사람 - 차도통행중,안전운전불이행,포장 - 건조,맑음,교차로 - 교차로부근,승용,남,37세,상해없음,보행자,남,27세,중상
12963,2019042500100056,2019년 4월 25일 05시,목요일,서울특별시 송파구 가락동,경상사고,0,0,1,0,차대사람 - 횡단중,안전운전불이행,포장 - 건조,맑음,단일로 - 기타,승용,남,76세,상해없음,보행자,여,56세,경상
12964,2019042500100107,2019년 4월 25일 08시,목요일,서울특별시 성북구 석관동,중상사고,0,1,0,0,차대사람 - 길가장자리구역통행중,안전운전불이행,포장 - 건조,맑음,단일로 - 기타,승용,여,52세,기타불명,보행자,여,16세,중상
12965,2019042500100110,2019년 4월 25일 08시,목요일,서울특별시 강남구 수서동,경상사고,0,0,1,0,차대사람 - 횡단중,보행자보호의무위반,포장 - 건조,흐림,기타 - 기타,화물,남,55세,상해없음,보행자,남,14세,경상
12966,2019042500100216,2019년 4월 25일 11시,목요일,서울특별시 관악구 신림동,중상사고,0,1,0,0,차대사람 - 횡단중,보행자보호의무위반,포장 - 건조,맑음,교차로 - 교차로안,승용,남,51세,상해없음,보행자,남,71세,중상
12967,2019042500100254,2019년 4월 25일 12시,목요일,서울특별시 영등포구 여의도동,경상사고,0,0,1,0,차대사람 - 기타,기타,포장 - 젖음/습기,비,단일로 - 기타,승용,여,62세,상해없음,보행자,여,75세,경상
12968,2019042500100343,2019년 4월 25일 15시,목요일,서울특별시 노원구 중계동,경상사고,0,0,1,0,차대사람 - 기타,안전운전불이행,포장 - 젖음/습기,비,단일로 - 기타,승용,여,50세,기타불명,보행자,여,45세,경상
12969,2019042500100344,2019년 4월 25일 15시,목요일,서울특별시 서초구 반포동,중상사고,0,1,0,0,차대사람 - 횡단중,보행자보호의무위반,포장 - 건조,맑음,단일로 - 기타,화물,남,43세,상해없음,보행자,남,64세,중상
12970,2019042500100459,2019년 4월 25일 18시,목요일,서울특별시 종로구 신문로2가,경상사고,0,0,2,0,차대사람 - 기타,안전운전불이행,포장 - 젖음/습기,비,단일로 - 기타,승용,여,61세,상해없음,보행자,여,22세,경상
12971,2019042500100460,2019년 4월 25일 18시,목요일,서울특별시 종로구 종로4가,부상신고사고,0,0,0,1,차대사람 - 차도통행중,안전운전불이행,포장 - 젖음/습기,흐림,단일로 - 기타,이륜,남,37세,부상신고,보행자,남,59세,상해없음
12972,2019042500100466,2019년 4월 25일 18시,목요일,서울특별시 강남구 역삼동,중상사고,0,1,0,0,차대사람 - 횡단중,신호위반,포장 - 젖음/습기,비,단일로 - 기타,승용,여,31세,상해없음,보행자,여,61세,중상
12973,2019042500100508,2019년 4월 25일 19시,목요일,서울특별시 강북구 수유동,경상사고,0,0,1,0,차대사람 - 횡단중,안전운전불이행,포장 - 젖음/습기,비,단일로 - 기타,승용,남,36세,상해없음,보행자,남,29세,경상
12974,2019042500100510,2019년 4월 25일 19시,목요일,서울특별시 영등포구 여의도동,중상사고,0,1,0,0,차대사람 - 보도통행중,보행자보호의무위반,포장 - 젖음/습기,비,교차로 - 교차로안,승용,여,49세,상해없음,보행자,여,32세,중상
12975,2019042500100513,2019년 4월 25일 19시,목요일,서울특별시 강서구 공항동,중상사고,0,1,0,0,차대사람 - 횡단중,안전운전불이행,포장 - 젖음/습기,비,교차로 - 교차로안,승용,남,58세,상해없음,보행자,남,61세,중상
12976,2019042500100514,2019년 4월 25일 19시,목요일,서울특별시 송파구 가락동,중상사고,0,1,0,0,차대사람 - 횡단중,신호위반,포장 - 젖음/습기,비,교차로 - 교차로횡단보도내,이륜,남,45세,상해없음,보행자,남,41세,중상
12977,2019042500100557,2019년 4월 25일 20시,목요일,서울특별시 용산구 용문동,경상사고,0,0,1,0,차대사람 - 횡단중,안전운전불이행,포장 - 젖음/습기,비,교차로 - 교차로안,이륜,남,39세,상해없음,보행자,남,62세,경상
12978,2019042500100560,2019년 4월 25일 20시,목요일,서울특별시 중랑구 면목동,중상사고,0,1,0,0,차대사람 - 횡단중,보행자보호의무위반,포장 - 젖음/습기,비,교차로 - 교차로부근,승용,남,35세,상해없음,보행자,남,51세,중상
12979,2019042500100565,2019년 4월 25일 20시,목요일,서울특별시 노원구 월계동,중상사고,0,1,0,0,차대사람 - 기타,안전운전불이행,포장 - 젖음/습기,비,단일로 - 기타,이륜,남,18세,상해없음,보행자,남,66세,중상
12980,2019042500100566,2019년 4월 25일 20시,목요일,서울특별시 은평구 대조동,경상사고,0,0,1,0,차대사람 - 횡단중,안전운전불이행,포장 - 젖음/습기,비,단일로 - 기타,승용,남,41세,상해없음,보행자,여,18세,경상
12981,2019042500100606,2019년 4월 25일 21시,목요일,서울특별시 영등포구 대림동,경상사고,0,0,1,0,차대사람 - 차도통행중,안전운전불이행,포장 - 젖음/습기,비,단일로 - 기타,승용,남,28세,상해없음,보행자,남,31세,경상
12982,2019042500100609,2019년 4월 25일 21시,목요일,서울특별시 관악구 신림동,중상사고,0,1,0,0,차대사람 - 기타,안전운전불이행,포장 - 젖음/습기,비,교차로 - 교차로안,이륜,남,37세,상해없음,보행자,여,75세,중상
12983,2019042500100618,2019년 4월 25일 21시,목요일,서울특별시 강남구 자곡동,경상사고,0,0,1,0,차대사람 - 횡단중,보행자보호의무위반,포장 - 건조,맑음,교차로 - 교차로부근,승용,남,38세,상해없음,보행자,여,57세,경상
12984,2019042500100647,2019년 4월 25일 22시,목요일,서울특별시 동대문구 휘경동,경상사고,0,0,1,0,차대사람 - 차도통행중,안전운전불이행,포장 - 젖음/습기,비,교차로 - 교차로안,화물,남,56세,상해없음,보행자,남,32세,경상
12985,2019042500100649,2019년 4월 25일 22시,목요일,서울특별시 영등포구 양평동3가,경상사고,0,0,1,0,차대사람 - 횡단중,신호위반,포장 - 젖음/습기,비,단일로 - 기타,기타불명,기타불명,미분류,기타불명,보행자,남,49세,경상
12986,2019042500100650,2019년 4월 25일 22시,목요일,서울특별시 송파구 문정동,경상사고,0,0,1,0,차대사람 - 기타,안전운전불이행,포장 - 젖음/습기,비,교차로 - 교차로부근,승용,여,57세,상해없음,보행자,남,47세,경상
12987,2019042500100680,2019년 4월 25일 23시,목요일,서울특별시 성동구 성수동1가,경상사고,0,0,1,0,차대사람 - 횡단중,안전운전불이행,포장 - 젖음/습기,비,단일로 - 기타,승용,여,40세,상해없음,보행자,여,24세,경상
12988,2019042500100684,2019년 4월 25일 23시,목요일,서울특별시 은평구 대조동,중상사고,0,1,0,0,차대사람 - 횡단중,안전운전불이행,포장 - 젖음/습기,비,교차로 - 교차로횡단보도내,승용,남,70세,상해없음,보행자,남,59세,중상
12989,2019042600100053,2019년 4월 26일 01시,금요일,서울특별시 중구 을지로2가,중상사고,0,1,0,0,차대사람 - 횡단중,안전운전불이행,포장 - 젖음/습기,비,교차로 - 교차로횡단보도내,승용,남,22세,상해없음,보행자,남,35세,중상
12990,2019042600100054,2019년 4월 26일 01시,금요일,서울특별시 서대문구 홍은동,경상사고,0,0,1,0,차대사람 - 기타,보행자보호의무위반,포장 - 젖음/습기,비,교차로 - 교차로안,승용,남,46세,상해없음,보행자,남,45세,경상
12991,2019042600100056,2019년 4월 26일 01시,금요일,서울특별시 관악구 봉천동,경상사고,0,0,1,0,차대사람 - 횡단중,안전운전불이행,포장 - 건조,맑음,교차로 - 교차로부근,승용,남,61세,상해없음,보행자,여,31세,경상
12992,2019042600100057,2019년 4월 26일 01시,금요일,서울특별시 강남구 청담동,경상사고,0,0,1,0,차대사람 - 기타,안전운전불이행,포장 - 젖음/습기,흐림,단일로 - 기타,승용,남,46세,상해없음,보행자,여,23세,경상
12993,2019042600100058,2019년 4월 26일 01시,금요일,서울특별시 도봉구 창동,경상사고,0,0,1,0,차대사람 - 횡단중,안전운전불이행,포장 - 젖음/습기,비,단일로 - 기타,승용,남,68세,상해없음,보행자,남,23세,경상
12994,2019042600100075,2019년 4월 26일 02시,금요일,서울특별시 서초구 서초동,경상사고,0,0,1,0,차대사람 - 횡단중,안전운전불이행,포장 - 젖음/습기,비,교차로 - 교차로부근,승용,남,48세,상해없음,보행자,남,39세,경상
12995,2019042600100098,2019년 4월 26일 05시,금요일,서울특별시 서대문구 대현동,경상사고,0,0,1,0,차대사람 - 기타,기타,포장 - 젖음/습기,비,단일로 - 기타,승용,남,67세,상해없음,보행자,여,52세,경상
12996,2019042600100099,2019년 4월 26일 05시,금요일,서울특별시 서대문구 북아현동,부상신고사고,0,0,0,1,차대사람 - 기타,안전운전불이행,포장 - 건조,맑음,단일로 - 기타,승용,남,63세,상해없음,보행자,남,53세,부상신고
12997,2019042600100100,2019년 4월 26일 05시,금요일,서울특별시 동작구 상도동,중상사고,0,1,0,0,차대사람 - 횡단중,신호위반,포장 - 젖음/습기,맑음,교차로 - 교차로안,화물,남,62세,상해없음,보행자,남,68세,중상
12998,2019042600100139,2019년 4월 26일 08시,금요일,서울특별시 은평구 응암동,중상사고,0,1,0,0,차대사람 - 차도통행중,안전운전불이행,포장 - 건조,맑음,단일로 - 기타,승용,남,54세,상해없음,보행자,여,85세,중상
12999,2019042600100141,2019년 4월 26일 08시,금요일,서울특별시 성북구 성북동1가,경상사고,0,0,1,0,차대사람 - 횡단중,신호위반,포장 - 건조,맑음,단일로 - 기타,승용,남,78세,상해없음,보행자,여,17세,경상
13000,2019042600100142,2019년 4월 26일 08시,금요일,서울특별시 중랑구 상봉동,경상사고,0,0,1,0,차대사람 - 횡단중,신호위반,포장 - 건조,맑음,단일로 - 기타,이륜,남,25세,상해없음,보행자,남,50세,경상
13001,2019042600100143,2019년 4월 26일 08시,금요일,서울특별시 관악구 남현동,경상사고,0,0,1,0,차대사람 - 차도통행중,안전운전불이행,포장 - 건조,맑음,교차로 - 교차로부근,승용,남,64세,상해없음,보행자,남,39세,경상
13002,2019042600100190,2019년 4월 26일 09시,금요일,서울특별시 동작구 신대방동,중상사고,0,1,0,0,차대사람 - 횡단중,안전운전불이행,포장 - 건조,맑음,교차로 - 교차로안,승용,남,82세,상해없음,보행자,여,81세,중상
13003,2019042600100215,2019년 4월 26일 10시,금요일,서울특별시 동작구 노량진동,경상사고,0,0,1,0,차대사람 - 길가장자리구역통행중,안전운전불이행,포장 - 건조,맑음,단일로 - 기타,승용,남,64세,상해없음,보행자,여,76세,경상
13004,2019042600100217,2019년 4월 26일 10시,금요일,서울특별시 송파구 마천동,경상사고,0,0,1,0,차대사람 - 기타,안전운전불이행,포장 - 건조,맑음,단일로 - 기타,승용,남,64세,상해없음,보행자,남,48세,경상
13005,2019042600100240,2019년 4월 26일 11시,금요일,서울특별시 강북구 미아동,경상사고,0,0,1,0,차대사람 - 기타,보행자보호의무위반,포장 - 건조,맑음,교차로 - 교차로안,화물,남,61세,상해없음,보행자,여,38세,경상
13006,2019042600100265,2019년 4월 26일 12시,금요일,서울특별시 서대문구 창천동,경상사고,0,0,1,0,차대사람 - 길가장자리구역통행중,안전운전불이행,포장 - 건조,흐림,단일로 - 기타,승용,남,31세,상해없음,보행자,남,31세,경상
13007,2019042600100330,2019년 4월 26일 14시,금요일,서울특별시 중구 필동1가,경상사고,0,0,1,0,차대사람 - 횡단중,안전운전불이행,포장 - 건조,맑음,교차로 - 교차로부근,승용,남,57세,상해없음,보행자,남,14세,경상
13008,2019042600100332,2019년 4월 26일 14시,금요일,서울특별시 강동구 암사동,경상사고,0,0,1,0,차대사람 - 길가장자리구역통행중,안전운전불이행,포장 - 건조,맑음,교차로 - 교차로부근,승용,남,51세,상해없음,보행자,여,76세,경상
13009,2019042600100370,2019년 4월 26일 15시,금요일,서울특별시 영등포구 문래동6가,경상사고,0,0,1,0,차대사람 - 횡단중,보행자보호의무위반,포장 - 젖음/습기,비,교차로 - 교차로안,승용,여,69세,상해없음,보행자,남,9세,경상
13010,2019042600100372,2019년 4월 26일 15시,금요일,서울특별시 관악구 신림동,중상사고,0,1,0,0,차대사람 - 기타,안전운전불이행,포장 - 젖음/습기,비,교차로 - 교차로부근,승용,남,70세,상해없음,보행자,남,26세,중상
13011,2019042600100448,2019년 4월 26일 17시,금요일,서울특별시 성북구 동선동4가,중상사고,0,1,0,0,차대사람 - 보도통행중,기타,포장 - 젖음/습기,흐림,단일로 - 기타,승용,남,24세,상해없음,보행자,여,34세,중상
13012,2019042600100452,2019년 4월 26일 17시,금요일,서울특별시 강동구 천호동,부상신고사고,0,0,0,1,차대사람 - 보도통행중,보행자보호의무위반,포장 - 젖음/습기,비,교차로 - 교차로부근,승용,남,65세,상해없음,보행자,남,57세,부상신고
13013,2019042600100494,2019년 4월 26일 18시,금요일,서울특별시 영등포구 여의도동,중상사고,0,1,0,1,차대사람 - 횡단중,신호위반,포장 - 건조,맑음,단일로 - 기타,이륜,남,38세,부상신고,보행자,여,24세,중상
13014,2019042600100497,2019년 4월 26일 18시,금요일,서울특별시 구로구 구로동,경상사고,0,0,1,0,차대사람 - 횡단중,신호위반,포장 - 건조,맑음,교차로 - 교차로횡단보도내,승합,남,43세,상해없음,보행자,여,5세,경상
13015,2019042600100555,2019년 4월 26일 19시,금요일,서울특별시 구로구 고척동,부상신고사고,0,0,0,1,차대사람 - 횡단중,신호위반,포장 - 건조,맑음,교차로 - 교차로부근,승용,남,37세,상해없음,보행자,남,10세,부상신고
13016,2019042600100600,2019년 4월 26일 20시,금요일,서울특별시 광진구 구의동,경상사고,0,0,1,0,차대사람 - 횡단중,안전운전불이행,포장 - 건조,맑음,단일로 - 기타,승합,남,45세,상해없음,보행자,남,52세,경상
13017,2019042600100601,2019년 4월 26일 20시,금요일,서울특별시 영등포구 당산동4가,경상사고,0,0,1,0,차대사람 - 기타,안전운전불이행,포장 - 건조,맑음,기타 - 기타,승용,여,39세,상해없음,보행자,남,29세,경상
13018,2019042600100604,2019년 4월 26일 20시,금요일,서울특별시 구로구 구로동,중상사고,0,1,0,0,차대사람 - 횡단중,신호위반,포장 - 건조,맑음,교차로 - 교차로부근,승용,남,25세,상해없음,보행자,여,66세,중상