,사고번호,사고일시,요일,시군구,사고내용,사망자수,중상자수,경상자수,부상신고자수,사고유형,법규위반,노면상태,기상상태,도로형태,가해운전자 차종,가해운전자 성별,가해운전자 연령,가해운전자 상해정도,피해운전자 차종,피해운전자 성별,피해운전자 연령,피해운전자 상해정도
13019,2019042600100692,2019년 4월 26일 22시,금요일,서울특별시 양천구 목동,중상사고,0,1,0,0,차대사람 - 기타,안전운전불이행,포장 - 젖음/습기,흐림,단일로 - 기타,승용,여,41세,상해없음,보행자,남,51세,중상
13020,2019042700100049,2019년 4월 27일 01시,토요일,서울특별시 성동구 행당동,경상사고,0,0,1,0,차대사람 - 횡단중,안전운전불이행,포장 - 건조,맑음,교차로 - 교차로안,승용,남,56세,상해없음,보행자,남,31세,경상
13021,2019042700100078,2019년 4월 27일 02시,토요일,서울특별시 강서구 화곡동,경상사고,0,0,1,0,차대사람 - 보도통행중,안전운전불이행,포장 - 건조,맑음,기타 - 기타,승용,남,63세,상해없음,보행자,남,27세,경상
13022,2019042700100102,2019년 4월 27일 05시,토요일,서울특별시 구로구 구로동,경상사고,0,0,1,0,차대사람 - 횡단중,안전운전불이행,포장 - 건조,맑음,단일로 - 기타,이륜,남,32세,기타불명,보행자,남,53세,경상
13023,2019042700100124,2019년 4월 27일 07시,토요일,서울특별시 송파구 마천동,경상사고,0,0,1,0,차대사람 - 횡단중,신호위반,포장 - 건조,맑음,교차로 - 교차로안,승용,남,65세,상해없음,보행자,여,21세,경상
13024,2019042700100166,2019년 4월 27일 09시,토요일,서울특별시 강남구 도곡동,경상사고,0,0,1,1,차대사람 - 기타,안전운전불이행,포장 - 건조,맑음,단일로 - 기타,자전거,남,57세,부상신고,보행자,남,11세,경상
13025,2019042700100207,2019년 4월 27일 10시,토요일,서울특별시 강동구 강일동,경상사고,0,0,1,0,차대사람 - 횡단중,기타,포장 - 건조,맑음,단일로 - 기타,자전거,남,48세,상해없음,보행자,여,73세,경상
13026,2019042700100242,2019년 4월 27일 11시,토요일,서울특별시 종로구 청운동,경상사고,0,0,1,0,차대사람 - 길가장자리구역통행중,안전운전불이행,포장 - 건조,맑음,단일로 - 기타,승용,남,68세,상해없음,보행자,남,60세,경상
13027,2019042700100243,2019년 4월 27일 11시,토요일,서울특별시 성북구 동선동5가,경상사고,0,0,1,0,차대사람 - 차도통행중,안전운전불이행,포장 - 건조,맑음,단일로 - 기타,자전거,남,12세,상해없음,보행자,남,73세,경상
13028,2019042700100302,2019년 4월 27일 12시,토요일,서울특별시 중랑구 면목동,경상사고,0,0,1,0,차대사람 - 횡단중,안전운전불이행,포장 - 건조,맑음,교차로 - 교차로안,승용,남,29세,상해없음,보행자,여,65세,경상
13029,2019042700100305,2019년 4월 27일 12시,토요일,서울특별시 구로구 구로동,중상사고,0,1,0,0,차대사람 - 기타,신호위반,포장 - 건조,맑음,교차로 - 교차로횡단보도내,이륜,남,33세,상해없음,보행자,여,52세,중상
13030,2019042700100336,2019년 4월 27일 13시,토요일,서울특별시 용산구 동자동,부상신고사고,0,0,0,1,차대사람 - 횡단중,안전운전불이행,포장 - 건조,맑음,단일로 - 기타,승용,남,44세,상해없음,보행자,남,54세,부상신고
13031,2019042700100339,2019년 4월 27일 13시,토요일,서울특별시 영등포구 영등포동2가,중상사고,0,1,0,0,차대사람 - 차도통행중,안전운전불이행,포장 - 건조,맑음,교차로 - 교차로안,화물,남,66세,상해없음,보행자,여,64세,중상
13032,2019042700100341,2019년 4월 27일 13시,토요일,서울특별시 송파구 잠실동,경상사고,0,0,1,0,차대사람 - 횡단중,보행자보호의무위반,포장 - 건조,맑음,단일로 - 기타,승용,남,51세,상해없음,보행자,여,24세,경상
13033,2019042700100375,2019년 4월 27일 14시,토요일,서울특별시 관악구 봉천동,경상사고,0,0,1,0,차대사람 - 길가장자리구역통행중,안전운전불이행,포장 - 건조,맑음,단일로 - 기타,승합,남,56세,상해없음,보행자,남,36세,경상
13034,2019042700100377,2019년 4월 27일 14시,토요일,서울특별시 은평구 역촌동,중상사고,0,1,0,0,차대사람 - 횡단중,안전운전불이행,포장 - 건조,맑음,교차로 - 교차로횡단보도내,승용,여,64세,상해없음,보행자,남,67세,중상
13035,2019042700100452,2019년 4월 27일 16시,토요일,서울특별시 금천구 시흥동,경상사고,0,0,1,0,차대사람 - 기타,안전운전불이행,포장 - 건조,맑음,단일로 - 기타,승용,여,53세,상해없음,보행자,여,55세,경상
13036,2019042700100454,2019년 4월 27일 16시,토요일,서울특별시 관악구 신림동,경상사고,0,0,1,0,차대사람 - 길가장자리구역통행중,안전운전불이행,포장 - 건조,맑음,단일로 - 기타,자전거,남,51세,상해없음,보행자,여,56세,경상
13037,2019042700100489,2019년 4월 27일 17시,토요일,서울특별시 강북구 수유동,경상사고,0,0,1,0,차대사람 - 기타,안전운전불이행,포장 - 건조,맑음,교차로 - 교차로안,승용,남,43세,상해없음,보행자,남,45세,경상
13038,2019042700100539,2019년 4월 27일 18시,토요일,서울특별시 영등포구 여의도동,중상사고,0,1,0,0,차대사람 - 보도통행중,중앙선침범,포장 - 건조,맑음,교차로 - 교차로부근,기타불명,기타불명,미분류,기타불명,보행자,여,83세,중상
13039,2019042700100573,2019년 4월 27일 19시,토요일,서울특별시 강북구 번동,경상사고,0,0,1,0,차대사람 - 보도통행중,기타,포장 - 건조,맑음,단일로 - 기타,화물,남,65세,상해없음,보행자,남,11세,경상
13040,2019042700100574,2019년 4월 27일 19시,토요일,서울특별시 성동구 행당동,부상신고사고,0,0,0,1,차대사람 - 보도통행중,기타,포장 - 건조,맑음,교차로 - 교차로부근,개인형이동수단(PM),남,24세,상해없음,보행자,남,8세,부상신고
13041,2019042700100601,2019년 4월 27일 20시,토요일,서울특별시 강남구 역삼동,경상사고,0,0,1,0,차대사람 - 차도통행중,안전운전불이행,포장 - 건조,맑음,단일로 - 기타,이륜,남,43세,상해없음,보행자,남,48세,경상
13042,2019042700100636,2019년 4월 27일 21시,토요일,서울특별시 강북구 번동,중상사고,0,2,1,0,차대사람 - 횡단중,신호위반,포장 - 건조,맑음,교차로 - 교차로안,이륜,남,24세,상해없음,보행자,남,25세,경상
13043,2019042700100639,2019년 4월 27일 21시,토요일,서울특별시 양천구 목동,경상사고,0,0,1,0,차대사람 - 기타,안전운전불이행,포장 - 건조,맑음,단일로 - 기타,승용,여,57세,상해없음,보행자,여,38세,경상
13044,2019042700100673,2019년 4월 27일 22시,토요일,서울특별시 송파구 잠실동,경상사고,0,0,1,0,차대사람 - 기타,안전운전불이행,포장 - 건조,맑음,단일로 - 기타,승용,남,29세,상해없음,보행자,남,46세,경상
13045,2019042700100674,2019년 4월 27일 22시,토요일,서울특별시 은평구 갈현동,중상사고,0,1,0,0,차대사람 - 기타,보행자보호의무위반,포장 - 건조,맑음,교차로 - 교차로안,승용,남,33세,상해없음,보행자,남,49세,중상
13046,2019042700100695,2019년 4월 27일 23시,토요일,서울특별시 광진구 광장동,경상사고,0,0,1,0,차대사람 - 기타,안전운전불이행,포장 - 건조,맑음,단일로 - 기타,승용,남,31세,상해없음,보행자,여,29세,경상
13047,2019042800100027,2019년 4월 28일 01시,일요일,서울특별시 마포구 서교동,경상사고,0,0,1,0,차대사람 - 차도통행중,안전운전불이행,포장 - 건조,맑음,단일로 - 기타,승용,여,29세,상해없음,보행자,여,19세,경상
13048,2019042800100068,2019년 4월 28일 04시,일요일,서울특별시 서초구 서초동,경상사고,0,0,1,0,차대사람 - 기타,안전운전불이행,포장 - 건조,맑음,단일로 - 기타,승용,남,25세,상해없음,보행자,남,31세,경상
13049,2019042800100073,2019년 4월 28일 05시,일요일,서울특별시 용산구 이태원동,부상신고사고,0,0,0,2,차대사람 - 기타,안전운전불이행,포장 - 건조,맑음,기타 - 기타,승용,남,57세,상해없음,보행자,남,22세,부상신고
13050,2019042800100148,2019년 4월 28일 10시,일요일,서울특별시 영등포구 대림동,경상사고,0,0,1,0,차대사람 - 기타,안전운전불이행,포장 - 건조,맑음,기타 - 기타,승용,남,53세,상해없음,보행자,여,78세,경상
13051,2019042800100160,2019년 4월 28일 11시,일요일,서울특별시 강남구 신사동,중상사고,0,1,0,0,차대사람 - 횡단중,보행자보호의무위반,포장 - 건조,맑음,교차로 - 교차로안,화물,남,59세,상해없음,보행자,남,54세,중상
13052,2019042800100199,2019년 4월 28일 13시,일요일,서울특별시 성북구 동선동1가,중상사고,0,1,0,0,차대사람 - 차도통행중,안전운전불이행,포장 - 건조,맑음,단일로 - 기타,승용,남,29세,상해없음,보행자,여,11세,중상
13053,2019042800100201,2019년 4월 28일 13시,일요일,서울특별시 중랑구 중화동,부상신고사고,0,0,0,1,차대사람 - 기타,안전운전불이행,포장 - 건조,맑음,기타 - 기타,화물,남,59세,상해없음,보행자,남,70세,부상신고
13054,2019042800100202,2019년 4월 28일 13시,일요일,서울특별시 관악구 신림동,경상사고,0,0,1,0,차대사람 - 기타,안전운전불이행,포장 - 건조,맑음,단일로 - 기타,승용,남,47세,상해없음,보행자,남,41세,경상
13055,2019042800100203,2019년 4월 28일 13시,일요일,서울특별시 관악구 봉천동,중상사고,0,1,0,0,차대사람 - 기타,신호위반,포장 - 건조,맑음,단일로 - 기타,자전거,남,15세,상해없음,보행자,여,74세,중상
13056,2019042800100204,2019년 4월 28일 13시,일요일,서울특별시 강서구 내발산동,경상사고,0,0,2,0,차대사람 - 횡단중,신호위반,포장 - 건조,맑음,교차로 - 교차로횡단보도내,승용,남,46세,상해없음,보행자,여,34세,경상
13057,2019042800100233,2019년 4월 28일 14시,일요일,서울특별시 강동구 길동,중상사고,0,1,0,0,차대사람 - 기타,안전운전불이행,포장 - 건조,맑음,교차로 - 교차로안,승용,여,43세,상해없음,보행자,남,86세,중상
13058,2019042800100234,2019년 4월 28일 14시,일요일,서울특별시 성북구 하월곡동,경상사고,0,0,1,0,차대사람 - 횡단중,보행자보호의무위반,포장 - 건조,맑음,교차로 - 교차로횡단보도내,승용,여,44세,상해없음,보행자,남,27세,경상
13059,2019042800100266,2019년 4월 28일 15시,일요일,서울특별시 서대문구 대현동,경상사고,0,0,1,0,차대사람 - 차도통행중,안전운전불이행,포장 - 건조,맑음,단일로 - 기타,승용,남,67세,상해없음,보행자,여,28세,경상
13060,2019042800100268,2019년 4월 28일 15시,일요일,서울특별시 동대문구 휘경동,중상사고,0,1,1,0,차대사람 - 기타,안전운전불이행,포장 - 건조,맑음,단일로 - 기타,자전거,남,42세,경상,보행자,여,54세,중상
13061,2019042800100332,2019년 4월 28일 17시,일요일,서울특별시 강북구 번동,경상사고,0,0,1,0,차대사람 - 기타,안전운전불이행,포장 - 건조,맑음,단일로 - 기타,승용,여,36세,상해없음,보행자,여,75세,경상
13062,2019042800100334,2019년 4월 28일 17시,일요일,서울특별시 구로구 개봉동,중상사고,0,1,0,0,차대사람 - 기타,안전운전불이행,포장 - 건조,맑음,단일로 - 기타,승용,여,56세,상해없음,보행자,여,14세,중상
13063,2019042800100386,2019년 4월 28일 19시,일요일,서울특별시 용산구 한남동,경상사고,0,0,1,0,차대사람 - 기타,기타,포장 - 건조,맑음,단일로 - 기타,승용,여,29세,상해없음,보행자,여,35세,경상
13064,2019042800100387,2019년 4월 28일 19시,일요일,서울특별시 금천구 시흥동,경상사고,0,0,2,0,차대사람 - 횡단중,신호위반,포장 - 건조,맑음,단일로 - 기타,이륜,남,26세,상해없음,보행자,남,65세,경상
13065,2019042800100467,2019년 4월 28일 22시,일요일,서울특별시 성동구 응봉동,경상사고,0,0,1,0,차대사람 - 차도통행중,안전운전불이행,포장 - 건조,맑음,단일로 - 기타,승용,남,44세,상해없음,보행자,남,53세,경상
13066,2019042800100488,2019년 4월 28일 23시,일요일,서울특별시 노원구 중계동,부상신고사고,0,0,0,1,차대사람 - 차도통행중,안전운전불이행,포장 - 건조,맑음,교차로 - 교차로부근,원동기,남,18세,상해없음,보행자,여,30세,부상신고
13067,2019042900100024,2019년 4월 29일 00시,월요일,서울특별시 금천구 독산동,경상사고,0,0,1,0,차대사람 - 횡단중,안전운전불이행,포장 - 건조,맑음,단일로 - 기타,승용,남,68세,상해없음,보행자,남,62세,경상
13068,2019042900100058,2019년 4월 29일 05시,월요일,서울특별시 강서구 방화동,경상사고,0,0,1,0,차대사람 - 횡단중,신호위반,포장 - 건조,맑음,교차로 - 교차로횡단보도내,승용,남,55세,상해없음,보행자,남,80세,경상
13069,2019042900100085,2019년 4월 29일 07시,월요일,서울특별시 마포구 상암동,경상사고,0,0,1,0,차대사람 - 기타,안전운전불이행,포장 - 건조,맑음,단일로 - 기타,승용,남,50세,상해없음,보행자,남,28세,경상
13070,2019042900100086,2019년 4월 29일 07시,월요일,서울특별시 노원구 중계동,경상사고,0,0,1,0,차대사람 - 기타,안전운전불이행,포장 - 건조,맑음,교차로 - 교차로안,승합,남,49세,상해없음,보행자,여,38세,경상
13071,2019042900100118,2019년 4월 29일 08시,월요일,서울특별시 은평구 응암동,경상사고,0,0,1,0,차대사람 - 길가장자리구역통행중,안전운전불이행,포장 - 건조,맑음,단일로 - 기타,기타불명,기타불명,미분류,기타불명,보행자,여,32세,경상
13072,2019042900100158,2019년 4월 29일 09시,월요일,서울특별시 중구 남대문로5가,중상사고,0,1,0,0,차대사람 - 기타,안전운전불이행,포장 - 건조,맑음,단일로 - 지하차도(도로)내,승용,남,42세,상해없음,보행자,남,55세,중상
13073,2019042900100189,2019년 4월 29일 10시,월요일,서울특별시 성북구 보문동5가,중상사고,0,1,0,0,차대사람 - 보도통행중,신호위반,포장 - 건조,맑음,단일로 - 기타,승용,남,78세,상해없음,보행자,남,76세,중상
13074,2019042900100190,2019년 4월 29일 10시,월요일,서울특별시 동대문구 용두동,경상사고,0,0,1,0,차대사람 - 보도통행중,안전운전불이행,포장 - 건조,맑음,단일로 - 기타,이륜,남,20세,상해없음,보행자,남,31세,경상
13075,2019042900100227,2019년 4월 29일 11시,월요일,서울특별시 강북구 미아동,중상사고,0,1,0,0,차대사람 - 기타,보행자보호의무위반,포장 - 건조,맑음,단일로 - 기타,화물,남,32세,상해없음,보행자,남,68세,중상
13076,2019042900100229,2019년 4월 29일 11시,월요일,서울특별시 강동구 성내동,중상사고,0,1,0,0,차대사람 - 기타,안전운전불이행,포장 - 건조,맑음,단일로 - 기타,승용,남,65세,상해없음,보행자,여,48세,중상
13077,2019042900100231,2019년 4월 29일 11시,월요일,서울특별시 노원구 상계동,경상사고,0,0,1,0,차대사람 - 보도통행중,기타,포장 - 건조,맑음,단일로 - 기타,자전거,남,49세,상해없음,보행자,남,28세,경상
13078,2019042900100332,2019년 4월 29일 14시,월요일,서울특별시 강남구 논현동,부상신고사고,0,0,0,1,차대사람 - 기타,안전운전불이행,포장 - 건조,맑음,교차로 - 교차로부근,기타불명,기타불명,미분류,기타불명,보행자,여,22세,부상신고
13079,2019042900100368,2019년 4월 29일 15시,월요일,서울특별시 양천구 신정동,경상사고,0,0,1,0,차대사람 - 횡단중,안전운전불이행,포장 - 건조,맑음,단일로 - 기타,승합,여,46세,상해없음,보행자,여,14세,경상
13080,2019042900100400,2019년 4월 29일 16시,월요일,서울특별시 은평구 증산동,부상신고사고,0,0,0,1,차대사람 - 횡단중,안전운전불이행,포장 - 건조,맑음,단일로 - 기타,승용,남,76세,상해없음,보행자,남,32세,부상신고
13081,2019042900100401,2019년 4월 29일 16시,월요일,서울특별시 동대문구 휘경동,경상사고,0,0,1,0,차대사람 - 기타,기타,포장 - 건조,맑음,기타 - 기타,승용,남,81세,상해없음,보행자,여,22세,경상
13082,2019042900100402,2019년 4월 29일 16시,월요일,서울특별시 마포구 도화동,경상사고,0,0,1,0,차대사람 - 횡단중,보행자보호의무위반,포장 - 건조,맑음,교차로 - 교차로횡단보도내,승용,남,52세,상해없음,보행자,남,52세,경상
13083,2019042900100404,2019년 4월 29일 16시,월요일,서울특별시 구로구 구로동,경상사고,0,0,1,0,차대사람 - 횡단중,보행자보호의무위반,포장 - 건조,맑음,교차로 - 교차로부근,자전거,남,68세,상해없음,보행자,여,60세,경상
13084,2019042900100442,2019년 4월 29일 17시,월요일,서울특별시 양천구 신정동,중상사고,0,1,0,0,차대사람 - 기타,안전운전불이행,포장 - 건조,맑음,단일로 - 기타,승용,남,21세,상해없음,보행자,남,68세,중상
13085,2019042900100490,2019년 4월 29일 18시,월요일,서울특별시 동대문구 제기동,중상사고,0,1,0,1,차대사람 - 기타,안전운전불이행,포장 - 건조,맑음,단일로 - 기타,자전거,남,65세,상해없음,보행자,여,70세,중상
13086,2019042900100491,2019년 4월 29일 18시,월요일,서울특별시 영등포구 대림동,중상사고,0,1,0,0,차대사람 - 보도통행중,안전운전불이행,포장 - 건조,맑음,단일로 - 기타,승용,남,66세,상해없음,보행자,여,14세,중상
13087,2019042900100493,2019년 4월 29일 18시,월요일,서울특별시 강남구 신사동,경상사고,0,0,1,0,차대사람 - 기타,안전운전불이행,포장 - 건조,맑음,교차로 - 교차로안,승용,남,65세,상해없음,보행자,여,29세,경상
13088,2019042900100534,2019년 4월 29일 19시,월요일,서울특별시 광진구 중곡동,부상신고사고,0,0,0,1,차대사람 - 기타,안전운전불이행,포장 - 건조,맑음,단일로 - 기타,자전거,여,52세,부상신고,보행자,남,35세,상해없음
13089,2019042900100563,2019년 4월 29일 20시,월요일,서울특별시 강남구 역삼동,경상사고,0,0,1,0,차대사람 - 횡단중,신호위반,포장 - 건조,흐림,단일로 - 기타,이륜,남,61세,상해없음,보행자,여,56세,경상
13090,2019042900100589,2019년 4월 29일 21시,월요일,서울특별시 중구 광희동1가,중상사고,0,1,0,0,차대사람 - 기타,신호위반,포장 - 건조,맑음,교차로 - 교차로안,화물,남,57세,상해없음,보행자,남,56세,중상
13091,2019042900100629,2019년 4월 29일 23시,월요일,서울특별시 종로구 낙원동,중상사고,0,1,0,0,차대사람 - 횡단중,안전운전불이행,포장 - 건조,맑음,교차로 - 교차로안,화물,남,38세,상해없음,보행자,남,34세,중상
13092,2019043000100015,2019년 4월 30일 00시,화요일,서울특별시 중구 회현동1가,중상사고,0,1,0,0,차대사람 - 횡단중,보행자보호의무위반,포장 - 건조,맑음,기타 - 기타,승용,남,40세,상해없음,보행자,남,59세,중상
13093,2019043000100021,2019년 4월 30일 00시,화요일,서울특별시 노원구 월계동,중상사고,0,3,0,0,차대사람 - 횡단중,안전운전불이행,포장 - 건조,맑음,교차로 - 교차로안,승합,남,29세,상해없음,보행자,여,61세,중상
13094,2019043000100085,2019년 4월 30일 07시,화요일,서울특별시 강동구 성내동,부상신고사고,0,0,0,1,차대사람 - 기타,불법유턴,포장 - 건조,맑음,교차로 - 교차로부근,승용,남,54세,상해없음,보행자,남,54세,부상신고
13095,2019043000100107,2019년 4월 30일 08시,화요일,서울특별시 마포구 연남동,경상사고,0,0,1,0,차대사람 - 횡단중,보행자보호의무위반,포장 - 건조,맑음,단일로 - 기타,승용,여,46세,상해없음,보행자,여,21세,경상
13096,2019043000100108,2019년 4월 30일 08시,화요일,서울특별시 중랑구 묵동,부상신고사고,0,0,0,1,차대사람 - 횡단중,보행자보호의무위반,포장 - 건조,맑음,교차로 - 교차로부근,승용,남,42세,상해없음,보행자,남,63세,부상신고
13097,2019043000100109,2019년 4월 30일 08시,화요일,서울특별시 강동구 암사동,경상사고,0,0,1,0,차대사람 - 횡단중,보행자보호의무위반,포장 - 건조,맑음,교차로 - 교차로부근,승용,남,52세,상해없음,보행자,여,32세,경상
13098,2019043000100151,2019년 4월 30일 09시,화요일,서울특별시 강동구 암사동,경상사고,0,0,1,0,차대사람 - 보도통행중,기타,포장 - 건조,맑음,단일로 - 기타,이륜,남,53세,상해없음,보행자,남,40세,경상
13099,2019043000100190,2019년 4월 30일 10시,화요일,서울특별시 동대문구 청량리동,경상사고,0,0,1,0,차대사람 - 기타,안전운전불이행,포장 - 건조,맑음,기타 - 기타,자전거,남,67세,상해없음,보행자,여,69세,경상
13100,2019043000100277,2019년 4월 30일 13시,화요일,서울특별시 서대문구 연희동,경상사고,0,0,1,0,차대사람 - 차도통행중,안전운전불이행,포장 - 건조,맑음,단일로 - 기타,승용,남,27세,기타불명,보행자,여,24세,경상
13101,2019043000100312,2019년 4월 30일 14시,화요일,서울특별시 은평구 대조동,중상사고,0,1,0,0,차대사람 - 차도통행중,안전운전불이행,포장 - 건조,맑음,단일로 - 기타,승용,여,23세,상해없음,보행자,여,80세,중상
13102,2019043000100380,2019년 4월 30일 16시,화요일,서울특별시 광진구 자양동,중상사고,0,1,0,0,차대사람 - 보도통행중,안전운전불이행,포장 - 건조,맑음,기타 - 기타,승용,남,65세,상해없음,보행자,여,32세,중상
13103,2019043000100381,2019년 4월 30일 16시,화요일,서울특별시 영등포구 여의도동,중상사고,0,1,0,0,차대사람 - 길가장자리구역통행중,안전운전불이행,포장 - 건조,맑음,단일로 - 기타,기타불명,기타불명,미분류,기타불명,보행자,남,74세,중상
13104,2019043000100419,2019년 4월 30일 17시,화요일,서울특별시 동작구 사당동,경상사고,0,0,1,0,차대사람 - 차도통행중,안전운전불이행,포장 - 건조,맑음,단일로 - 기타,화물,남,63세,상해없음,보행자,남,50세,경상
13105,2019043000100509,2019년 4월 30일 19시,화요일,서울특별시 동작구 상도동,경상사고,0,0,1,0,차대사람 - 횡단중,안전운전불이행,포장 - 건조,맑음,단일로 - 기타,승용,남,31세,상해없음,보행자,여,58세,경상
13106,2019043000100512,2019년 4월 30일 19시,화요일,서울특별시 구로구 개봉동,경상사고,0,0,1,0,차대사람 - 길가장자리구역통행중,안전운전불이행,포장 - 건조,맑음,단일로 - 기타,승용,남,70세,상해없음,보행자,여,24세,경상
13107,2019043000100567,2019년 4월 30일 21시,화요일,서울특별시 금천구 가산동,중상사고,0,1,0,0,차대사람 - 횡단중,안전운전불이행,포장 - 건조,맑음,교차로 - 교차로부근,승용,남,64세,상해없음,보행자,여,83세,중상
13108,2019043000100601,2019년 4월 30일 22시,화요일,서울특별시 중랑구 면목동,중상사고,0,1,0,0,차대사람 - 횡단중,안전운전불이행,포장 - 건조,맑음,단일로 - 기타,승용,남,52세,상해없음,보행자,여,30세,중상
13109,2019043000100602,2019년 4월 30일 22시,화요일,서울특별시 강서구 등촌동,중상사고,0,1,0,0,차대사람 - 횡단중,보행자보호의무위반,포장 - 건조,맑음,교차로 - 교차로횡단보도내,승용,남,58세,상해없음,보행자,여,60세,중상
13110,2019043000100604,2019년 4월 30일 22시,화요일,서울특별시 도봉구 창동,중상사고,0,1,0,0,차대사람 - 횡단중,안전운전불이행,포장 - 건조,맑음,단일로 - 기타,화물,남,51세,상해없음,보행자,여,70세,중상
13111,2019043000100626,2019년 4월 30일 23시,화요일,서울특별시 강남구 논현동,경상사고,0,0,1,0,차대사람 - 기타,안전운전불이행,포장 - 건조,맑음,교차로 - 교차로부근,승용,남,26세,상해없음,보행자,남,59세,경상
13112,2019050100100062,2019년 5월 1일 02시,수요일,서울특별시 관악구 신림동,경상사고,0,0,1,0,차대사람 - 기타,안전운전불이행,포장 - 기타,기타,교차로 - 교차로안,승용,남,39세,상해없음,보행자,남,29세,경상
13113,2019050100100075,2019년 5월 1일 03시,수요일,서울특별시 강남구 신사동,경상사고,0,0,1,0,차대사람 - 차도통행중,안전운전불이행,포장 - 건조,맑음,단일로 - 기타,기타불명,기타불명,미분류,기타불명,보행자,남,35세,경상
13114,2019050100100097,2019년 5월 1일 05시,수요일,서울특별시 용산구 이태원동,경상사고,0,0,1,0,차대사람 - 길가장자리구역통행중,안전운전불이행,포장 - 건조,맑음,기타 - 기타,승용,남,28세,기타불명,보행자,남,34세,경상
13115,2019050100100131,2019년 5월 1일 08시,수요일,서울특별시 노원구 월계동,경상사고,0,0,1,0,차대사람 - 기타,안전운전불이행,포장 - 건조,맑음,교차로 - 교차로부근,원동기,남,16세,상해없음,보행자,여,62세,경상
13116,2019050100100149,2019년 5월 1일 09시,수요일,서울특별시 영등포구 양평동4가,중상사고,0,1,0,0,차대사람 - 횡단중,안전운전불이행,포장 - 건조,맑음,단일로 - 기타,승용,남,52세,상해없음,보행자,여,17세,중상
13117,2019050100100166,2019년 5월 1일 10시,수요일,서울특별시 영등포구 여의도동,중상사고,0,1,0,0,차대사람 - 횡단중,안전운전불이행,포장 - 건조,맑음,단일로 - 기타,자전거,남,54세,상해없음,보행자,여,29세,중상
13118,2019050100100168,2019년 5월 1일 10시,수요일,서울특별시 송파구 문정동,경상사고,0,0,1,0,차대사람 - 길가장자리구역통행중,안전운전불이행,포장 - 건조,맑음,단일로 - 기타,승용,여,37세,상해없음,보행자,여,74세,경상
13119,2019050100100256,2019년 5월 1일 13시,수요일,서울특별시 중구 을지로6가,경상사고,0,0,1,0,차대사람 - 차도통행중,안전운전불이행,포장 - 건조,맑음,단일로 - 기타,승용,여,59세,상해없음,보행자,남,56세,경상
13120,2019050100100259,2019년 5월 1일 13시,수요일,서울특별시 성동구 마장동,사망사고,1,0,0,0,차대사람 - 횡단중,신호위반,포장 - 건조,맑음,교차로 - 교차로횡단보도내,승용,여,61세,상해없음,보행자,남,79세,사망
13121,2019050100100260,2019년 5월 1일 13시,수요일,서울특별시 동작구 흑석동,경상사고,0,0,1,0,차대사람 - 횡단중,보행자보호의무위반,포장 - 건조,맑음,단일로 - 기타,승용,여,49세,상해없음,보행자,남,61세,경상
13122,2019050100100261,2019년 5월 1일 13시,수요일,서울특별시 강동구 천호동,중상사고,0,1,0,0,차대사람 - 횡단중,안전운전불이행,포장 - 건조,맑음,단일로 - 기타,자전거,남,29세,기타불명,보행자,남,75세,중상
13123,2019050100100263,2019년 5월 1일 13시,수요일,서울특별시 구로구 구로동,경상사고,0,0,1,0,차대사람 - 기타,안전운전불이행,포장 - 건조,맑음,기타 - 기타,기타불명,기타불명,미분류,기타불명,보행자,남,73세,경상
13124,2019050100100292,2019년 5월 1일 14시,수요일,서울특별시 종로구 동숭동,경상사고,0,0,1,0,차대사람 - 차도통행중,안전운전불이행,포장 - 건조,맑음,단일로 - 기타,승용,여,34세,상해없음,보행자,여,24세,경상
13125,2019050100100293,2019년 5월 1일 14시,수요일,서울특별시 광진구 화양동,경상사고,0,0,1,0,차대사람 - 차도통행중,안전운전불이행,포장 - 건조,맑음,단일로 - 기타,승용,남,30세,상해없음,보행자,남,34세,경상
13126,2019050100100295,2019년 5월 1일 14시,수요일,서울특별시 노원구 하계동,경상사고,0,0,2,0,차대사람 - 횡단중,안전운전불이행,포장 - 건조,맑음,단일로 - 기타,이륜,남,34세,경상,보행자,남,16세,경상
13127,2019050100100334,2019년 5월 1일 15시,수요일,서울특별시 서초구 반포동,부상신고사고,0,0,0,1,차대사람 - 기타,안전운전불이행,포장 - 건조,맑음,교차로 - 교차로부근,승용,여,37세,상해없음,보행자,남,69세,부상신고
13128,2019050100100367,2019년 5월 1일 16시,수요일,서울특별시 성동구 상왕십리동,중상사고,0,1,0,0,차대사람 - 횡단중,보행자보호의무위반,포장 - 건조,맑음,교차로 - 교차로횡단보도내,화물,남,46세,상해없음,보행자,여,81세,중상
13129,2019050100100368,2019년 5월 1일 16시,수요일,서울특별시 관악구 신림동,중상사고,0,1,0,0,차대사람 - 횡단중,안전운전불이행,포장 - 건조,맑음,단일로 - 기타,승용,남,79세,상해없음,보행자,여,58세,중상
13130,2019050100100369,2019년 5월 1일 16시,수요일,서울특별시 관악구 신림동,경상사고,0,0,1,0,차대사람 - 차도통행중,안전운전불이행,포장 - 건조,맑음,단일로 - 기타,승합,남,66세,상해없음,보행자,남,38세,경상
13131,2019050100100406,2019년 5월 1일 17시,수요일,서울특별시 구로구 고척동,경상사고,0,0,1,0,차대사람 - 기타,안전운전불이행,포장 - 건조,기타,단일로 - 기타,이륜,여,30세,기타불명,보행자,여,11세,경상