,사고번호,사고일시,요일,시군구,사고내용,사망자수,중상자수,경상자수,부상신고자수,사고유형,법규위반,노면상태,기상상태,도로형태,가해운전자 차종,가해운전자 성별,가해운전자 연령,가해운전자 상해정도,피해운전자 차종,피해운전자 성별,피해운전자 연령,피해운전자 상해정도
13132,2019050100100451,2019년 5월 1일 18시,수요일,서울특별시 서대문구 북아현동,경상사고,0,0,1,0,차대사람 - 기타,안전운전불이행,포장 - 건조,맑음,단일로 - 기타,승합,남,62세,기타불명,보행자,남,36세,경상
13133,2019050100100479,2019년 5월 1일 19시,수요일,서울특별시 금천구 시흥동,경상사고,0,0,2,0,차대사람 - 횡단중,신호위반,포장 - 건조,맑음,단일로 - 기타,이륜,남,21세,경상,보행자,여,48세,경상
13134,2019050100100541,2019년 5월 1일 21시,수요일,서울특별시 성동구 행당동,경상사고,0,0,1,0,차대사람 - 기타,기타,포장 - 건조,맑음,교차로 - 교차로부근,승용,여,26세,상해없음,보행자,여,48세,경상
13135,2019050100100577,2019년 5월 1일 23시,수요일,서울특별시 강북구 번동,경상사고,0,0,2,0,차대사람 - 기타,안전운전불이행,포장 - 건조,맑음,단일로 - 기타,자전거,여,51세,경상,보행자,남,30세,경상
13136,2019050100100578,2019년 5월 1일 23시,수요일,서울특별시 금천구 시흥동,중상사고,0,1,0,0,차대사람 - 보도통행중,기타,포장 - 건조,맑음,기타 - 기타,기타불명,기타불명,미분류,기타불명,보행자,여,20세,중상
13137,2019050100100580,2019년 5월 1일 23시,수요일,서울특별시 양천구 신정동,경상사고,0,0,1,0,차대사람 - 기타,신호위반,포장 - 건조,맑음,교차로 - 교차로안,원동기,남,20세,상해없음,보행자,남,25세,경상
13138,2019050200100033,2019년 5월 2일 01시,목요일,서울특별시 성동구 마장동,중상사고,0,1,0,0,차대사람 - 길가장자리구역통행중,안전운전불이행,포장 - 건조,맑음,단일로 - 기타,승용,여,29세,상해없음,보행자,남,30세,중상
13139,2019050200100034,2019년 5월 2일 01시,목요일,서울특별시 중랑구 면목동,부상신고사고,0,0,0,1,차대사람 - 기타,안전운전불이행,포장 - 건조,맑음,단일로 - 기타,승용,여,35세,상해없음,보행자,여,17세,부상신고
13140,2019050200100108,2019년 5월 2일 08시,목요일,서울특별시 강북구 미아동,중상사고,0,1,0,0,차대사람 - 기타,안전운전불이행,포장 - 건조,맑음,단일로 - 기타,승용,남,65세,상해없음,보행자,여,21세,중상
13141,2019050200100111,2019년 5월 2일 08시,목요일,서울특별시 성동구 송정동,중상사고,0,1,0,1,차대사람 - 기타,안전운전불이행,포장 - 건조,맑음,단일로 - 기타,자전거,남,27세,상해없음,보행자,남,64세,부상신고
13142,2019050200100116,2019년 5월 2일 08시,목요일,서울특별시 강동구 성내동,중상사고,0,1,0,0,차대사람 - 횡단중,안전운전불이행,포장 - 건조,맑음,단일로 - 기타,승용,남,52세,상해없음,보행자,여,65세,중상
13143,2019050200100118,2019년 5월 2일 08시,목요일,서울특별시 송파구 가락동,경상사고,0,0,1,0,차대사람 - 기타,안전운전불이행,포장 - 건조,맑음,단일로 - 기타,승용,남,52세,상해없음,보행자,남,9세,경상
13144,2019050200100119,2019년 5월 2일 08시,목요일,서울특별시 성북구 장위동,경상사고,0,0,1,0,차대사람 - 기타,안전운전불이행,포장 - 건조,맑음,단일로 - 기타,승용,남,46세,상해없음,보행자,여,13세,경상
13145,2019050200100124,2019년 5월 2일 08시,목요일,서울특별시 도봉구 창동,중상사고,0,1,0,0,차대사람 - 기타,안전운전불이행,포장 - 건조,맑음,단일로 - 기타,건설기계,남,28세,상해없음,보행자,여,76세,중상
13146,2019050200100169,2019년 5월 2일 09시,목요일,서울특별시 관악구 신림동,중상사고,0,1,0,0,차대사람 - 횡단중,보행자보호의무위반,포장 - 건조,맑음,교차로 - 교차로횡단보도내,화물,남,51세,상해없음,보행자,여,76세,중상
13147,2019050200100171,2019년 5월 2일 09시,목요일,서울특별시 구로구 개봉동,중상사고,0,1,0,0,차대사람 - 보도통행중,안전운전불이행,포장 - 건조,맑음,주차장 - 주차장,자전거,남,12세,상해없음,보행자,여,65세,중상
13148,2019050200100209,2019년 5월 2일 10시,목요일,서울특별시 성북구 장위동,경상사고,0,0,1,0,차대사람 - 보도통행중,안전운전불이행,포장 - 건조,맑음,단일로 - 기타,승용,여,50세,상해없음,보행자,남,76세,경상
13149,2019050200100212,2019년 5월 2일 10시,목요일,서울특별시 도봉구 도봉동,중상사고,0,1,0,0,차대사람 - 횡단중,안전운전불이행,포장 - 건조,맑음,교차로 - 교차로횡단보도내,승용,남,37세,상해없음,보행자,남,83세,중상
13150,2019050200100237,2019년 5월 2일 11시,목요일,서울특별시 강남구 압구정동,중상사고,0,1,0,0,차대사람 - 기타,안전운전불이행,포장 - 건조,맑음,기타 - 기타,자전거,남,59세,상해없음,보행자,남,76세,중상
13151,2019050200100238,2019년 5월 2일 11시,목요일,서울특별시 강동구 천호동,중상사고,0,1,0,0,차대사람 - 기타,안전운전불이행,포장 - 건조,맑음,교차로 - 교차로안,화물,남,55세,상해없음,보행자,남,59세,중상
13152,2019050200100276,2019년 5월 2일 12시,목요일,서울특별시 동대문구 용두동,경상사고,0,0,1,0,차대사람 - 기타,안전운전불이행,포장 - 건조,맑음,단일로 - 기타,승용,남,64세,상해없음,보행자,남,40세,경상
13153,2019050200100277,2019년 5월 2일 12시,목요일,서울특별시 광진구 자양동,경상사고,0,0,1,0,차대사람 - 기타,안전운전불이행,포장 - 건조,맑음,단일로 - 기타,승용,남,72세,상해없음,보행자,남,64세,경상
13154,2019050200100279,2019년 5월 2일 12시,목요일,서울특별시 강서구 가양동,경상사고,0,0,1,0,차대사람 - 횡단중,안전운전불이행,포장 - 건조,맑음,단일로 - 기타,화물,남,52세,상해없음,보행자,남,65세,경상
13155,2019050200100306,2019년 5월 2일 13시,목요일,서울특별시 서대문구 북가좌동,경상사고,0,0,1,0,차대사람 - 기타,안전운전불이행,포장 - 건조,맑음,단일로 - 기타,승용,남,54세,상해없음,보행자,남,60세,경상
13156,2019050200100307,2019년 5월 2일 13시,목요일,서울특별시 용산구 이촌동,경상사고,0,0,1,0,차대사람 - 횡단중,보행자보호의무위반,포장 - 건조,맑음,교차로 - 교차로횡단보도내,승용,여,63세,상해없음,보행자,남,5세,경상
13157,2019050200100309,2019년 5월 2일 13시,목요일,서울특별시 노원구 상계동,중상사고,0,1,0,0,차대사람 - 보도통행중,안전운전불이행,포장 - 건조,맑음,기타 - 기타,자전거,남,18세,상해없음,보행자,여,66세,중상
13158,2019050200100386,2019년 5월 2일 15시,목요일,서울특별시 강남구 삼성동,중상사고,0,1,0,0,차대사람 - 횡단중,신호위반,포장 - 건조,맑음,단일로 - 기타,승용,남,64세,상해없음,보행자,여,72세,중상
13159,2019050200100424,2019년 5월 2일 16시,목요일,서울특별시 성동구 마장동,경상사고,0,0,1,0,차대사람 - 기타,안전운전불이행,포장 - 건조,맑음,단일로 - 기타,화물,남,51세,상해없음,보행자,여,48세,경상
13160,2019050200100427,2019년 5월 2일 16시,목요일,서울특별시 노원구 월계동,경상사고,0,0,1,0,차대사람 - 횡단중,보행자보호의무위반,포장 - 건조,맑음,교차로 - 교차로안,기타불명,기타불명,미분류,기타불명,보행자,여,13세,경상
13161,2019050200100470,2019년 5월 2일 17시,목요일,서울특별시 노원구 공릉동,중상사고,0,1,0,0,차대사람 - 길가장자리구역통행중,안전운전불이행,포장 - 건조,맑음,단일로 - 기타,승합,남,68세,상해없음,보행자,여,77세,중상
13162,2019050200100513,2019년 5월 2일 18시,목요일,서울특별시 강북구 수유동,경상사고,0,0,1,0,차대사람 - 횡단중,보행자보호의무위반,포장 - 건조,맑음,교차로 - 교차로부근,기타불명,기타불명,미분류,기타불명,보행자,남,20세,경상
13163,2019050200100514,2019년 5월 2일 18시,목요일,서울특별시 동대문구 장안동,중상사고,0,1,0,1,차대사람 - 기타,안전운전불이행,포장 - 건조,맑음,단일로 - 기타,자전거,남,42세,부상신고,보행자,여,67세,중상
13164,2019050200100570,2019년 5월 2일 19시,목요일,서울특별시 강서구 등촌동,경상사고,0,0,1,0,차대사람 - 차도통행중,안전운전불이행,포장 - 건조,맑음,단일로 - 기타,승용,여,33세,상해없음,보행자,남,27세,경상
13165,2019050200100601,2019년 5월 2일 20시,목요일,서울특별시 성북구 성북동,중상사고,0,1,0,0,차대사람 - 차도통행중,안전운전불이행,포장 - 건조,맑음,단일로 - 기타,승용,남,62세,상해없음,보행자,여,63세,중상
13166,2019050200100671,2019년 5월 2일 22시,목요일,서울특별시 강서구 염창동,중상사고,0,1,0,0,차대사람 - 기타,안전운전불이행,포장 - 건조,맑음,교차로 - 교차로부근,승용,남,26세,상해없음,보행자,남,42세,중상
13167,2019050200100672,2019년 5월 2일 22시,목요일,서울특별시 서초구 서초동,경상사고,0,0,1,0,차대사람 - 횡단중,보행자보호의무위반,포장 - 건조,맑음,기타 - 기타,승용,남,43세,상해없음,보행자,여,26세,경상
13168,2019050300100045,2019년 5월 3일 01시,금요일,서울특별시 강남구 논현동,부상신고사고,0,0,0,1,차대사람 - 횡단중,안전운전불이행,포장 - 기타,맑음,교차로 - 교차로안,기타불명,기타불명,미분류,기타불명,보행자,남,35세,부상신고
13169,2019050300100054,2019년 5월 3일 02시,금요일,서울특별시 광진구 자양동,사망사고,1,0,0,0,차대사람 - 기타,안전운전불이행,포장 - 건조,맑음,단일로 - 교량,승용,남,34세,상해없음,보행자,남,24세,사망
13170,2019050300100057,2019년 5월 3일 02시,금요일,서울특별시 강동구 명일동,중상사고,0,2,0,0,차대사람 - 횡단중,보행자보호의무위반,포장 - 건조,맑음,교차로 - 교차로안,승용,여,54세,상해없음,보행자,남,45세,중상
13171,2019050300100085,2019년 5월 3일 06시,금요일,서울특별시 광진구 중곡동,중상사고,0,1,0,0,차대사람 - 횡단중,안전운전불이행,포장 - 건조,맑음,교차로 - 교차로부근,승합,남,70세,상해없음,보행자,여,75세,중상
13172,2019050300100086,2019년 5월 3일 06시,금요일,서울특별시 강동구 길동,경상사고,0,0,1,0,차대사람 - 기타,안전운전불이행,포장 - 건조,맑음,단일로 - 기타,승용,남,69세,상해없음,보행자,남,64세,경상
13173,2019050300100087,2019년 5월 3일 06시,금요일,서울특별시 은평구 역촌동,경상사고,0,0,1,0,차대사람 - 횡단중,신호위반,포장 - 건조,맑음,교차로 - 교차로안,승합,남,70세,상해없음,보행자,남,50세,경상
13174,2019050300100099,2019년 5월 3일 07시,금요일,서울특별시 마포구 성산동,중상사고,0,1,0,0,차대사람 - 기타,안전운전불이행,포장 - 건조,맑음,교차로 - 교차로안,화물,남,58세,상해없음,보행자,여,17세,중상
13175,2019050300100101,2019년 5월 3일 07시,금요일,서울특별시 관악구 봉천동,중상사고,0,1,0,0,차대사람 - 기타,보행자보호의무위반,포장 - 건조,맑음,교차로 - 교차로안,승용,남,46세,기타불명,보행자,여,33세,중상
13176,2019050300100103,2019년 5월 3일 07시,금요일,서울특별시 구로구 개봉동,경상사고,0,0,1,0,차대사람 - 기타,안전운전불이행,포장 - 건조,맑음,단일로 - 기타,승용,남,57세,기타불명,보행자,남,46세,경상
13177,2019050300100136,2019년 5월 3일 08시,금요일,서울특별시 성동구 성수동2가,경상사고,0,0,1,0,차대사람 - 기타,안전운전불이행,포장 - 건조,맑음,단일로 - 기타,화물,남,59세,상해없음,보행자,남,52세,경상
13178,2019050300100139,2019년 5월 3일 08시,금요일,서울특별시 송파구 송파동,중상사고,0,1,0,0,차대사람 - 기타,안전운전불이행,포장 - 건조,맑음,단일로 - 기타,승용,여,60세,상해없음,보행자,여,65세,중상
13179,2019050300100185,2019년 5월 3일 09시,금요일,서울특별시 은평구 갈현동,중상사고,0,1,0,0,차대사람 - 횡단중,보행자보호의무위반,포장 - 건조,맑음,교차로 - 교차로횡단보도내,승용,남,27세,상해없음,보행자,여,47세,중상
13180,2019050300100323,2019년 5월 3일 13시,금요일,서울특별시 중구 충무로1가,중상사고,0,1,0,0,차대사람 - 차도통행중,신호위반,포장 - 건조,맑음,교차로 - 교차로부근,원동기,남,50세,상해없음,보행자,남,21세,중상
13181,2019050300100324,2019년 5월 3일 13시,금요일,서울특별시 종로구 관훈동,경상사고,0,0,1,0,차대사람 - 차도통행중,안전운전불이행,포장 - 건조,맑음,단일로 - 기타,승용,여,54세,상해없음,보행자,여,16세,경상
13182,2019050300100326,2019년 5월 3일 13시,금요일,서울특별시 영등포구 영등포동5가,경상사고,0,0,1,0,차대사람 - 보도통행중,보행자보호의무위반,포장 - 건조,맑음,교차로 - 교차로횡단보도내,화물,남,47세,상해없음,보행자,남,65세,경상
13183,2019050300100328,2019년 5월 3일 13시,금요일,서울특별시 양천구 신정동,경상사고,0,0,1,0,차대사람 - 기타,안전운전불이행,포장 - 건조,맑음,단일로 - 기타,기타불명,기타불명,미분류,기타불명,보행자,여,69세,경상
13184,2019050300100365,2019년 5월 3일 14시,금요일,서울특별시 강북구 미아동,경상사고,0,0,1,0,차대사람 - 횡단중,안전운전불이행,포장 - 건조,맑음,교차로 - 교차로안,화물,남,70세,상해없음,보행자,남,42세,경상
13185,2019050300100396,2019년 5월 3일 15시,금요일,서울특별시 중구 남창동,경상사고,0,0,1,0,차대사람 - 기타,신호위반,포장 - 건조,맑음,단일로 - 기타,기타불명,기타불명,미분류,기타불명,보행자,여,44세,경상
13186,2019050300100398,2019년 5월 3일 15시,금요일,서울특별시 동작구 사당동,경상사고,0,0,1,0,차대사람 - 기타,안전운전불이행,포장 - 건조,맑음,기타 - 기타,승합,남,70세,상해없음,보행자,남,39세,경상
13187,2019050300100403,2019년 5월 3일 15시,금요일,서울특별시 강남구 역삼동,경상사고,0,0,1,0,차대사람 - 기타,안전운전불이행,포장 - 건조,맑음,기타 - 기타,승용,남,49세,상해없음,보행자,남,31세,경상
13188,2019050300100448,2019년 5월 3일 16시,금요일,서울특별시 강동구 천호동,경상사고,0,0,1,0,차대사람 - 횡단중,보행자보호의무위반,포장 - 건조,맑음,교차로 - 교차로횡단보도내,승용,남,71세,기타불명,보행자,남,46세,경상
13189,2019050300100449,2019년 5월 3일 16시,금요일,서울특별시 구로구 구로동,중상사고,0,1,0,0,차대사람 - 횡단중,기타,포장 - 건조,맑음,단일로 - 기타,승용,남,52세,상해없음,보행자,남,72세,중상
13190,2019050300100499,2019년 5월 3일 17시,금요일,서울특별시 송파구 거여동,중상사고,0,1,0,0,차대사람 - 횡단중,보행자보호의무위반,포장 - 건조,기타,교차로 - 교차로횡단보도내,승합,여,50세,상해없음,보행자,여,58세,중상
13191,2019050300100500,2019년 5월 3일 17시,금요일,서울특별시 송파구 풍납동,경상사고,0,0,1,0,차대사람 - 보도통행중,안전운전불이행,포장 - 건조,맑음,단일로 - 기타,자전거,남,74세,상해없음,보행자,여,52세,경상
13192,2019050300100502,2019년 5월 3일 17시,금요일,서울특별시 양천구 목동,경상사고,0,0,1,0,차대사람 - 횡단중,보행자보호의무위반,포장 - 건조,맑음,교차로 - 교차로안,승용,여,48세,기타불명,보행자,여,11세,경상
13193,2019050300100505,2019년 5월 3일 17시,금요일,서울특별시 강남구 역삼동,경상사고,0,0,1,0,차대사람 - 횡단중,안전운전불이행,포장 - 건조,맑음,교차로 - 교차로부근,화물,남,25세,상해없음,보행자,여,71세,경상
13194,2019050300100565,2019년 5월 3일 18시,금요일,서울특별시 영등포구 양평동2가,경상사고,0,0,1,0,차대사람 - 보도통행중,보행자보호의무위반,포장 - 건조,맑음,교차로 - 교차로안,승용,남,36세,상해없음,보행자,여,23세,경상
13195,2019050300100637,2019년 5월 3일 20시,금요일,서울특별시 은평구 증산동,중상사고,0,1,0,0,차대사람 - 횡단중,보행자보호의무위반,포장 - 건조,맑음,교차로 - 교차로부근,승용,남,19세,상해없음,보행자,여,62세,중상
13196,2019050300100641,2019년 5월 3일 20시,금요일,서울특별시 영등포구 도림동,중상사고,0,1,0,0,차대사람 - 차도통행중,안전운전불이행,포장 - 건조,맑음,교차로 - 교차로안,자전거,남,28세,상해없음,보행자,여,62세,중상
13197,2019050300100642,2019년 5월 3일 20시,금요일,서울특별시 도봉구 도봉동,부상신고사고,0,0,0,1,차대사람 - 횡단중,안전운전불이행,포장 - 건조,맑음,교차로 - 교차로부근,승용,여,42세,상해없음,보행자,여,16세,부상신고
13198,2019050300100683,2019년 5월 3일 21시,금요일,서울특별시 용산구 동자동,중상사고,0,1,0,0,차대사람 - 기타,안전운전불이행,포장 - 건조,맑음,단일로 - 기타,이륜,남,29세,상해없음,보행자,남,65세,중상
13199,2019050300100684,2019년 5월 3일 21시,금요일,서울특별시 금천구 시흥동,경상사고,0,0,1,0,차대사람 - 기타,교차로운행방법위반,포장 - 건조,맑음,교차로 - 교차로안,기타불명,기타불명,미분류,기타불명,보행자,남,60세,경상
13200,2019050300100716,2019년 5월 3일 22시,금요일,서울특별시 광진구 자양동,경상사고,0,0,1,0,차대사람 - 기타,안전운전불이행,포장 - 건조,맑음,단일로 - 기타,승용,남,21세,상해없음,보행자,남,31세,경상
13201,2019050300100718,2019년 5월 3일 22시,금요일,서울특별시 마포구 동교동,경상사고,0,0,1,0,차대사람 - 길가장자리구역통행중,안전운전불이행,포장 - 건조,맑음,단일로 - 기타,승용,여,30세,상해없음,보행자,여,25세,경상
13202,2019050300100719,2019년 5월 3일 22시,금요일,서울특별시 영등포구 영등포동7가,중상사고,0,1,0,0,차대사람 - 기타,안전운전불이행,포장 - 건조,맑음,교차로 - 교차로부근,승용,남,32세,상해없음,보행자,여,49세,중상
13203,2019050300100721,2019년 5월 3일 22시,금요일,서울특별시 송파구 가락동,경상사고,0,0,1,0,차대사람 - 횡단중,안전운전불이행,포장 - 건조,맑음,교차로 - 교차로안,승용,여,39세,상해없음,보행자,남,22세,경상
13204,2019050300100744,2019년 5월 3일 23시,금요일,서울특별시 마포구 서교동,중상사고,0,1,0,0,차대사람 - 횡단중,안전운전불이행,포장 - 건조,맑음,기타 - 기타,승용,남,29세,상해없음,보행자,여,20세,중상
13205,2019050300100745,2019년 5월 3일 23시,금요일,서울특별시 중랑구 망우동,경상사고,0,0,1,0,차대사람 - 기타,안전운전불이행,포장 - 건조,맑음,단일로 - 기타,기타불명,기타불명,미분류,기타불명,보행자,남,56세,경상
13206,2019050400100032,2019년 5월 4일 00시,토요일,서울특별시 서초구 방배동,경상사고,0,0,1,0,차대사람 - 횡단중,보행자보호의무위반,포장 - 건조,맑음,교차로 - 교차로안,승용,남,29세,상해없음,보행자,남,51세,경상
13207,2019050400100090,2019년 5월 4일 04시,토요일,서울특별시 용산구 이태원동,경상사고,0,0,1,0,차대사람 - 기타,안전운전불이행,포장 - 건조,맑음,단일로 - 지하차도(도로)내,승용,남,23세,상해없음,보행자,여,25세,경상
13208,2019050400100091,2019년 5월 4일 04시,토요일,서울특별시 마포구 동교동,부상신고사고,0,0,0,1,차대사람 - 횡단중,안전운전불이행,포장 - 건조,맑음,단일로 - 기타,기타불명,기타불명,미분류,기타불명,보행자,남,29세,부상신고
13209,2019050400100137,2019년 5월 4일 08시,토요일,서울특별시 강서구 화곡동,경상사고,0,0,1,0,차대사람 - 보도통행중,기타,포장 - 건조,맑음,단일로 - 기타,승용,남,30세,상해없음,보행자,여,41세,경상
13210,2019050400100228,2019년 5월 4일 11시,토요일,서울특별시 중구 필동2가,경상사고,0,0,1,0,차대사람 - 보도통행중,기타,포장 - 건조,맑음,단일로 - 기타,이륜,남,48세,상해없음,보행자,여,28세,경상
13211,2019050400100229,2019년 5월 4일 11시,토요일,서울특별시 강북구 미아동,중상사고,0,1,0,0,차대사람 - 횡단중,안전운전불이행,포장 - 건조,맑음,단일로 - 기타,이륜,남,67세,상해없음,보행자,여,75세,중상
13212,2019050400100230,2019년 5월 4일 11시,토요일,서울특별시 성북구 장위동,경상사고,0,0,1,0,차대사람 - 기타,안전운전불이행,포장 - 건조,맑음,단일로 - 기타,승용,남,53세,상해없음,보행자,여,53세,경상
13213,2019050400100232,2019년 5월 4일 11시,토요일,서울특별시 은평구 대조동,중상사고,0,1,0,0,차대사람 - 횡단중,신호위반,포장 - 건조,맑음,단일로 - 기타,승용,남,67세,상해없음,보행자,여,71세,중상
13214,2019050400100275,2019년 5월 4일 12시,토요일,서울특별시 강동구 암사동,경상사고,0,0,2,0,차대사람 - 보도통행중,안전운전불이행,포장 - 건조,맑음,단일로 - 기타,승용,남,46세,상해없음,보행자,여,36세,경상
13215,2019050400100276,2019년 5월 4일 12시,토요일,서울특별시 은평구 불광동,경상사고,0,0,1,0,차대사람 - 횡단중,신호위반,포장 - 건조,맑음,교차로 - 교차로횡단보도내,승용,남,54세,상해없음,보행자,남,9세,경상
13216,2019050400100312,2019년 5월 4일 13시,토요일,서울특별시 마포구 아현동,중상사고,0,1,0,0,차대사람 - 기타,안전운전불이행,포장 - 건조,맑음,단일로 - 기타,승용,남,56세,상해없음,보행자,여,66세,중상
13217,2019050400100315,2019년 5월 4일 13시,토요일,서울특별시 중랑구 면목동,경상사고,0,0,1,0,차대사람 - 기타,기타,포장 - 건조,맑음,기타 - 기타,승용,남,60세,상해없음,보행자,남,4세,경상
13218,2019050400100317,2019년 5월 4일 13시,토요일,서울특별시 도봉구 창동,부상신고사고,0,0,0,1,차대사람 - 횡단중,보행자보호의무위반,포장 - 건조,맑음,교차로 - 교차로횡단보도내,승용,여,31세,상해없음,보행자,남,75세,부상신고
13219,2019050400100398,2019년 5월 4일 15시,토요일,서울특별시 동대문구 장안동,중상사고,0,1,0,0,차대사람 - 횡단중,보행자보호의무위반,포장 - 건조,맑음,교차로 - 교차로횡단보도내,승용,남,46세,상해없음,보행자,여,76세,중상
13220,2019050400100401,2019년 5월 4일 15시,토요일,서울특별시 동작구 사당동,중상사고,0,1,0,0,차대사람 - 기타,안전운전불이행,포장 - 건조,맑음,교차로 - 교차로부근,승용,여,64세,상해없음,보행자,여,63세,중상
13221,2019050400100402,2019년 5월 4일 15시,토요일,서울특별시 송파구 가락동,경상사고,0,0,1,0,차대사람 - 기타,안전운전불이행,포장 - 건조,맑음,단일로 - 기타,자전거,남,24세,상해없음,보행자,남,8세,경상
13222,2019050400100443,2019년 5월 4일 16시,토요일,서울특별시 성북구 보문동7가,경상사고,0,0,1,0,차대사람 - 기타,안전운전불이행,포장 - 건조,맑음,단일로 - 기타,자전거,남,15세,상해없음,보행자,남,90세 이상,경상
13223,2019050400100445,2019년 5월 4일 16시,토요일,서울특별시 동대문구 장안동,경상사고,0,0,1,0,차대사람 - 횡단중,안전운전불이행,포장 - 건조,맑음,단일로 - 기타,승용,남,61세,상해없음,보행자,여,88세,경상
13224,2019050400100485,2019년 5월 4일 17시,토요일,서울특별시 도봉구 쌍문동,중상사고,0,1,0,0,차대사람 - 기타,안전운전불이행,포장 - 건조,맑음,단일로 - 기타,화물,남,56세,상해없음,보행자,여,79세,중상
13225,2019050400100527,2019년 5월 4일 18시,토요일,서울특별시 노원구 중계동,경상사고,0,0,1,0,차대사람 - 횡단중,보행자보호의무위반,포장 - 건조,맑음,교차로 - 교차로안,승용,남,45세,상해없음,보행자,남,76세,경상
13226,2019050400100590,2019년 5월 4일 20시,토요일,서울특별시 성동구 성수동2가,경상사고,0,0,1,0,차대사람 - 횡단중,안전운전불이행,포장 - 건조,맑음,단일로 - 기타,자전거,남,31세,상해없음,보행자,남,5세,경상
13227,2019050400100621,2019년 5월 4일 21시,토요일,서울특별시 종로구 안국동,중상사고,0,1,0,0,차대사람 - 차도통행중,안전운전불이행,포장 - 건조,맑음,단일로 - 기타,승용,여,27세,상해없음,보행자,여,44세,중상
13228,2019050400100624,2019년 5월 4일 21시,토요일,서울특별시 금천구 시흥동,중상사고,0,1,0,1,차대사람 - 횡단중,신호위반,포장 - 건조,맑음,교차로 - 교차로횡단보도내,이륜,남,18세,부상신고,보행자,여,24세,중상
13229,2019050400100627,2019년 5월 4일 21시,토요일,서울특별시 도봉구 창동,중상사고,0,1,2,0,차대사람 - 횡단중,안전운전불이행,포장 - 건조,맑음,단일로 - 기타,이륜,남,64세,경상,보행자,여,16세,중상
13230,2019050400100628,2019년 5월 4일 21시,토요일,서울특별시 은평구 불광동,경상사고,0,0,1,0,차대사람 - 차도통행중,안전운전불이행,포장 - 건조,맑음,교차로 - 교차로부근,승용,남,71세,상해없음,보행자,남,70세,경상
13231,2019050400100686,2019년 5월 4일 23시,토요일,서울특별시 강동구 길동,중상사고,0,1,0,0,차대사람 - 횡단중,보행자보호의무위반,포장 - 건조,맑음,교차로 - 교차로횡단보도내,승합,남,42세,상해없음,보행자,여,62세,중상
13232,2019050500100051,2019년 5월 5일 02시,일요일,서울특별시 중랑구 중화동,부상신고사고,0,0,0,1,차대사람 - 기타,안전운전불이행,포장 - 건조,맑음,단일로 - 기타,승용,남,63세,상해없음,보행자,남,35세,부상신고
13233,2019050500100054,2019년 5월 5일 02시,일요일,서울특별시 노원구 월계동,경상사고,0,0,1,0,차대사람 - 보도통행중,안전운전불이행,포장 - 건조,맑음,단일로 - 기타,승합,남,55세,상해없음,보행자,남,25세,경상
13234,2019050500100117,2019년 5월 5일 09시,일요일,서울특별시 서대문구 창천동,부상신고사고,0,0,0,1,차대사람 - 보도통행중,기타,포장 - 건조,맑음,기타 - 기타,승용,여,50세,상해없음,보행자,여,27세,부상신고
13235,2019050500100144,2019년 5월 5일 10시,일요일,서울특별시 동작구 사당동,중상사고,0,2,0,0,차대사람 - 길가장자리구역통행중,안전운전불이행,포장 - 건조,맑음,단일로 - 기타,승용,남,41세,상해없음,보행자,남,79세,중상
13236,2019050500100202,2019년 5월 5일 12시,일요일,서울특별시 서초구 서초동,경상사고,0,0,1,0,차대사람 - 기타,안전운전불이행,포장 - 건조,맑음,단일로 - 기타,승용,남,51세,상해없음,보행자,남,38세,경상
13237,2019050500100232,2019년 5월 5일 13시,일요일,서울특별시 서대문구 현저동,경상사고,0,0,1,0,차대사람 - 기타,안전운전불이행,포장 - 건조,맑음,단일로 - 기타,승용,남,45세,상해없음,보행자,남,69세,경상
13238,2019050500100234,2019년 5월 5일 13시,일요일,서울특별시 동작구 신대방동,경상사고,0,0,1,0,차대사람 - 횡단중,보행자보호의무위반,포장 - 건조,맑음,교차로 - 교차로횡단보도내,승용,남,63세,상해없음,보행자,남,8세,경상
13239,2019050500100284,2019년 5월 5일 14시,일요일,서울특별시 성북구 동소문동1가,경상사고,0,0,1,0,차대사람 - 차도통행중,안전운전불이행,포장 - 건조,맑음,단일로 - 기타,승용,남,73세,상해없음,보행자,남,28세,경상
13240,2019050500100288,2019년 5월 5일 14시,일요일,서울특별시 노원구 상계동,경상사고,0,0,1,0,차대사람 - 횡단중,보행자보호의무위반,포장 - 건조,맑음,교차로 - 교차로안,승용,여,59세,상해없음,보행자,여,28세,경상
13241,2019050500100321,2019년 5월 5일 15시,일요일,서울특별시 중랑구 면목동,중상사고,0,1,0,0,차대사람 - 기타,안전운전불이행,포장 - 건조,맑음,기타 - 기타,화물,남,31세,상해없음,보행자,여,67세,중상
13242,2019050500100322,2019년 5월 5일 15시,일요일,서울특별시 강동구 성내동,중상사고,0,1,0,0,차대사람 - 기타,안전운전불이행,포장 - 건조,맑음,교차로 - 교차로안,승용,남,44세,상해없음,보행자,여,84세,중상
13243,2019050500100324,2019년 5월 5일 15시,일요일,서울특별시 송파구 가락동,부상신고사고,0,0,0,1,차대사람 - 횡단중,안전운전불이행,포장 - 건조,맑음,단일로 - 기타,승합,남,53세,상해없음,보행자,남,12세,부상신고
13244,2019050500100365,2019년 5월 5일 16시,일요일,서울특별시 금천구 독산동,경상사고,0,0,1,0,차대사람 - 기타,기타,포장 - 건조,맑음,교차로 - 교차로안,승용,남,58세,상해없음,보행자,남,7세,경상