,사고번호,사고일시,요일,시군구,사고내용,사망자수,중상자수,경상자수,부상신고자수,사고유형,법규위반,노면상태,기상상태,도로형태,가해운전자 차종,가해운전자 성별,가해운전자 연령,가해운전자 상해정도,피해운전자 차종,피해운전자 성별,피해운전자 연령,피해운전자 상해정도
13245,2019050500100369,2019년 5월 5일 16시,일요일,서울특별시 구로구 구로동,중상사고,0,1,1,0,차대사람 - 기타,신호위반,포장 - 건조,기타,단일로 - 기타,이륜,남,23세,상해없음,보행자,여,16세,경상
13246,2019050500100402,2019년 5월 5일 17시,일요일,서울특별시 서대문구 남가좌동,중상사고,0,1,0,0,차대사람 - 횡단중,신호위반,포장 - 건조,맑음,교차로 - 교차로횡단보도내,원동기,남,55세,상해없음,보행자,남,6세,중상
13247,2019050500100403,2019년 5월 5일 17시,일요일,서울특별시 강북구 미아동,부상신고사고,0,0,0,1,차대사람 - 기타,안전운전불이행,포장 - 건조,맑음,단일로 - 기타,승용,남,39세,상해없음,보행자,남,56세,부상신고
13248,2019050500100404,2019년 5월 5일 17시,일요일,서울특별시 중랑구 면목동,경상사고,0,0,1,0,차대사람 - 보도통행중,기타,포장 - 건조,맑음,단일로 - 기타,자전거,남,23세,상해없음,보행자,남,16세,경상
13249,2019050500100405,2019년 5월 5일 17시,일요일,서울특별시 강남구 개포동,중상사고,0,1,0,1,차대사람 - 차도통행중,기타,포장 - 건조,맑음,기타 - 기타,승용,남,39세,상해없음,보행자,여,47세,부상신고
13250,2019050500100505,2019년 5월 5일 20시,일요일,서울특별시 용산구 효창동,경상사고,0,0,1,0,차대사람 - 횡단중,안전운전불이행,포장 - 건조,기타,기타 - 기타,자전거,여,24세,상해없음,보행자,여,66세,경상
13251,2019050500100541,2019년 5월 5일 21시,일요일,서울특별시 동작구 흑석동,부상신고사고,0,0,0,1,차대사람 - 보도통행중,기타,포장 - 건조,맑음,단일로 - 기타,자전거,남,13세,상해없음,보행자,여,23세,부상신고
13252,2019050500100598,2019년 5월 5일 23시,일요일,서울특별시 영등포구 영등포동8가,중상사고,0,2,0,0,차대사람 - 횡단중,신호위반,포장 - 건조,맑음,교차로 - 교차로횡단보도내,승합,남,64세,상해없음,보행자,여,31세,중상
13253,2019050500100599,2019년 5월 5일 23시,일요일,서울특별시 영등포구 영등포동3가,경상사고,0,0,1,0,차대사람 - 기타,안전운전불이행,포장 - 건조,맑음,교차로 - 교차로안,승용,남,55세,상해없음,보행자,남,18세,경상
13254,2019050600100019,2019년 5월 6일 00시,월요일,서울특별시 노원구 중계동,경상사고,0,0,1,0,차대사람 - 횡단중,보행자보호의무위반,포장 - 건조,맑음,교차로 - 교차로안,이륜,남,18세,상해없음,보행자,남,22세,경상
13255,2019050600100038,2019년 5월 6일 01시,월요일,서울특별시 강서구 공항동,사망사고,1,0,0,0,차대사람 - 횡단중,과속,포장 - 건조,맑음,단일로 - 기타,승용,남,67세,상해없음,보행자,남,23세,사망
13256,2019050600100039,2019년 5월 6일 01시,월요일,서울특별시 송파구 방이동,경상사고,0,0,1,0,차대사람 - 차도통행중,안전운전불이행,포장 - 건조,맑음,교차로 - 교차로부근,승용,남,32세,상해없음,보행자,남,29세,경상
13257,2019050600100051,2019년 5월 6일 02시,월요일,서울특별시 강남구 역삼동,부상신고사고,0,0,0,1,차대사람 - 길가장자리구역통행중,안전운전불이행,포장 - 건조,맑음,단일로 - 기타,승용,남,57세,상해없음,보행자,남,40세,부상신고
13258,2019050600100052,2019년 5월 6일 02시,월요일,서울특별시 강서구 화곡동,사망사고,1,0,0,0,차대사람 - 횡단중,안전운전불이행,포장 - 건조,흐림,단일로 - 기타,승용,남,59세,상해없음,보행자,남,60세,사망
13259,2019050600100122,2019년 5월 6일 09시,월요일,서울특별시 서초구 잠원동,부상신고사고,0,0,0,1,차대사람 - 횡단중,안전운전불이행,포장 - 건조,맑음,단일로 - 기타,자전거,남,46세,부상신고,보행자,여,40세,상해없음
13260,2019050600100146,2019년 5월 6일 10시,월요일,서울특별시 서대문구 홍은동,중상사고,0,1,0,0,차대사람 - 횡단중,신호위반,포장 - 건조,맑음,교차로 - 교차로횡단보도내,건설기계,남,56세,상해없음,보행자,여,80세,중상
13261,2019050600100273,2019년 5월 6일 14시,월요일,서울특별시 동작구 상도동,경상사고,0,0,1,0,차대사람 - 기타,안전운전불이행,포장 - 건조,맑음,단일로 - 기타,화물,남,46세,상해없음,보행자,남,55세,경상
13262,2019050600100275,2019년 5월 6일 14시,월요일,서울특별시 관악구 신림동,경상사고,0,0,1,0,차대사람 - 차도통행중,안전운전불이행,포장 - 건조,맑음,교차로 - 교차로부근,승용,여,66세,상해없음,보행자,남,78세,경상
13263,2019050600100278,2019년 5월 6일 14시,월요일,서울특별시 송파구 잠실동,경상사고,0,0,1,0,차대사람 - 횡단중,안전운전불이행,포장 - 건조,맑음,교차로 - 교차로부근,승용,남,75세,상해없음,보행자,여,19세,경상
13264,2019050600100279,2019년 5월 6일 14시,월요일,서울특별시 구로구 개봉동,부상신고사고,0,0,0,1,차대사람 - 길가장자리구역통행중,안전운전불이행,포장 - 건조,맑음,단일로 - 기타,승용,남,39세,상해없음,보행자,여,7세,부상신고
13265,2019050600100325,2019년 5월 6일 15시,월요일,서울특별시 강동구 천호동,부상신고사고,0,0,0,1,차대사람 - 횡단중,보행자보호의무위반,포장 - 건조,맑음,교차로 - 교차로횡단보도내,승용,남,63세,상해없음,보행자,남,33세,부상신고
13266,2019050600100326,2019년 5월 6일 15시,월요일,서울특별시 성북구 석관동,중상사고,0,1,0,0,차대사람 - 횡단중,안전운전불이행,포장 - 건조,맑음,교차로 - 교차로부근,승용,여,64세,상해없음,보행자,여,59세,중상
13267,2019050600100401,2019년 5월 6일 17시,월요일,서울특별시 도봉구 쌍문동,중상사고,0,1,0,0,차대사람 - 횡단중,신호위반,포장 - 건조,맑음,교차로 - 교차로횡단보도내,승용,남,35세,상해없음,보행자,여,61세,중상
13268,2019050600100486,2019년 5월 6일 19시,월요일,서울특별시 성북구 정릉동,중상사고,0,1,0,0,차대사람 - 횡단중,안전운전불이행,포장 - 건조,맑음,교차로 - 교차로횡단보도내,승용,남,41세,상해없음,보행자,남,79세,중상
13269,2019050600100487,2019년 5월 6일 19시,월요일,서울특별시 광진구 자양동,부상신고사고,0,0,0,1,차대사람 - 기타,안전운전불이행,포장 - 건조,맑음,단일로 - 기타,자전거,여,62세,상해없음,보행자,여,73세,부상신고
13270,2019050600100488,2019년 5월 6일 19시,월요일,서울특별시 관악구 신림동,중상사고,0,1,0,0,차대사람 - 길가장자리구역통행중,안전운전불이행,포장 - 건조,맑음,단일로 - 기타,승용,여,50세,상해없음,보행자,남,75세,중상
13271,2019050600100521,2019년 5월 6일 20시,월요일,서울특별시 강북구 미아동,부상신고사고,0,0,0,1,차대사람 - 기타,안전운전불이행,포장 - 건조,맑음,단일로 - 기타,화물,남,60세,상해없음,보행자,여,20세,부상신고
13272,2019050600100552,2019년 5월 6일 21시,월요일,서울특별시 송파구 마천동,부상신고사고,0,0,0,1,차대사람 - 횡단중,보행자보호의무위반,포장 - 건조,맑음,교차로 - 교차로횡단보도내,승합,남,43세,상해없음,보행자,남,64세,부상신고
13273,2019050600100579,2019년 5월 6일 22시,월요일,서울특별시 강서구 화곡동,중상사고,0,1,0,0,차대사람 - 보도통행중,보행자보호의무위반,포장 - 건조,맑음,교차로 - 교차로횡단보도내,이륜,남,59세,상해없음,보행자,여,53세,중상
13274,2019050700100050,2019년 5월 7일 02시,화요일,서울특별시 도봉구 방학동,경상사고,0,0,1,0,차대사람 - 횡단중,안전운전불이행,포장 - 건조,맑음,단일로 - 기타,승용,남,69세,상해없음,보행자,여,51세,경상
13275,2019050700100062,2019년 5월 7일 05시,화요일,서울특별시 마포구 서교동,경상사고,0,0,1,0,차대사람 - 차도통행중,안전운전불이행,포장 - 건조,맑음,단일로 - 기타,승용,남,29세,상해없음,보행자,남,38세,경상
13276,2019050700100073,2019년 5월 7일 06시,화요일,서울특별시 성동구 성수동1가,사망사고,1,0,0,0,차대사람 - 횡단중,보행자보호의무위반,포장 - 건조,맑음,교차로 - 교차로횡단보도내,승용,남,32세,상해없음,보행자,남,66세,사망
13277,2019050700100115,2019년 5월 7일 08시,화요일,서울특별시 서초구 양재동,중상사고,0,1,0,0,차대사람 - 횡단중,안전운전불이행,포장 - 건조,맑음,교차로 - 교차로안,화물,남,45세,기타불명,보행자,여,56세,중상
13278,2019050700100116,2019년 5월 7일 08시,화요일,서울특별시 노원구 상계동,경상사고,0,0,1,0,차대사람 - 길가장자리구역통행중,안전운전불이행,포장 - 건조,맑음,교차로 - 교차로부근,승용,여,59세,상해없음,보행자,남,61세,경상
13279,2019050700100117,2019년 5월 7일 08시,화요일,서울특별시 강남구 자곡동,중상사고,0,1,0,0,차대사람 - 기타,보행자보호의무위반,포장 - 건조,맑음,교차로 - 교차로안,승용,여,44세,상해없음,보행자,남,48세,중상
13280,2019050700100177,2019년 5월 7일 09시,화요일,서울특별시 성동구 성수동2가,경상사고,0,0,1,0,차대사람 - 기타,안전운전불이행,포장 - 건조,맑음,단일로 - 기타,승용,여,30세,상해없음,보행자,남,33세,경상
13281,2019050700100178,2019년 5월 7일 09시,화요일,서울특별시 강서구 마곡동,사망사고,1,0,0,0,차대사람 - 횡단중,안전운전불이행,포장 - 건조,맑음,단일로 - 기타,승합,남,48세,상해없음,보행자,여,58세,사망
13282,2019050700100221,2019년 5월 7일 10시,화요일,서울특별시 서대문구 남가좌동,중상사고,0,1,0,0,차대사람 - 기타,안전운전불이행,포장 - 건조,맑음,단일로 - 기타,승용,남,58세,상해없음,보행자,여,73세,중상
13283,2019050700100254,2019년 5월 7일 11시,화요일,서울특별시 성북구 동선동4가,중상사고,0,1,0,0,차대사람 - 횡단중,보행자보호의무위반,포장 - 건조,맑음,교차로 - 교차로부근,승용,남,45세,상해없음,보행자,여,83세,중상
13284,2019050700100288,2019년 5월 7일 12시,화요일,서울특별시 마포구 대흥동,사망사고,1,0,0,0,차대사람 - 횡단중,신호위반,포장 - 건조,맑음,단일로 - 기타,건설기계,남,62세,상해없음,보행자,여,77세,사망
13285,2019050700100292,2019년 5월 7일 12시,화요일,서울특별시 중랑구 신내동,경상사고,0,0,1,0,차대사람 - 횡단중,신호위반,포장 - 건조,맑음,단일로 - 기타,화물,남,40세,상해없음,보행자,남,60세,경상
13286,2019050700100294,2019년 5월 7일 12시,화요일,서울특별시 성북구 하월곡동,경상사고,0,0,1,0,차대사람 - 횡단중,신호위반,포장 - 건조,맑음,단일로 - 기타,자전거,남,67세,기타불명,보행자,여,52세,경상
13287,2019050700100295,2019년 5월 7일 12시,화요일,서울특별시 양천구 신정동,중상사고,0,1,0,0,차대사람 - 기타,안전운전불이행,포장 - 건조,맑음,교차로 - 교차로횡단보도내,승용,남,58세,상해없음,보행자,여,71세,중상
13288,2019050700100334,2019년 5월 7일 13시,화요일,서울특별시 영등포구 신길동,경상사고,0,0,1,0,차대사람 - 기타,안전운전불이행,포장 - 건조,맑음,기타 - 기타,이륜,남,44세,상해없음,보행자,남,55세,경상
13289,2019050700100410,2019년 5월 7일 15시,화요일,서울특별시 영등포구 신길동,경상사고,0,0,1,0,차대사람 - 횡단중,보행자보호의무위반,포장 - 건조,맑음,단일로 - 기타,승용,남,37세,상해없음,보행자,여,7세,경상
13290,2019050700100455,2019년 5월 7일 16시,화요일,서울특별시 강남구 신사동,부상신고사고,0,0,0,1,차대사람 - 기타,안전운전불이행,포장 - 건조,맑음,단일로 - 기타,승용,여,30세,상해없음,보행자,남,58세,부상신고
13291,2019050700100458,2019년 5월 7일 16시,화요일,서울특별시 강남구 자곡동,경상사고,0,0,1,0,차대사람 - 차도통행중,안전운전불이행,비포장 - 건조,맑음,단일로 - 기타,기타불명,기타불명,미분류,기타불명,보행자,남,82세,경상
13292,2019050700100505,2019년 5월 7일 17시,화요일,서울특별시 강북구 미아동,경상사고,0,0,2,0,차대사람 - 기타,안전운전불이행,포장 - 건조,흐림,단일로 - 기타,승용,남,24세,상해없음,보행자,여,75세,경상
13293,2019050700100506,2019년 5월 7일 17시,화요일,서울특별시 광진구 구의동,경상사고,0,0,1,0,차대사람 - 기타,안전운전불이행,포장 - 건조,맑음,단일로 - 기타,승용,여,61세,상해없음,보행자,여,9세,경상
13294,2019050700100507,2019년 5월 7일 17시,화요일,서울특별시 동작구 사당동,경상사고,0,0,1,0,차대사람 - 차도통행중,안전운전불이행,포장 - 건조,맑음,단일로 - 기타,승용,남,79세,상해없음,보행자,남,7세,경상
13295,2019050700100508,2019년 5월 7일 17시,화요일,서울특별시 강서구 공항동,사망사고,1,0,0,0,차대사람 - 차도통행중,기타,포장 - 건조,맑음,단일로 - 기타,승용,여,65세,상해없음,보행자,남,4세,사망
13296,2019050700100545,2019년 5월 7일 18시,화요일,서울특별시 성동구 용답동,경상사고,0,0,1,0,차대사람 - 기타,안전운전불이행,포장 - 건조,맑음,단일로 - 기타,기타불명,기타불명,미분류,기타불명,보행자,남,49세,경상
13297,2019050700100605,2019년 5월 7일 19시,화요일,서울특별시 종로구 종로4가,부상신고사고,0,0,0,1,차대사람 - 기타,안전운전불이행,포장 - 건조,맑음,단일로 - 기타,승합,남,56세,상해없음,보행자,여,30세,부상신고
13298,2019050700100608,2019년 5월 7일 19시,화요일,서울특별시 영등포구 신길동,경상사고,0,0,1,0,차대사람 - 기타,안전운전불이행,포장 - 건조,맑음,교차로 - 교차로부근,자전거,남,55세,상해없음,보행자,남,80세,경상
13299,2019050700100612,2019년 5월 7일 19시,화요일,서울특별시 성북구 장위동,경상사고,0,0,1,0,차대사람 - 차도통행중,안전운전불이행,포장 - 건조,맑음,단일로 - 기타,승용,남,52세,상해없음,보행자,여,18세,경상
13300,2019050700100700,2019년 5월 7일 22시,화요일,서울특별시 성북구 정릉동,부상신고사고,0,0,0,1,차대사람 - 기타,안전운전불이행,포장 - 건조,맑음,교차로 - 교차로안,승합,남,47세,상해없음,보행자,남,37세,부상신고
13301,2019050700100702,2019년 5월 7일 22시,화요일,서울특별시 마포구 성산동,부상신고사고,0,0,0,1,차대사람 - 기타,기타,포장 - 건조,맑음,단일로 - 기타,기타불명,기타불명,미분류,기타불명,보행자,여,52세,부상신고
13302,2019050700100724,2019년 5월 7일 23시,화요일,서울특별시 강남구 삼성동,경상사고,0,0,1,0,차대사람 - 길가장자리구역통행중,안전운전불이행,포장 - 건조,맑음,단일로 - 기타,승용,남,67세,상해없음,보행자,남,16세,경상
13303,2019050700100725,2019년 5월 7일 23시,화요일,서울특별시 강남구 압구정동,경상사고,0,0,1,0,차대사람 - 기타,안전운전불이행,포장 - 건조,맑음,단일로 - 기타,자전거,남,53세,상해없음,보행자,여,20세,경상
13304,2019050800100027,2019년 5월 8일 00시,수요일,서울특별시 마포구 노고산동,중상사고,0,1,0,0,차대사람 - 차도통행중,안전운전불이행,포장 - 건조,맑음,단일로 - 기타,승용,남,54세,상해없음,보행자,남,60세,중상
13305,2019050800100043,2019년 5월 8일 01시,수요일,서울특별시 중랑구 면목동,중상사고,0,1,0,0,차대사람 - 횡단중,안전운전불이행,포장 - 건조,맑음,단일로 - 기타,승용,남,58세,상해없음,보행자,남,26세,중상
13306,2019050800100052,2019년 5월 8일 02시,수요일,서울특별시 성북구 종암동,중상사고,0,1,0,0,차대사람 - 횡단중,신호위반,포장 - 건조,맑음,단일로 - 기타,이륜,남,16세,상해없음,보행자,여,55세,중상
13307,2019050800100057,2019년 5월 8일 03시,수요일,서울특별시 서초구 잠원동,부상신고사고,0,0,0,1,차대사람 - 기타,안전운전불이행,포장 - 건조,맑음,교차로 - 교차로안,승용,남,48세,상해없음,보행자,남,52세,부상신고
13308,2019050800100062,2019년 5월 8일 04시,수요일,서울특별시 마포구 마포동,중상사고,0,1,0,0,차대사람 - 횡단중,안전운전불이행,포장 - 건조,맑음,단일로 - 기타,승용,남,61세,상해없음,보행자,남,90세 이상,중상
13309,2019050800100081,2019년 5월 8일 07시,수요일,서울특별시 강서구 가양동,경상사고,0,0,1,0,차대사람 - 횡단중,신호위반,포장 - 건조,맑음,교차로 - 교차로횡단보도내,승합,남,53세,상해없음,보행자,여,55세,경상
13310,2019050800100113,2019년 5월 8일 08시,수요일,서울특별시 강동구 성내동,부상신고사고,0,0,0,1,차대사람 - 차도통행중,안전운전불이행,포장 - 건조,맑음,교차로 - 교차로부근,자전거,여,51세,상해없음,보행자,여,57세,부상신고
13311,2019050800100115,2019년 5월 8일 08시,수요일,서울특별시 강남구 역삼동,경상사고,0,0,1,0,차대사람 - 기타,안전운전불이행,포장 - 건조,맑음,교차로 - 교차로부근,승용,남,44세,상해없음,보행자,여,36세,경상
13312,2019050800100198,2019년 5월 8일 10시,수요일,서울특별시 동대문구 제기동,경상사고,0,0,1,0,차대사람 - 기타,안전운전불이행,포장 - 건조,맑음,교차로 - 교차로부근,화물,남,48세,상해없음,보행자,여,75세,경상
13313,2019050800100278,2019년 5월 8일 12시,수요일,서울특별시 용산구 한강로3가,경상사고,0,0,1,0,차대사람 - 횡단중,보행자보호의무위반,포장 - 건조,맑음,기타 - 기타,화물,남,79세,상해없음,보행자,여,38세,경상
13314,2019050800100280,2019년 5월 8일 12시,수요일,서울특별시 양천구 신정동,경상사고,0,0,1,0,차대사람 - 기타,안전운전불이행,포장 - 건조,맑음,단일로 - 기타,승용,여,66세,상해없음,보행자,여,51세,경상
13315,2019050800100307,2019년 5월 8일 13시,수요일,서울특별시 광진구 군자동,경상사고,0,0,1,0,차대사람 - 횡단중,보행자보호의무위반,포장 - 건조,맑음,단일로 - 기타,기타불명,기타불명,미분류,기타불명,보행자,여,30세,경상
13316,2019050800100309,2019년 5월 8일 13시,수요일,서울특별시 동작구 노량진동,중상사고,0,1,0,0,차대사람 - 횡단중,보행자보호의무위반,포장 - 건조,맑음,교차로 - 교차로횡단보도내,화물,남,31세,상해없음,보행자,남,85세,중상
13317,2019050800100312,2019년 5월 8일 13시,수요일,서울특별시 강서구 화곡동,경상사고,0,0,1,0,차대사람 - 차도통행중,안전운전불이행,포장 - 기타,맑음,기타 - 기타,이륜,남,33세,상해없음,보행자,여,48세,경상
13318,2019050800100417,2019년 5월 8일 16시,수요일,서울특별시 용산구 이태원동,경상사고,0,0,1,0,차대사람 - 횡단중,중앙선침범,포장 - 건조,맑음,단일로 - 기타,이륜,남,65세,상해없음,보행자,여,50세,경상
13319,2019050800100418,2019년 5월 8일 16시,수요일,서울특별시 성북구 정릉동,경상사고,0,0,1,0,차대사람 - 횡단중,보행자보호의무위반,포장 - 건조,맑음,교차로 - 교차로횡단보도내,승용,남,58세,상해없음,보행자,여,17세,경상
13320,2019050800100419,2019년 5월 8일 16시,수요일,서울특별시 강북구 수유동,경상사고,0,0,1,0,차대사람 - 기타,안전운전불이행,포장 - 건조,맑음,단일로 - 기타,승용,남,19세,상해없음,보행자,여,34세,경상
13321,2019050800100422,2019년 5월 8일 16시,수요일,서울특별시 관악구 봉천동,경상사고,0,0,1,0,차대사람 - 기타,안전운전불이행,포장 - 기타,기타,교차로 - 교차로안,승합,남,30세,상해없음,보행자,남,72세,경상
13322,2019050800100424,2019년 5월 8일 16시,수요일,서울특별시 송파구 방이동,경상사고,0,0,1,0,차대사람 - 차도통행중,안전운전불이행,포장 - 건조,맑음,단일로 - 기타,승용,여,72세,상해없음,보행자,남,37세,경상
13323,2019050800100425,2019년 5월 8일 16시,수요일,서울특별시 송파구 송파동,경상사고,0,0,1,0,차대사람 - 보도통행중,안전운전불이행,포장 - 건조,맑음,교차로 - 교차로안,자전거,남,15세,상해없음,보행자,여,49세,경상
13324,2019050800100475,2019년 5월 8일 17시,수요일,서울특별시 양천구 신정동,중상사고,0,1,0,0,차대사람 - 기타,보행자보호의무위반,포장 - 건조,맑음,단일로 - 기타,화물,남,42세,상해없음,보행자,여,15세,중상
13325,2019050800100476,2019년 5월 8일 17시,수요일,서울특별시 은평구 불광동,경상사고,0,0,1,0,차대사람 - 기타,안전운전불이행,포장 - 건조,맑음,기타 - 기타,승용,여,56세,상해없음,보행자,남,71세,경상
13326,2019050800100518,2019년 5월 8일 18시,수요일,서울특별시 금천구 독산동,경상사고,0,0,1,0,차대사람 - 횡단중,신호위반,포장 - 건조,맑음,교차로 - 교차로횡단보도내,이륜,남,40세,상해없음,보행자,남,16세,경상
13327,2019050800100519,2019년 5월 8일 18시,수요일,서울특별시 강동구 천호동,부상신고사고,0,0,0,1,차대사람 - 보도통행중,기타,포장 - 건조,맑음,단일로 - 기타,이륜,남,67세,상해없음,보행자,여,5세,부상신고
13328,2019050800100522,2019년 5월 8일 18시,수요일,서울특별시 도봉구 방학동,경상사고,0,0,1,0,차대사람 - 길가장자리구역통행중,안전운전불이행,포장 - 건조,맑음,단일로 - 기타,승용,남,37세,상해없음,보행자,남,19세,경상
13329,2019050800100603,2019년 5월 8일 20시,수요일,서울특별시 영등포구 양평동5가,중상사고,0,1,0,0,차대사람 - 차도통행중,안전운전불이행,포장 - 건조,맑음,교차로 - 교차로안,승용,여,30세,상해없음,보행자,여,65세,중상
13330,2019050800100605,2019년 5월 8일 20시,수요일,서울특별시 구로구 구로동,경상사고,0,0,1,0,차대사람 - 보도통행중,기타,포장 - 건조,맑음,단일로 - 기타,이륜,남,17세,상해없음,보행자,남,7세,경상
13331,2019050800100645,2019년 5월 8일 21시,수요일,서울특별시 영등포구 문래동6가,경상사고,0,0,1,0,차대사람 - 차도통행중,안전운전불이행,포장 - 건조,맑음,교차로 - 교차로안,승용,여,69세,상해없음,보행자,남,74세,경상
13332,2019050800100694,2019년 5월 8일 23시,수요일,서울특별시 광진구 중곡동,중상사고,0,1,0,0,차대사람 - 기타,안전운전불이행,포장 - 건조,맑음,단일로 - 기타,승용,남,57세,기타불명,보행자,남,41세,중상
13333,2019050900100113,2019년 5월 9일 08시,목요일,서울특별시 은평구 응암동,중상사고,0,1,0,0,차대사람 - 기타,안전운전불이행,포장 - 건조,맑음,교차로 - 교차로횡단보도내,화물,남,41세,상해없음,보행자,남,72세,중상
13334,2019050900100121,2019년 5월 9일 08시,목요일,서울특별시 강남구 대치동,경상사고,0,0,1,0,차대사람 - 기타,보행자보호의무위반,포장 - 건조,맑음,교차로 - 교차로횡단보도내,승용,남,51세,상해없음,보행자,남,47세,경상
13335,2019050900100159,2019년 5월 9일 09시,목요일,서울특별시 종로구 종로6가,경상사고,0,0,1,0,차대사람 - 횡단중,안전운전불이행,포장 - 건조,맑음,단일로 - 기타,승용,여,59세,상해없음,보행자,남,28세,경상
13336,2019050900100160,2019년 5월 9일 09시,목요일,서울특별시 서대문구 창천동,경상사고,0,0,1,0,차대사람 - 기타,기타,포장 - 건조,맑음,단일로 - 기타,승합,남,55세,상해없음,보행자,여,23세,경상
13337,2019050900100162,2019년 5월 9일 09시,목요일,서울특별시 영등포구 대림동,중상사고,0,1,0,0,차대사람 - 기타,안전운전불이행,포장 - 건조,맑음,단일로 - 기타,승용,남,69세,상해없음,보행자,여,61세,중상
13338,2019050900100168,2019년 5월 9일 09시,목요일,서울특별시 강남구 논현동,경상사고,0,0,1,0,차대사람 - 기타,기타,포장 - 건조,맑음,단일로 - 기타,승합,남,56세,상해없음,보행자,여,23세,경상
13339,2019050900100205,2019년 5월 9일 10시,목요일,서울특별시 강남구 신사동,경상사고,0,0,1,0,차대사람 - 횡단중,안전운전불이행,포장 - 건조,맑음,단일로 - 기타,승합,남,56세,상해없음,보행자,여,22세,경상
13340,2019050900100232,2019년 5월 9일 11시,목요일,서울특별시 서대문구 냉천동,경상사고,0,0,1,0,차대사람 - 기타,안전운전불이행,포장 - 건조,맑음,단일로 - 기타,기타불명,기타불명,미분류,기타불명,보행자,남,64세,경상
13341,2019050900100235,2019년 5월 9일 11시,목요일,서울특별시 송파구 가락동,경상사고,0,0,1,0,차대사람 - 보도통행중,기타,포장 - 건조,맑음,단일로 - 기타,자전거,남,61세,상해없음,보행자,여,68세,경상
13342,2019050900100264,2019년 5월 9일 12시,목요일,서울특별시 은평구 응암동,경상사고,0,0,1,0,차대사람 - 횡단중,신호위반,포장 - 건조,맑음,교차로 - 교차로횡단보도내,승용,여,39세,상해없음,보행자,여,47세,경상
13343,2019050900100265,2019년 5월 9일 12시,목요일,서울특별시 마포구 서교동,경상사고,0,0,1,0,차대사람 - 기타,기타,포장 - 건조,맑음,단일로 - 기타,승합,남,55세,상해없음,보행자,여,26세,경상
13344,2019050900100298,2019년 5월 9일 13시,목요일,서울특별시 금천구 시흥동,경상사고,0,0,1,0,차대사람 - 기타,안전운전불이행,포장 - 건조,맑음,단일로 - 기타,승용,남,21세,기타불명,보행자,남,65세,경상
13345,2019050900100299,2019년 5월 9일 13시,목요일,서울특별시 송파구 가락동,부상신고사고,0,0,0,1,차대사람 - 기타,안전운전불이행,포장 - 건조,맑음,기타 - 기타,기타불명,기타불명,미분류,기타불명,보행자,남,51세,부상신고
13346,2019050900100302,2019년 5월 9일 13시,목요일,서울특별시 강남구 대치동,경상사고,0,0,1,0,차대사람 - 기타,기타,포장 - 건조,맑음,기타 - 기타,승용,남,54세,상해없음,보행자,여,73세,경상
13347,2019050900100347,2019년 5월 9일 14시,목요일,서울특별시 송파구 풍납동,중상사고,0,2,0,0,차대사람 - 횡단중,보행자보호의무위반,포장 - 건조,맑음,단일로 - 기타,승용,남,34세,상해없음,보행자,여,61세,중상
13348,2019050900100372,2019년 5월 9일 15시,목요일,서울특별시 은평구 응암동,사망사고,1,0,0,0,차대사람 - 기타,안전운전불이행,포장 - 건조,맑음,단일로 - 기타,화물,남,50세,상해없음,보행자,여,86세,사망
13349,2019050900100408,2019년 5월 9일 16시,목요일,서울특별시 송파구 문정동,중상사고,0,1,0,0,차대사람 - 횡단중,안전운전불이행,포장 - 건조,맑음,교차로 - 교차로안,승용,여,52세,상해없음,보행자,여,5세,중상
13350,2019050900100448,2019년 5월 9일 17시,목요일,서울특별시 동대문구 제기동,중상사고,0,1,0,0,차대사람 - 차도통행중,안전운전불이행,포장 - 건조,맑음,단일로 - 기타,승용,남,34세,상해없음,보행자,여,72세,중상
13351,2019050900100449,2019년 5월 9일 17시,목요일,서울특별시 광진구 구의동,경상사고,0,0,1,0,차대사람 - 보도통행중,안전운전불이행,포장 - 건조,맑음,단일로 - 기타,자전거,여,57세,상해없음,보행자,여,62세,경상
13352,2019050900100450,2019년 5월 9일 17시,목요일,서울특별시 노원구 공릉동,경상사고,0,0,1,0,차대사람 - 횡단중,보행자보호의무위반,포장 - 건조,맑음,교차로 - 교차로안,화물,남,55세,상해없음,보행자,여,20세,경상
13353,2019050900100499,2019년 5월 9일 18시,목요일,서울특별시 강북구 미아동,중상사고,0,1,0,0,차대사람 - 기타,안전운전불이행,포장 - 건조,맑음,교차로 - 교차로부근,승용,남,50세,상해없음,보행자,여,71세,중상
13354,2019050900100500,2019년 5월 9일 18시,목요일,서울특별시 강북구 미아동,중상사고,0,1,0,0,차대사람 - 횡단중,안전운전불이행,포장 - 건조,맑음,단일로 - 기타,이륜,남,24세,기타불명,보행자,남,48세,중상
13355,2019050900100501,2019년 5월 9일 18시,목요일,서울특별시 영등포구 문래동1가,중상사고,0,1,0,0,차대사람 - 횡단중,안전운전불이행,포장 - 건조,맑음,단일로 - 기타,이륜,남,30세,상해없음,보행자,남,42세,중상
13356,2019050900100507,2019년 5월 9일 18시,목요일,서울특별시 도봉구 도봉동,중상사고,0,1,0,0,차대사람 - 횡단중,과속,포장 - 건조,맑음,단일로 - 기타,승용,남,29세,상해없음,보행자,남,71세,중상
13357,2019050900100508,2019년 5월 9일 18시,목요일,서울특별시 서초구 방배동,경상사고,0,0,1,0,차대사람 - 보도통행중,안전운전불이행,포장 - 건조,맑음,단일로 - 지하차도(도로)내,승용,남,31세,기타불명,보행자,여,43세,경상