,사고번호,사고일시,요일,시군구,사고내용,사망자수,중상자수,경상자수,부상신고자수,사고유형,법규위반,노면상태,기상상태,도로형태,가해운전자 차종,가해운전자 성별,가해운전자 연령,가해운전자 상해정도,피해운전자 차종,피해운전자 성별,피해운전자 연령,피해운전자 상해정도
13471,2019051300100291,2019년 5월 13일 13시,월요일,서울특별시 강남구 청담동,부상신고사고,0,0,0,1,차대사람 - 기타,안전운전불이행,포장 - 건조,맑음,단일로 - 기타,승용,여,69세,상해없음,보행자,여,51세,부상신고
13472,2019051300100330,2019년 5월 13일 14시,월요일,서울특별시 강동구 천호동,경상사고,0,0,1,0,차대사람 - 횡단중,안전운전불이행,포장 - 건조,맑음,단일로 - 기타,화물,남,54세,상해없음,보행자,여,28세,경상
13473,2019051300100332,2019년 5월 13일 14시,월요일,서울특별시 송파구 문정동,중상사고,0,1,0,0,차대사람 - 횡단중,보행자보호의무위반,포장 - 건조,맑음,단일로 - 기타,승용,남,33세,상해없음,보행자,남,42세,중상
13474,2019051300100367,2019년 5월 13일 15시,월요일,서울특별시 광진구 화양동,경상사고,0,0,1,0,차대사람 - 기타,안전운전불이행,포장 - 건조,맑음,주차장 - 주차장,승용,남,54세,상해없음,보행자,남,39세,경상
13475,2019051300100368,2019년 5월 13일 15시,월요일,서울특별시 강서구 화곡동,경상사고,0,0,1,0,차대사람 - 차도통행중,안전운전불이행,포장 - 건조,맑음,교차로 - 교차로안,화물,남,37세,상해없음,보행자,여,35세,경상
13476,2019051300100399,2019년 5월 13일 16시,월요일,서울특별시 노원구 상계동,중상사고,0,1,0,0,차대사람 - 횡단중,기타,포장 - 건조,흐림,교차로 - 교차로횡단보도내,승합,남,75세,상해없음,보행자,남,8세,중상
13477,2019051300100428,2019년 5월 13일 17시,월요일,서울특별시 강서구 화곡동,중상사고,0,1,0,0,차대사람 - 기타,안전운전불이행,포장 - 건조,맑음,교차로 - 교차로안,승용,남,67세,상해없음,보행자,남,64세,중상
13478,2019051300100470,2019년 5월 13일 18시,월요일,서울특별시 동작구 신대방동,중상사고,0,1,0,0,차대사람 - 차도통행중,안전운전불이행,포장 - 건조,흐림,교차로 - 교차로횡단보도내,승용,여,33세,상해없음,보행자,여,53세,중상
13479,2019051300100476,2019년 5월 13일 18시,월요일,서울특별시 강남구 대치동,경상사고,0,0,1,0,차대사람 - 기타,안전운전불이행,포장 - 건조,맑음,단일로 - 기타,승용,여,42세,상해없음,보행자,여,75세,상해없음
13480,2019051300100514,2019년 5월 13일 19시,월요일,서울특별시 구로구 오류동,중상사고,0,1,0,0,차대사람 - 횡단중,기타,포장 - 건조,맑음,교차로 - 교차로안,승용,여,40세,상해없음,보행자,남,12세,중상
13481,2019051300100516,2019년 5월 13일 19시,월요일,서울특별시 도봉구 창동,경상사고,0,0,1,0,차대사람 - 횡단중,신호위반,포장 - 건조,맑음,교차로 - 교차로횡단보도내,승용,남,50세,상해없음,보행자,여,71세,경상
13482,2019051300100587,2019년 5월 13일 21시,월요일,서울특별시 강북구 수유동,경상사고,0,0,1,0,차대사람 - 횡단중,안전운전불이행,포장 - 건조,맑음,교차로 - 교차로안,승합,남,57세,상해없음,보행자,남,42세,경상
13483,2019051400100032,2019년 5월 14일 00시,화요일,서울특별시 마포구 망원동,경상사고,0,0,1,0,차대사람 - 기타,안전운전불이행,포장 - 건조,맑음,단일로 - 기타,승용,남,65세,상해없음,보행자,남,30세,경상
13484,2019051400100069,2019년 5월 14일 05시,화요일,서울특별시 은평구 대조동,중상사고,0,1,0,0,차대사람 - 기타,안전운전불이행,포장 - 건조,맑음,단일로 - 기타,승용,남,51세,상해없음,보행자,여,63세,중상
13485,2019051400100152,2019년 5월 14일 09시,화요일,서울특별시 중구 충무로5가,중상사고,0,1,0,0,차대사람 - 기타,안전운전불이행,포장 - 건조,맑음,단일로 - 기타,건설기계,남,45세,상해없음,보행자,남,58세,중상
13486,2019051400100155,2019년 5월 14일 09시,화요일,서울특별시 영등포구 신길동,경상사고,0,0,1,0,차대사람 - 차도통행중,안전운전불이행,포장 - 건조,맑음,단일로 - 기타,화물,남,67세,상해없음,보행자,남,44세,경상
13487,2019051400100156,2019년 5월 14일 09시,화요일,서울특별시 금천구 독산동,경상사고,0,0,1,0,차대사람 - 기타,안전운전불이행,포장 - 건조,맑음,단일로 - 기타,승용,남,28세,상해없음,보행자,남,34세,경상
13488,2019051400100157,2019년 5월 14일 09시,화요일,서울특별시 동작구 신대방동,부상신고사고,0,0,0,1,차대사람 - 기타,안전운전불이행,포장 - 건조,맑음,주차장 - 주차장,승합,남,51세,기타불명,보행자,남,25세,부상신고
13489,2019051400100283,2019년 5월 14일 13시,화요일,서울특별시 은평구 응암동,경상사고,0,0,1,0,차대사람 - 보도통행중,기타,포장 - 건조,맑음,단일로 - 기타,승용,여,55세,상해없음,보행자,여,50세,경상
13490,2019051400100318,2019년 5월 14일 14시,화요일,서울특별시 중랑구 묵동,경상사고,0,0,1,0,차대사람 - 기타,안전운전불이행,포장 - 건조,맑음,단일로 - 기타,화물,남,64세,상해없음,보행자,남,55세,경상
13491,2019051400100319,2019년 5월 14일 14시,화요일,서울특별시 강남구 논현동,경상사고,0,0,1,0,차대사람 - 길가장자리구역통행중,안전운전불이행,포장 - 건조,맑음,단일로 - 기타,승용,남,58세,상해없음,보행자,여,67세,경상
13492,2019051400100320,2019년 5월 14일 14시,화요일,서울특별시 강동구 천호동,경상사고,0,0,1,0,차대사람 - 기타,안전운전불이행,포장 - 건조,맑음,기타 - 기타,승합,남,52세,상해없음,보행자,여,66세,경상
13493,2019051400100323,2019년 5월 14일 14시,화요일,서울특별시 도봉구 쌍문동,중상사고,0,1,0,0,차대사람 - 길가장자리구역통행중,안전운전불이행,포장 - 건조,맑음,교차로 - 교차로안,승용,여,61세,상해없음,보행자,여,79세,중상
13494,2019051400100357,2019년 5월 14일 15시,화요일,서울특별시 강북구 수유동,경상사고,0,0,1,0,차대사람 - 횡단중,안전운전불이행,포장 - 건조,맑음,교차로 - 교차로횡단보도내,자전거,남,72세,상해없음,보행자,여,68세,경상
13495,2019051400100363,2019년 5월 14일 15시,화요일,서울특별시 노원구 월계동,경상사고,0,0,1,0,차대사람 - 기타,안전운전불이행,포장 - 건조,맑음,단일로 - 기타,기타불명,기타불명,미분류,기타불명,보행자,남,71세,경상
13496,2019051400100400,2019년 5월 14일 16시,화요일,서울특별시 마포구 대흥동,중상사고,0,1,0,0,차대사람 - 기타,안전운전불이행,포장 - 건조,맑음,단일로 - 기타,이륜,남,57세,상해없음,보행자,여,84세,중상
13497,2019051400100439,2019년 5월 14일 17시,화요일,서울특별시 동대문구 답십리동,경상사고,0,0,1,0,차대사람 - 기타,안전운전불이행,포장 - 건조,맑음,단일로 - 기타,승용,여,60세,상해없음,보행자,여,65세,경상
13498,2019051400100440,2019년 5월 14일 17시,화요일,서울특별시 중랑구 상봉동,부상신고사고,0,0,0,1,차대사람 - 횡단중,신호위반,포장 - 건조,맑음,교차로 - 교차로횡단보도내,승용,남,53세,상해없음,보행자,여,9세,부상신고
13499,2019051400100443,2019년 5월 14일 17시,화요일,서울특별시 강동구 성내동,중상사고,0,1,0,0,차대사람 - 기타,안전운전불이행,포장 - 건조,맑음,단일로 - 기타,승용,남,29세,상해없음,보행자,여,72세,중상
13500,2019051400100500,2019년 5월 14일 18시,화요일,서울특별시 강남구 논현동,경상사고,0,0,1,0,차대사람 - 차도통행중,안전운전불이행,포장 - 건조,맑음,기타 - 기타,승용,여,32세,상해없음,보행자,여,23세,경상
13501,2019051400100547,2019년 5월 14일 19시,화요일,서울특별시 동작구 사당동,경상사고,0,0,1,0,차대사람 - 길가장자리구역통행중,안전운전불이행,포장 - 건조,맑음,교차로 - 교차로부근,승용,여,65세,상해없음,보행자,여,25세,경상
13502,2019051400100548,2019년 5월 14일 19시,화요일,서울특별시 성북구 장위동,중상사고,0,1,1,0,차대사람 - 횡단중,보행자보호의무위반,포장 - 건조,맑음,교차로 - 교차로부근,이륜,남,28세,상해없음,보행자,여,77세,중상
13503,2019051400100582,2019년 5월 14일 20시,화요일,서울특별시 동대문구 장안동,중상사고,0,1,0,0,차대사람 - 차도통행중,안전운전불이행,포장 - 건조,맑음,단일로 - 기타,승합,남,55세,상해없음,보행자,여,46세,중상
13504,2019051400100586,2019년 5월 14일 20시,화요일,서울특별시 송파구 잠실동,경상사고,0,0,1,0,차대사람 - 횡단중,안전운전불이행,포장 - 건조,맑음,단일로 - 기타,승용,남,51세,상해없음,보행자,여,52세,경상
13505,2019051400100624,2019년 5월 14일 21시,화요일,서울특별시 강남구 대치동,경상사고,0,0,1,0,차대사람 - 보도통행중,보행자보호의무위반,포장 - 건조,맑음,단일로 - 기타,승용,여,59세,상해없음,보행자,남,56세,경상
13506,2019051400100652,2019년 5월 14일 22시,화요일,서울특별시 서대문구 충정로2가,경상사고,0,0,1,0,차대사람 - 기타,안전운전불이행,포장 - 건조,맑음,단일로 - 기타,승용,남,58세,상해없음,보행자,여,46세,경상
13507,2019051400100680,2019년 5월 14일 23시,화요일,서울특별시 송파구 방이동,경상사고,0,0,1,0,차대사람 - 기타,안전운전불이행,포장 - 건조,맑음,교차로 - 교차로안,승용,남,60세,상해없음,보행자,남,34세,경상
13508,2019051400100681,2019년 5월 14일 23시,화요일,서울특별시 양천구 신정동,경상사고,0,0,1,0,차대사람 - 기타,안전운전불이행,포장 - 건조,맑음,단일로 - 기타,기타불명,기타불명,미분류,기타불명,보행자,남,34세,경상
13509,2019051500100038,2019년 5월 15일 00시,수요일,서울특별시 강북구 미아동,중상사고,0,1,0,0,차대사람 - 기타,안전운전불이행,포장 - 건조,맑음,단일로 - 기타,이륜,남,20세,상해없음,보행자,여,59세,중상
13510,2019051500100057,2019년 5월 15일 02시,수요일,서울특별시 송파구 문정동,중상사고,0,1,0,0,차대사람 - 횡단중,안전운전불이행,포장 - 건조,맑음,교차로 - 교차로횡단보도내,화물,남,48세,상해없음,보행자,남,70세,중상
13511,2019051500100104,2019년 5월 15일 07시,수요일,서울특별시 강서구 등촌동,중상사고,0,1,0,0,차대사람 - 차도통행중,안전운전불이행,포장 - 건조,맑음,교차로 - 교차로부근,승용,남,23세,상해없음,보행자,남,36세,중상
13512,2019051500100131,2019년 5월 15일 08시,수요일,서울특별시 강남구 개포동,경상사고,0,0,1,0,차대사람 - 기타,안전운전불이행,포장 - 건조,맑음,교차로 - 교차로부근,승용,여,48세,상해없음,보행자,남,45세,경상
13513,2019051500100170,2019년 5월 15일 09시,수요일,서울특별시 영등포구 영등포동1가,경상사고,0,0,1,0,차대사람 - 기타,안전운전불이행,포장 - 건조,맑음,단일로 - 기타,승용,남,69세,상해없음,보행자,남,34세,경상
13514,2019051500100207,2019년 5월 15일 10시,수요일,서울특별시 광진구 화양동,경상사고,0,0,1,0,차대사람 - 기타,안전운전불이행,포장 - 건조,맑음,교차로 - 교차로안,승용,여,63세,상해없음,보행자,여,17세,경상
13515,2019051500100210,2019년 5월 15일 10시,수요일,서울특별시 강서구 화곡동,경상사고,0,0,1,0,차대사람 - 기타,안전운전불이행,포장 - 건조,맑음,단일로 - 기타,화물,남,55세,상해없음,보행자,남,28세,경상
13516,2019051500100249,2019년 5월 15일 11시,수요일,서울특별시 양천구 목동,경상사고,0,0,5,0,차대사람 - 길가장자리구역통행중,안전운전불이행,포장 - 건조,맑음,단일로 - 기타,승용,남,79세,기타불명,보행자,여,72세,경상
13517,2019051500100281,2019년 5월 15일 12시,수요일,서울특별시 성동구 성수동2가,경상사고,0,0,1,0,차대사람 - 횡단중,보행자보호의무위반,포장 - 건조,맑음,교차로 - 교차로안,승용,남,56세,상해없음,보행자,여,29세,경상
13518,2019051500100325,2019년 5월 15일 13시,수요일,서울특별시 강남구 역삼동,경상사고,0,0,1,0,차대사람 - 보도통행중,기타,포장 - 건조,맑음,기타 - 기타,이륜,남,54세,상해없음,보행자,남,27세,경상
13519,2019051500100361,2019년 5월 15일 14시,수요일,서울특별시 양천구 신정동,경상사고,0,0,1,0,차대사람 - 기타,보행자보호의무위반,포장 - 건조,맑음,교차로 - 교차로안,승용,여,35세,상해없음,보행자,여,25세,경상
13520,2019051500100397,2019년 5월 15일 15시,수요일,서울특별시 영등포구 당산동3가,중상사고,0,1,0,0,차대사람 - 보도통행중,안전운전불이행,포장 - 건조,맑음,교차로 - 교차로횡단보도내,화물,남,42세,상해없음,보행자,남,67세,중상
13521,2019051500100400,2019년 5월 15일 15시,수요일,서울특별시 강동구 고덕동,경상사고,0,0,1,0,차대사람 - 횡단중,보행자보호의무위반,포장 - 건조,맑음,교차로 - 교차로안,승용,남,28세,상해없음,보행자,남,9세,경상
13522,2019051500100435,2019년 5월 15일 16시,수요일,서울특별시 마포구 공덕동,경상사고,0,0,1,0,차대사람 - 횡단중,보행자보호의무위반,포장 - 건조,맑음,기타 - 기타,화물,남,39세,상해없음,보행자,남,49세,경상
13523,2019051500100481,2019년 5월 15일 17시,수요일,서울특별시 강서구 방화동,경상사고,0,0,1,0,차대사람 - 기타,기타,포장 - 건조,맑음,단일로 - 고가도로위,승용,남,65세,상해없음,보행자,남,27세,경상
13524,2019051500100483,2019년 5월 15일 17시,수요일,서울특별시 은평구 구산동,경상사고,0,0,1,0,차대사람 - 보도통행중,기타,포장 - 건조,맑음,기타 - 기타,승합,남,47세,상해없음,보행자,여,29세,경상
13525,2019051500100579,2019년 5월 15일 19시,수요일,서울특별시 노원구 중계동,경상사고,0,0,1,0,차대사람 - 보도통행중,기타,포장 - 건조,맑음,기타 - 기타,자전거,남,52세,상해없음,보행자,여,78세,경상
13526,2019051500100699,2019년 5월 15일 23시,수요일,서울특별시 송파구 방이동,경상사고,0,0,1,0,차대사람 - 기타,안전운전불이행,포장 - 건조,맑음,단일로 - 기타,승용,여,32세,상해없음,보행자,남,59세,경상
13527,2019051500100700,2019년 5월 15일 23시,수요일,서울특별시 서초구 잠원동,경상사고,0,0,1,0,차대사람 - 기타,안전운전불이행,포장 - 건조,맑음,단일로 - 기타,승용,남,70세,상해없음,보행자,남,35세,경상
13528,2019051500100701,2019년 5월 15일 23시,수요일,서울특별시 강남구 대치동,경상사고,0,0,1,0,차대사람 - 기타,안전운전불이행,포장 - 건조,맑음,단일로 - 기타,승용,남,55세,상해없음,보행자,남,61세,경상
13529,2019051600100051,2019년 5월 16일 01시,목요일,서울특별시 관악구 신림동,중상사고,0,1,0,0,차대사람 - 기타,안전운전불이행,포장 - 건조,기타,단일로 - 기타,승용,남,74세,상해없음,보행자,남,59세,중상
13530,2019051600100053,2019년 5월 16일 01시,목요일,서울특별시 강남구 개포동,중상사고,0,1,0,0,차대사람 - 횡단중,안전운전불이행,포장 - 건조,맑음,교차로 - 교차로횡단보도내,승용,남,49세,상해없음,보행자,남,47세,중상
13531,2019051600100082,2019년 5월 16일 04시,목요일,서울특별시 중랑구 망우동,중상사고,0,1,0,0,차대사람 - 횡단중,신호위반,포장 - 건조,맑음,교차로 - 교차로안,이륜,남,16세,상해없음,보행자,남,28세,중상
13532,2019051600100083,2019년 5월 16일 04시,목요일,서울특별시 강서구 화곡동,경상사고,0,0,1,0,차대사람 - 횡단중,보행자보호의무위반,포장 - 건조,맑음,단일로 - 기타,승용,남,38세,상해없음,보행자,남,24세,경상
13533,2019051600100114,2019년 5월 16일 07시,목요일,서울특별시 동작구 사당동,중상사고,0,1,0,0,차대사람 - 횡단중,보행자보호의무위반,포장 - 건조,맑음,교차로 - 교차로안,승용,여,50세,상해없음,보행자,남,29세,중상
13534,2019051600100140,2019년 5월 16일 08시,목요일,서울특별시 성동구 옥수동,중상사고,0,1,0,0,차대사람 - 횡단중,신호위반,포장 - 건조,맑음,교차로 - 교차로횡단보도내,자전거,남,13세,상해없음,보행자,남,77세,중상
13535,2019051600100142,2019년 5월 16일 08시,목요일,서울특별시 동작구 사당동,중상사고,0,1,0,0,차대사람 - 기타,안전운전불이행,포장 - 건조,맑음,단일로 - 기타,승용,남,59세,상해없음,보행자,여,55세,중상
13536,2019051600100143,2019년 5월 16일 08시,목요일,서울특별시 중랑구 묵동,중상사고,0,1,0,0,차대사람 - 기타,불법유턴,포장 - 건조,맑음,기타 - 기타,승용,남,48세,상해없음,보행자,여,63세,중상
13537,2019051600100281,2019년 5월 16일 11시,목요일,서울특별시 광진구 광장동,중상사고,0,1,0,0,차대사람 - 횡단중,보행자보호의무위반,포장 - 건조,맑음,교차로 - 교차로횡단보도내,승용,여,49세,상해없음,보행자,남,79세,중상
13538,2019051600100282,2019년 5월 16일 11시,목요일,서울특별시 영등포구 영등포동,경상사고,0,0,1,0,차대사람 - 기타,보행자보호의무위반,포장 - 건조,맑음,교차로 - 교차로안,승용,남,58세,상해없음,보행자,여,39세,경상
13539,2019051600100323,2019년 5월 16일 12시,목요일,서울특별시 동대문구 장안동,경상사고,0,0,1,0,차대사람 - 기타,안전운전불이행,포장 - 건조,맑음,단일로 - 기타,승용,여,54세,상해없음,보행자,여,54세,경상
13540,2019051600100328,2019년 5월 16일 12시,목요일,서울특별시 강남구 도곡동,경상사고,0,0,1,0,차대사람 - 횡단중,신호위반,포장 - 건조,맑음,교차로 - 교차로횡단보도내,이륜,남,37세,상해없음,보행자,남,61세,경상
13541,2019051600100376,2019년 5월 16일 14시,목요일,서울특별시 강북구 번동,경상사고,0,0,1,0,차대사람 - 기타,안전운전불이행,포장 - 건조,맑음,단일로 - 기타,승용,남,65세,상해없음,보행자,남,20세,경상
13542,2019051600100378,2019년 5월 16일 14시,목요일,서울특별시 동작구 상도동,부상신고사고,0,0,0,1,차대사람 - 보도통행중,기타,포장 - 건조,맑음,기타 - 기타,기타불명,기타불명,미분류,기타불명,보행자,여,36세,부상신고
13543,2019051600100407,2019년 5월 16일 15시,목요일,서울특별시 서대문구 홍은동,중상사고,0,1,0,0,차대사람 - 기타,안전운전불이행,포장 - 건조,맑음,단일로 - 기타,승합,남,58세,상해없음,보행자,남,81세,중상
13544,2019051600100441,2019년 5월 16일 16시,목요일,서울특별시 동대문구 용두동,부상신고사고,0,0,0,1,차대사람 - 보도통행중,기타,포장 - 건조,맑음,교차로 - 교차로안,자전거,남,75세,상해없음,보행자,여,42세,부상신고
13545,2019051600100442,2019년 5월 16일 16시,목요일,서울특별시 동대문구 전농동,중상사고,0,1,0,0,차대사람 - 기타,안전운전불이행,포장 - 건조,맑음,단일로 - 기타,승용,여,62세,상해없음,보행자,여,71세,중상
13546,2019051600100446,2019년 5월 16일 16시,목요일,서울특별시 송파구 방이동,경상사고,0,0,1,0,차대사람 - 기타,안전운전불이행,포장 - 건조,맑음,단일로 - 기타,승합,남,69세,상해없음,보행자,여,13세,경상
13547,2019051600100490,2019년 5월 16일 17시,목요일,서울특별시 광진구 구의동,경상사고,0,0,1,0,차대사람 - 횡단중,안전운전불이행,포장 - 건조,맑음,단일로 - 기타,승용,남,49세,상해없음,보행자,남,8세,경상
13548,2019051600100492,2019년 5월 16일 17시,목요일,서울특별시 영등포구 영등포동,경상사고,0,0,1,0,차대사람 - 기타,안전운전불이행,포장 - 건조,맑음,단일로 - 기타,승합,남,40세,상해없음,보행자,여,7세,경상
13549,2019051600100493,2019년 5월 16일 17시,목요일,서울특별시 영등포구 여의도동,부상신고사고,0,0,0,1,차대사람 - 기타,안전운전불이행,포장 - 건조,맑음,단일로 - 기타,승용,남,38세,상해없음,보행자,남,2세,부상신고
13550,2019051600100550,2019년 5월 16일 18시,목요일,서울특별시 강남구 신사동,부상신고사고,0,0,0,1,차대사람 - 기타,안전운전불이행,포장 - 기타,맑음,기타 - 기타,승용,남,67세,상해없음,보행자,남,39세,부상신고
13551,2019051600100602,2019년 5월 16일 19시,목요일,서울특별시 구로구 고척동,경상사고,0,0,1,0,차대사람 - 횡단중,기타,포장 - 건조,맑음,단일로 - 기타,기타불명,기타불명,미분류,기타불명,보행자,여,22세,경상
13552,2019051600100632,2019년 5월 16일 20시,목요일,서울특별시 중랑구 망우동,경상사고,0,0,1,0,차대사람 - 기타,안전운전불이행,포장 - 건조,맑음,단일로 - 기타,승합,남,49세,상해없음,보행자,여,59세,경상
13553,2019051600100689,2019년 5월 16일 22시,목요일,서울특별시 용산구 한강로1가,중상사고,0,1,0,0,차대사람 - 횡단중,안전운전불이행,포장 - 건조,맑음,교차로 - 교차로부근,기타불명,기타불명,미분류,기타불명,보행자,여,25세,중상
13554,2019051600100693,2019년 5월 16일 22시,목요일,서울특별시 송파구 잠실동,경상사고,0,0,1,0,차대사람 - 기타,안전운전불이행,포장 - 건조,맑음,교차로 - 교차로부근,승용,남,33세,상해없음,보행자,남,53세,경상
13555,2019051600100694,2019년 5월 16일 22시,목요일,서울특별시 도봉구 쌍문동,경상사고,0,0,1,0,차대사람 - 기타,안전운전불이행,포장 - 건조,맑음,단일로 - 기타,승용,남,60세,상해없음,보행자,남,24세,경상
13556,2019051600100718,2019년 5월 16일 23시,목요일,서울특별시 강남구 역삼동,경상사고,0,0,1,0,차대사람 - 횡단중,안전운전불이행,포장 - 건조,맑음,단일로 - 기타,승용,남,36세,상해없음,보행자,여,60세,경상
13557,2019051600100722,2019년 5월 16일 23시,목요일,서울특별시 서초구 방배동,경상사고,0,0,1,0,차대사람 - 보도통행중,안전운전불이행,포장 - 건조,맑음,단일로 - 지하차도(도로)내,승용,남,42세,상해없음,보행자,여,42세,경상
13558,2019051700100044,2019년 5월 17일 02시,금요일,서울특별시 서초구 서초동,중상사고,0,1,0,0,차대사람 - 횡단중,보행자보호의무위반,포장 - 건조,맑음,교차로 - 교차로횡단보도내,승용,남,56세,상해없음,보행자,남,69세,중상
13559,2019051700100057,2019년 5월 17일 03시,금요일,서울특별시 관악구 봉천동,중상사고,0,1,0,0,차대사람 - 기타,안전운전불이행,포장 - 기타,기타,단일로 - 기타,승용,남,42세,상해없음,보행자,남,47세,중상
13560,2019051700100092,2019년 5월 17일 07시,금요일,서울특별시 서초구 서초동,경상사고,0,0,1,0,차대사람 - 횡단중,안전운전불이행,포장 - 건조,맑음,교차로 - 교차로부근,승용,남,72세,상해없음,보행자,여,18세,경상
13561,2019051700100124,2019년 5월 17일 08시,금요일,서울특별시 성북구 안암동5가,경상사고,0,0,1,0,차대사람 - 기타,안전운전불이행,포장 - 건조,맑음,단일로 - 기타,승합,남,66세,상해없음,보행자,여,59세,경상
13562,2019051700100170,2019년 5월 17일 09시,금요일,서울특별시 도봉구 도봉동,부상신고사고,0,0,0,1,차대사람 - 횡단중,보행자보호의무위반,포장 - 건조,맑음,교차로 - 교차로횡단보도내,승용,남,27세,상해없음,보행자,남,71세,부상신고
13563,2019051700100195,2019년 5월 17일 10시,금요일,서울특별시 동대문구 이문동,경상사고,0,0,1,0,차대사람 - 기타,안전운전불이행,포장 - 건조,맑음,교차로 - 교차로부근,화물,남,69세,상해없음,보행자,남,64세,경상
13564,2019051700100196,2019년 5월 17일 10시,금요일,서울특별시 송파구 풍납동,경상사고,0,0,1,0,차대사람 - 보도통행중,안전운전불이행,포장 - 건조,맑음,기타 - 기타,자전거,남,62세,상해없음,보행자,여,64세,경상
13565,2019051700100258,2019년 5월 17일 12시,금요일,서울특별시 강남구 논현동,경상사고,0,0,1,0,차대사람 - 기타,안전운전불이행,포장 - 건조,맑음,단일로 - 기타,승용,남,26세,상해없음,보행자,남,63세,경상
13566,2019051700100366,2019년 5월 17일 15시,금요일,서울특별시 강북구 번동,경상사고,0,0,1,0,차대사람 - 횡단중,보행자보호의무위반,포장 - 건조,맑음,단일로 - 기타,승합,남,63세,상해없음,보행자,남,7세,경상
13567,2019051700100367,2019년 5월 17일 15시,금요일,서울특별시 동대문구 장안동,경상사고,0,0,1,0,차대사람 - 기타,안전운전불이행,포장 - 건조,맑음,단일로 - 기타,승용,남,57세,상해없음,보행자,남,61세,경상
13568,2019051700100369,2019년 5월 17일 15시,금요일,서울특별시 성동구 성수동1가,경상사고,0,0,1,0,차대사람 - 기타,안전운전불이행,포장 - 건조,맑음,단일로 - 기타,건설기계,남,36세,상해없음,보행자,여,10세,경상
13569,2019051700100372,2019년 5월 17일 15시,금요일,서울특별시 구로구 구로동,경상사고,0,0,1,0,차대사람 - 횡단중,신호위반,포장 - 건조,맑음,단일로 - 기타,이륜,남,55세,상해없음,보행자,남,7세,경상
13570,2019051700100396,2019년 5월 17일 16시,금요일,서울특별시 중구 충정로1가,경상사고,0,0,1,0,차대사람 - 차도통행중,안전운전불이행,포장 - 건조,맑음,단일로 - 기타,화물,남,49세,상해없음,보행자,여,13세,경상
13571,2019051700100398,2019년 5월 17일 16시,금요일,서울특별시 동대문구 이문동,경상사고,0,0,1,0,차대사람 - 기타,안전운전불이행,포장 - 건조,맑음,교차로 - 교차로부근,승용,남,23세,상해없음,보행자,남,15세,경상
13572,2019051700100446,2019년 5월 17일 17시,금요일,서울특별시 강동구 강일동,경상사고,0,0,1,0,차대사람 - 횡단중,안전운전불이행,포장 - 건조,맑음,교차로 - 교차로안,승용,여,45세,상해없음,보행자,여,56세,경상
13573,2019051700100448,2019년 5월 17일 17시,금요일,서울특별시 송파구 문정동,경상사고,0,0,1,0,차대사람 - 횡단중,안전운전불이행,포장 - 건조,맑음,교차로 - 교차로안,화물,남,50세,상해없음,보행자,여,14세,경상
13574,2019051700100450,2019년 5월 17일 17시,금요일,서울특별시 도봉구 창동,경상사고,0,0,1,0,차대사람 - 기타,안전운전불이행,포장 - 기타,맑음,단일로 - 기타,승용,남,37세,상해없음,보행자,남,14세,경상
13575,2019051700100495,2019년 5월 17일 18시,금요일,서울특별시 광진구 광장동,경상사고,0,0,1,0,차대사람 - 횡단중,안전운전불이행,포장 - 건조,맑음,교차로 - 교차로횡단보도내,승합,남,76세,기타불명,보행자,여,11세,경상
13576,2019051700100499,2019년 5월 17일 18시,금요일,서울특별시 강남구 삼성동,경상사고,0,0,1,0,차대사람 - 기타,신호위반,포장 - 건조,맑음,교차로 - 교차로안,승용,남,46세,상해없음,보행자,남,60세,경상
13577,2019051700100500,2019년 5월 17일 18시,금요일,서울특별시 송파구 삼전동,경상사고,0,0,1,0,차대사람 - 횡단중,안전운전불이행,포장 - 건조,맑음,교차로 - 교차로안,승합,남,67세,상해없음,보행자,남,24세,경상
13578,2019051700100551,2019년 5월 17일 19시,금요일,서울특별시 노원구 상계동,경상사고,0,0,1,0,차대사람 - 차도통행중,안전운전불이행,포장 - 건조,맑음,단일로 - 기타,승용,남,33세,상해없음,보행자,여,63세,경상
13579,2019051700100594,2019년 5월 17일 20시,금요일,서울특별시 은평구 응암동,경상사고,0,0,1,0,차대사람 - 차도통행중,안전운전불이행,포장 - 건조,맑음,단일로 - 기타,자전거,남,17세,상해없음,보행자,남,62세,경상
13580,2019051700100632,2019년 5월 17일 21시,금요일,서울특별시 광진구 구의동,부상신고사고,0,0,0,2,차대사람 - 횡단중,보행자보호의무위반,포장 - 건조,맑음,단일로 - 기타,자전거,남,50세,상해없음,보행자,남,69세,부상신고
13581,2019051700100634,2019년 5월 17일 21시,금요일,서울특별시 강남구 삼성동,경상사고,0,0,1,0,차대사람 - 길가장자리구역통행중,안전운전불이행,포장 - 건조,맑음,기타 - 기타,승용,남,47세,상해없음,보행자,여,41세,경상
13582,2019051700100673,2019년 5월 17일 22시,금요일,서울특별시 강동구 길동,경상사고,0,0,1,0,차대사람 - 기타,안전운전불이행,포장 - 건조,맑음,단일로 - 기타,승용,남,25세,상해없음,보행자,남,63세,경상