,사고번호,사고일시,요일,시군구,사고내용,사망자수,중상자수,경상자수,부상신고자수,사고유형,법규위반,노면상태,기상상태,도로형태,가해운전자 차종,가해운전자 성별,가해운전자 연령,가해운전자 상해정도,피해운전자 차종,피해운전자 성별,피해운전자 연령,피해운전자 상해정도
13809,2019052700100048,2019년 5월 27일 03시,월요일,서울특별시 송파구 거여동,경상사고,0,0,2,0,차대사람 - 횡단중,신호위반,포장 - 건조,맑음,교차로 - 교차로횡단보도내,화물,남,55세,상해없음,보행자,남,23세,경상
13810,2019052700100067,2019년 5월 27일 05시,월요일,서울특별시 양천구 신월동,경상사고,0,0,1,0,차대사람 - 기타,안전운전불이행,포장 - 건조,맑음,교차로 - 교차로안,승용,남,57세,상해없음,보행자,남,70세,경상
13811,2019052700100076,2019년 5월 27일 06시,월요일,서울특별시 금천구 시흥동,중상사고,0,1,0,0,차대사람 - 보도통행중,신호위반,포장 - 건조,맑음,교차로 - 교차로안,이륜,남,36세,상해없음,보행자,여,51세,중상
13812,2019052700100095,2019년 5월 27일 07시,월요일,서울특별시 송파구 가락동,중상사고,0,1,0,0,차대사람 - 기타,안전거리미확보,포장 - 건조,맑음,단일로 - 기타,기타불명,남,51세,상해없음,보행자,남,26세,중상
13813,2019052700100098,2019년 5월 27일 07시,월요일,서울특별시 서초구 잠원동,중상사고,0,1,0,0,차대사람 - 횡단중,신호위반,포장 - 젖음/습기,비,교차로 - 교차로횡단보도내,승용,남,56세,상해없음,보행자,여,35세,중상
13814,2019052700100122,2019년 5월 27일 08시,월요일,서울특별시 은평구 응암동,중상사고,0,1,0,0,차대사람 - 횡단중,보행자보호의무위반,포장 - 젖음/습기,비,교차로 - 교차로횡단보도내,화물,남,42세,상해없음,보행자,여,72세,중상
13815,2019052700100131,2019년 5월 27일 08시,월요일,서울특별시 도봉구 창동,경상사고,0,0,3,0,차대사람 - 보도통행중,기타,포장 - 건조,맑음,단일로 - 기타,승용,여,43세,상해없음,보행자,남,14세,경상
13816,2019052700100218,2019년 5월 27일 10시,월요일,서울특별시 마포구 노고산동,중상사고,0,1,0,0,차대사람 - 기타,보행자보호의무위반,포장 - 젖음/습기,비,단일로 - 기타,승용,남,53세,상해없음,보행자,여,90세 이상,중상
13817,2019052700100222,2019년 5월 27일 10시,월요일,서울특별시 중랑구 묵동,부상신고사고,0,0,0,1,차대사람 - 기타,안전운전불이행,포장 - 젖음/습기,비,단일로 - 지하차도(도로)내,화물,남,59세,상해없음,보행자,남,48세,부상신고
13818,2019052700100259,2019년 5월 27일 11시,월요일,서울특별시 서대문구 홍제동,중상사고,0,1,0,0,차대사람 - 횡단중,보행자보호의무위반,포장 - 젖음/습기,비,단일로 - 기타,승용,남,59세,상해없음,보행자,여,54세,중상
13819,2019052700100263,2019년 5월 27일 11시,월요일,서울특별시 강동구 천호동,중상사고,0,1,0,0,차대사람 - 횡단중,안전운전불이행,포장 - 젖음/습기,비,단일로 - 기타,승용,여,45세,상해없음,보행자,여,79세,중상
13820,2019052700100329,2019년 5월 27일 13시,월요일,서울특별시 중구 남창동,경상사고,0,0,1,0,차대사람 - 횡단중,안전운전불이행,포장 - 건조,맑음,단일로 - 기타,원동기,남,48세,상해없음,보행자,여,47세,경상
13821,2019052700100330,2019년 5월 27일 13시,월요일,서울특별시 강북구 수유동,경상사고,0,0,1,0,차대사람 - 기타,안전운전불이행,포장 - 건조,흐림,교차로 - 교차로안,승용,여,65세,상해없음,보행자,여,79세,경상
13822,2019052700100332,2019년 5월 27일 13시,월요일,서울특별시 구로구 구로동,경상사고,0,0,1,0,차대사람 - 횡단중,신호위반,포장 - 건조,맑음,교차로 - 교차로횡단보도내,자전거,남,59세,상해없음,보행자,여,69세,경상
13823,2019052700100430,2019년 5월 27일 16시,월요일,서울특별시 영등포구 영등포동6가,경상사고,0,0,1,0,차대사람 - 기타,신호위반,포장 - 건조,흐림,기타 - 기타,승용,남,72세,상해없음,보행자,남,27세,경상
13824,2019052700100460,2019년 5월 27일 17시,월요일,서울특별시 동대문구 제기동,중상사고,0,1,0,0,차대사람 - 기타,안전운전불이행,포장 - 젖음/습기,흐림,단일로 - 기타,화물,남,39세,상해없음,보행자,여,71세,중상
13825,2019052700100503,2019년 5월 27일 18시,월요일,서울특별시 영등포구 영등포동3가,경상사고,0,0,1,0,차대사람 - 기타,안전운전불이행,포장 - 건조,맑음,교차로 - 교차로안,화물,남,59세,상해없음,보행자,여,67세,경상
13826,2019052700100504,2019년 5월 27일 18시,월요일,서울특별시 구로구 가리봉동,부상신고사고,0,0,0,1,차대사람 - 길가장자리구역통행중,안전운전불이행,포장 - 건조,맑음,단일로 - 기타,승합,남,54세,상해없음,보행자,남,50세,부상신고
13827,2019052700100546,2019년 5월 27일 19시,월요일,서울특별시 성북구 장위동,경상사고,0,0,1,0,차대사람 - 기타,안전운전불이행,포장 - 건조,흐림,교차로 - 교차로부근,승용,남,49세,상해없음,보행자,여,52세,경상
13828,2019052700100566,2019년 5월 27일 20시,월요일,서울특별시 성북구 보문동7가,경상사고,0,0,1,0,차대사람 - 횡단중,안전운전불이행,포장 - 젖음/습기,흐림,단일로 - 기타,승용,여,55세,상해없음,보행자,남,54세,경상
13829,2019052700100617,2019년 5월 27일 22시,월요일,서울특별시 서대문구 창천동,경상사고,0,0,1,0,차대사람 - 차도통행중,안전운전불이행,포장 - 건조,맑음,교차로 - 교차로부근,승용,남,25세,상해없음,보행자,남,25세,경상
13830,2019052700100620,2019년 5월 27일 22시,월요일,서울특별시 서초구 서초동,경상사고,0,0,1,0,차대사람 - 횡단중,보행자보호의무위반,포장 - 젖음/습기,맑음,교차로 - 교차로부근,승용,남,43세,상해없음,보행자,여,31세,경상
13831,2019052700100641,2019년 5월 27일 23시,월요일,서울특별시 광진구 구의동,경상사고,0,0,1,0,차대사람 - 기타,안전운전불이행,포장 - 건조,맑음,단일로 - 기타,승용,남,48세,상해없음,보행자,남,26세,경상
13832,2019052800100061,2019년 5월 28일 04시,화요일,서울특별시 용산구 원효로4가,중상사고,0,1,0,0,차대사람 - 횡단중,신호위반,포장 - 건조,맑음,교차로 - 교차로횡단보도내,승용,남,61세,상해없음,보행자,여,52세,중상
13833,2019052800100094,2019년 5월 28일 07시,화요일,서울특별시 강서구 화곡동,경상사고,0,0,1,0,차대사람 - 길가장자리구역통행중,안전운전불이행,포장 - 건조,맑음,단일로 - 기타,승용,남,67세,상해없음,보행자,남,67세,경상
13834,2019052800100120,2019년 5월 28일 08시,화요일,서울특별시 은평구 신사동,경상사고,0,0,1,0,차대사람 - 기타,기타,포장 - 건조,맑음,단일로 - 기타,자전거,남,81세,상해없음,보행자,여,31세,경상
13835,2019052800100122,2019년 5월 28일 08시,화요일,서울특별시 중랑구 망우동,중상사고,0,1,0,0,차대사람 - 횡단중,중앙선침범,포장 - 건조,맑음,단일로 - 기타,화물,남,63세,상해없음,보행자,여,29세,중상
13836,2019052800100173,2019년 5월 28일 09시,화요일,서울특별시 중랑구 신내동,중상사고,0,1,0,0,차대사람 - 횡단중,안전운전불이행,포장 - 건조,맑음,단일로 - 기타,건설기계,남,42세,상해없음,보행자,여,70세,중상
13837,2019052800100175,2019년 5월 28일 09시,화요일,서울특별시 강동구 둔촌동,경상사고,0,0,1,0,차대사람 - 기타,안전운전불이행,포장 - 건조,맑음,단일로 - 기타,기타불명,기타불명,미분류,기타불명,보행자,남,40세,경상
13838,2019052800100211,2019년 5월 28일 10시,화요일,서울특별시 관악구 봉천동,중상사고,0,1,0,0,차대사람 - 기타,안전운전불이행,포장 - 건조,맑음,단일로 - 기타,승합,남,49세,상해없음,보행자,여,61세,중상
13839,2019052800100212,2019년 5월 28일 10시,화요일,서울특별시 송파구 풍납동,중상사고,0,1,0,0,차대사람 - 횡단중,보행자보호의무위반,포장 - 건조,맑음,단일로 - 기타,화물,남,40세,상해없음,보행자,여,69세,중상
13840,2019052800100216,2019년 5월 28일 10시,화요일,서울특별시 강남구 세곡동,경상사고,0,0,1,0,차대사람 - 기타,안전운전불이행,포장 - 건조,맑음,단일로 - 기타,건설기계,남,57세,상해없음,보행자,남,27세,경상
13841,2019052800100244,2019년 5월 28일 11시,화요일,서울특별시 서초구 방배동,경상사고,0,0,1,0,차대사람 - 기타,안전운전불이행,포장 - 건조,맑음,단일로 - 기타,화물,남,29세,상해없음,보행자,여,65세,경상
13842,2019052800100277,2019년 5월 28일 12시,화요일,서울특별시 동대문구 답십리동,경상사고,0,0,1,0,차대사람 - 차도통행중,안전운전불이행,포장 - 건조,맑음,기타 - 기타,승용,여,34세,상해없음,보행자,남,54세,경상
13843,2019052800100301,2019년 5월 28일 13시,화요일,서울특별시 강북구 미아동,중상사고,0,1,0,0,차대사람 - 횡단중,보행자보호의무위반,포장 - 건조,맑음,교차로 - 교차로안,화물,남,47세,상해없음,보행자,여,77세,중상
13844,2019052800100303,2019년 5월 28일 13시,화요일,서울특별시 성동구 도선동,중상사고,0,1,0,0,차대사람 - 횡단중,신호위반,포장 - 건조,맑음,단일로 - 기타,승용,여,41세,상해없음,보행자,남,37세,중상
13845,2019052800100346,2019년 5월 28일 14시,화요일,서울특별시 마포구 구수동,경상사고,0,0,1,0,차대사람 - 기타,기타,포장 - 건조,맑음,기타 - 기타,승용,남,53세,상해없음,보행자,남,25세,경상
13846,2019052800100347,2019년 5월 28일 14시,화요일,서울특별시 동작구 상도1동,경상사고,0,0,1,0,차대사람 - 보도통행중,기타,포장 - 건조,맑음,단일로 - 기타,승용,남,48세,상해없음,보행자,여,56세,경상
13847,2019052800100349,2019년 5월 28일 14시,화요일,서울특별시 양천구 신정동,부상신고사고,0,0,0,1,차대사람 - 기타,안전운전불이행,포장 - 건조,맑음,단일로 - 기타,기타불명,기타불명,미분류,기타불명,보행자,여,10세,부상신고
13848,2019052800100350,2019년 5월 28일 14시,화요일,서울특별시 노원구 중계동,경상사고,0,0,1,0,차대사람 - 길가장자리구역통행중,안전운전불이행,포장 - 건조,맑음,단일로 - 기타,승용,남,70세,상해없음,보행자,남,75세,경상
13849,2019052800100394,2019년 5월 28일 15시,화요일,서울특별시 금천구 시흥동,경상사고,0,0,1,0,차대사람 - 기타,안전운전불이행,포장 - 건조,맑음,단일로 - 기타,승용,남,38세,상해없음,보행자,남,76세,경상
13850,2019052800100395,2019년 5월 28일 15시,화요일,서울특별시 성동구 금호동2가,중상사고,0,1,0,0,차대사람 - 기타,안전운전불이행,포장 - 건조,맑음,교차로 - 교차로안,승용,남,79세,상해없음,보행자,여,71세,중상
13851,2019052800100397,2019년 5월 28일 15시,화요일,서울특별시 구로구 고척동,경상사고,0,0,1,0,차대사람 - 기타,안전운전불이행,포장 - 건조,맑음,단일로 - 기타,승용,남,79세,상해없음,보행자,남,7세,경상
13852,2019052800100398,2019년 5월 28일 15시,화요일,서울특별시 은평구 갈현동,경상사고,0,0,1,0,차대사람 - 기타,안전운전불이행,포장 - 건조,맑음,단일로 - 기타,자전거,남,43세,상해없음,보행자,남,76세,경상
13853,2019052800100399,2019년 5월 28일 15시,화요일,서울특별시 서초구 방배동,경상사고,0,0,1,0,차대사람 - 길가장자리구역통행중,안전운전불이행,포장 - 건조,맑음,단일로 - 기타,승용,여,67세,상해없음,보행자,여,46세,경상
13854,2019052800100436,2019년 5월 28일 16시,화요일,서울특별시 강북구 미아동,중상사고,0,1,0,0,차대사람 - 횡단중,신호위반,포장 - 건조,맑음,단일로 - 기타,승용,남,59세,상해없음,보행자,여,78세,중상
13855,2019052800100439,2019년 5월 28일 16시,화요일,서울특별시 강남구 논현동,중상사고,0,1,0,0,차대사람 - 기타,신호위반,포장 - 건조,맑음,단일로 - 기타,승용,남,21세,상해없음,보행자,남,35세,중상
13856,2019052800100446,2019년 5월 28일 16시,화요일,서울특별시 강남구 역삼동,경상사고,0,0,1,0,차대사람 - 기타,안전운전불이행,포장 - 건조,맑음,단일로 - 기타,승용,남,61세,상해없음,보행자,여,23세,경상
13857,2019052800100498,2019년 5월 28일 17시,화요일,서울특별시 동작구 흑석동,부상신고사고,0,0,0,1,차대사람 - 차도통행중,안전운전불이행,포장 - 건조,맑음,교차로 - 교차로부근,승용,여,41세,상해없음,보행자,남,23세,부상신고
13858,2019052800100507,2019년 5월 28일 17시,화요일,서울특별시 강남구 대치동,경상사고,0,0,1,0,차대사람 - 기타,안전운전불이행,포장 - 건조,맑음,단일로 - 기타,승용,여,41세,상해없음,보행자,남,8세,경상
13859,2019052800100558,2019년 5월 28일 18시,화요일,서울특별시 강서구 내발산동,중상사고,0,1,0,0,차대사람 - 횡단중,보행자보호의무위반,포장 - 건조,맑음,교차로 - 교차로횡단보도내,승용,남,61세,상해없음,보행자,여,61세,중상
13860,2019052800100617,2019년 5월 28일 19시,화요일,서울특별시 중구 을지로2가,부상신고사고,0,0,0,1,차대사람 - 기타,안전운전불이행,포장 - 건조,맑음,단일로 - 기타,승용,남,29세,상해없음,보행자,남,73세,부상신고
13861,2019052800100620,2019년 5월 28일 19시,화요일,서울특별시 금천구 독산동,경상사고,0,0,1,0,차대사람 - 기타,안전운전불이행,포장 - 건조,맑음,단일로 - 기타,이륜,여,56세,상해없음,보행자,남,3세,경상
13862,2019052800100654,2019년 5월 28일 20시,화요일,서울특별시 마포구 망원동,경상사고,0,0,1,0,차대사람 - 기타,안전운전불이행,포장 - 건조,맑음,단일로 - 기타,화물,남,60세,상해없음,보행자,남,36세,경상
13863,2019052800100661,2019년 5월 28일 20시,화요일,서울특별시 서초구 방배동,경상사고,0,0,1,0,차대사람 - 기타,안전운전불이행,포장 - 건조,맑음,단일로 - 기타,승용,남,63세,상해없음,보행자,남,64세,경상
13864,2019052800100690,2019년 5월 28일 21시,화요일,서울특별시 서초구 서초동,중상사고,0,1,0,0,차대사람 - 기타,안전운전불이행,포장 - 건조,맑음,교차로 - 교차로부근,승용,여,33세,상해없음,보행자,남,37세,중상
13865,2019052800100722,2019년 5월 28일 22시,화요일,서울특별시 노원구 상계동,경상사고,0,0,1,0,차대사람 - 기타,안전운전불이행,포장 - 건조,맑음,단일로 - 기타,자전거,남,44세,상해없음,보행자,남,48세,경상
13866,2019052800100724,2019년 5월 28일 22시,화요일,서울특별시 강남구 대치동,경상사고,0,0,1,0,차대사람 - 기타,안전운전불이행,포장 - 건조,맑음,단일로 - 기타,승용,남,53세,상해없음,보행자,남,17세,경상
13867,2019052800100767,2019년 5월 28일 23시,화요일,서울특별시 강동구 천호동,중상사고,0,1,0,0,차대사람 - 횡단중,신호위반,포장 - 건조,맑음,교차로 - 교차로안,이륜,남,19세,상해없음,보행자,남,29세,중상
13868,2019052900100022,2019년 5월 29일 00시,수요일,서울특별시 중구 신당동,부상신고사고,0,0,0,1,차대사람 - 기타,기타,포장 - 건조,맑음,단일로 - 기타,이륜,남,31세,상해없음,보행자,남,48세,부상신고
13869,2019052900100118,2019년 5월 29일 08시,수요일,서울특별시 성북구 정릉동,경상사고,0,0,1,0,차대사람 - 횡단중,보행자보호의무위반,포장 - 건조,맑음,단일로 - 기타,승용,남,59세,상해없음,보행자,여,9세,경상
13870,2019052900100120,2019년 5월 29일 08시,수요일,서울특별시 관악구 봉천동,경상사고,0,0,1,0,차대사람 - 횡단중,중앙선침범,포장 - 건조,맑음,교차로 - 교차로안,승용,남,42세,상해없음,보행자,남,7세,경상
13871,2019052900100125,2019년 5월 29일 08시,수요일,서울특별시 노원구 상계동,경상사고,0,0,1,0,차대사람 - 기타,기타,포장 - 건조,맑음,단일로 - 기타,승합,남,45세,기타불명,보행자,남,57세,경상
13872,2019052900100176,2019년 5월 29일 09시,수요일,서울특별시 강북구 수유동,중상사고,0,1,0,0,차대사람 - 횡단중,보행자보호의무위반,포장 - 건조,맑음,교차로 - 교차로안,승합,남,38세,상해없음,보행자,여,19세,중상
13873,2019052900100208,2019년 5월 29일 10시,수요일,서울특별시 광진구 구의동,경상사고,0,0,1,0,차대사람 - 기타,안전운전불이행,포장 - 건조,맑음,단일로 - 기타,승용,여,38세,상해없음,보행자,여,46세,경상
13874,2019052900100274,2019년 5월 29일 12시,수요일,서울특별시 중랑구 면목동,경상사고,0,0,1,0,차대사람 - 보도통행중,보행자보호의무위반,포장 - 건조,맑음,교차로 - 교차로횡단보도내,승용,남,60세,상해없음,보행자,여,60세,경상
13875,2019052900100299,2019년 5월 29일 13시,수요일,서울특별시 종로구 소격동,중상사고,0,1,0,0,차대사람 - 횡단중,보행자보호의무위반,포장 - 건조,맑음,단일로 - 지하차도(도로)내,승용,남,68세,상해없음,보행자,남,30세,중상
13876,2019052900100301,2019년 5월 29일 13시,수요일,서울특별시 성북구 동소문동5가,경상사고,0,0,1,0,차대사람 - 기타,안전운전불이행,포장 - 건조,맑음,단일로 - 기타,승용,남,33세,상해없음,보행자,여,73세,경상
13877,2019052900100332,2019년 5월 29일 14시,수요일,서울특별시 서대문구 홍은동,경상사고,0,0,1,0,차대사람 - 기타,안전운전불이행,포장 - 건조,맑음,단일로 - 기타,화물,남,52세,상해없음,보행자,남,18세,경상
13878,2019052900100335,2019년 5월 29일 14시,수요일,서울특별시 동작구 흑석동,부상신고사고,0,0,0,1,차대사람 - 차도통행중,안전운전불이행,포장 - 건조,맑음,단일로 - 기타,기타불명,기타불명,미분류,기타불명,보행자,여,55세,부상신고
13879,2019052900100379,2019년 5월 29일 15시,수요일,서울특별시 강서구 화곡동,중상사고,0,1,0,0,차대사람 - 차도통행중,안전운전불이행,포장 - 건조,맑음,단일로 - 기타,화물,남,60세,상해없음,보행자,여,75세,중상
13880,2019052900100382,2019년 5월 29일 15시,수요일,서울특별시 도봉구 창동,경상사고,0,0,1,0,차대사람 - 보도통행중,안전운전불이행,포장 - 건조,맑음,단일로 - 기타,이륜,남,74세,상해없음,보행자,남,15세,경상
13881,2019052900100384,2019년 5월 29일 15시,수요일,서울특별시 은평구 대조동,경상사고,0,0,1,0,차대사람 - 횡단중,보행자보호의무위반,포장 - 건조,맑음,교차로 - 교차로횡단보도내,승용,여,47세,상해없음,보행자,여,68세,경상
13882,2019052900100385,2019년 5월 29일 15시,수요일,서울특별시 강남구 대치동,경상사고,0,0,1,0,차대사람 - 기타,기타,포장 - 건조,맑음,기타 - 기타,승용,여,38세,상해없음,보행자,남,63세,경상
13883,2019052900100421,2019년 5월 29일 16시,수요일,서울특별시 영등포구 신길동,경상사고,0,0,1,0,차대사람 - 횡단중,보행자보호의무위반,포장 - 건조,맑음,기타 - 기타,기타불명,기타불명,미분류,기타불명,보행자,여,24세,경상
13884,2019052900100423,2019년 5월 29일 16시,수요일,서울특별시 강남구 삼성동,중상사고,0,1,0,0,차대사람 - 횡단중,신호위반,포장 - 건조,맑음,교차로 - 교차로횡단보도내,승용,여,68세,상해없음,보행자,여,16세,중상
13885,2019052900100427,2019년 5월 29일 16시,수요일,서울특별시 은평구 갈현동,경상사고,0,0,1,0,차대사람 - 길가장자리구역통행중,안전운전불이행,포장 - 건조,맑음,단일로 - 기타,승합,남,70세,상해없음,보행자,여,19세,경상
13886,2019052900100475,2019년 5월 29일 17시,수요일,서울특별시 영등포구 영등포동,경상사고,0,0,1,0,차대사람 - 횡단중,보행자보호의무위반,포장 - 건조,맑음,교차로 - 교차로횡단보도내,승용,여,61세,상해없음,보행자,여,28세,경상
13887,2019052900100476,2019년 5월 29일 17시,수요일,서울특별시 영등포구 대림동,경상사고,0,0,1,0,차대사람 - 차도통행중,안전운전불이행,포장 - 건조,맑음,단일로 - 기타,승용,남,34세,상해없음,보행자,남,62세,경상
13888,2019052900100479,2019년 5월 29일 17시,수요일,서울특별시 강남구 논현동,경상사고,0,0,1,0,차대사람 - 보도통행중,기타,포장 - 건조,맑음,단일로 - 기타,승용,남,50세,상해없음,보행자,여,27세,경상
13889,2019052900100602,2019년 5월 29일 19시,수요일,서울특별시 구로구 고척동,경상사고,0,0,1,0,차대사람 - 길가장자리구역통행중,기타,포장 - 건조,맑음,단일로 - 기타,승용,남,55세,기타불명,보행자,여,39세,경상
13890,2019052900100634,2019년 5월 29일 20시,수요일,서울특별시 양천구 목동,경상사고,0,0,1,0,차대사람 - 기타,보행자보호의무위반,포장 - 건조,맑음,교차로 - 교차로안,승용,여,35세,상해없음,보행자,여,58세,경상
13891,2019052900100660,2019년 5월 29일 21시,수요일,서울특별시 성북구 동소문동2가,경상사고,0,0,1,0,차대사람 - 차도통행중,보행자보호의무위반,포장 - 건조,맑음,단일로 - 기타,승용,남,59세,상해없음,보행자,여,57세,경상
13892,2019052900100661,2019년 5월 29일 21시,수요일,서울특별시 금천구 독산동,경상사고,0,0,1,0,차대사람 - 차도통행중,안전운전불이행,포장 - 건조,맑음,단일로 - 기타,승용,남,22세,상해없음,보행자,남,75세,경상
13893,2019052900100665,2019년 5월 29일 21시,수요일,서울특별시 서초구 잠원동,경상사고,0,0,1,0,차대사람 - 횡단중,보행자보호의무위반,포장 - 건조,맑음,단일로 - 기타,승용,여,39세,상해없음,보행자,여,32세,경상
13894,2019052900100693,2019년 5월 29일 22시,수요일,서울특별시 용산구 원효로1가,중상사고,0,1,0,0,차대사람 - 횡단중,안전운전불이행,포장 - 건조,맑음,교차로 - 교차로횡단보도내,승용,남,60세,상해없음,보행자,남,17세,중상
13895,2019052900100695,2019년 5월 29일 22시,수요일,서울특별시 송파구 장지동,경상사고,0,0,1,0,차대사람 - 보도통행중,중앙선침범,포장 - 건조,맑음,교차로 - 교차로부근,자전거,남,50세,상해없음,보행자,남,23세,경상
13896,2019052900100714,2019년 5월 29일 23시,수요일,서울특별시 은평구 수색동,중상사고,0,1,0,0,차대사람 - 횡단중,안전운전불이행,포장 - 건조,맑음,단일로 - 기타,승용,남,49세,상해없음,보행자,남,32세,중상
13897,2019052900100717,2019년 5월 29일 23시,수요일,서울특별시 강남구 삼성동,중상사고,0,1,0,0,차대사람 - 횡단중,안전운전불이행,포장 - 건조,기타,교차로 - 교차로부근,승용,남,49세,상해없음,보행자,남,45세,중상
13898,2019053000100046,2019년 5월 30일 02시,목요일,서울특별시 종로구 종로2가,중상사고,0,1,0,0,차대사람 - 기타,안전운전불이행,포장 - 건조,맑음,단일로 - 지하차도(도로)내,승용,남,28세,상해없음,보행자,남,67세,중상
13899,2019053000100137,2019년 5월 30일 08시,목요일,서울특별시 양천구 신정동,경상사고,0,0,1,0,차대사람 - 길가장자리구역통행중,안전운전불이행,포장 - 건조,맑음,단일로 - 기타,승용,남,76세,상해없음,보행자,남,47세,경상
13900,2019053000100186,2019년 5월 30일 09시,목요일,서울특별시 강남구 신사동,경상사고,0,0,1,0,차대사람 - 보도통행중,기타,포장 - 건조,맑음,기타 - 기타,승용,남,50세,상해없음,보행자,여,60세,경상
13901,2019053000100187,2019년 5월 30일 09시,목요일,서울특별시 구로구 구로동,중상사고,0,1,0,0,차대사람 - 횡단중,안전운전불이행,포장 - 건조,맑음,단일로 - 기타,승용,남,36세,상해없음,보행자,남,61세,중상
13902,2019053000100217,2019년 5월 30일 10시,목요일,서울특별시 금천구 시흥동,중상사고,0,1,0,0,차대사람 - 기타,안전운전불이행,포장 - 건조,맑음,교차로 - 교차로횡단보도내,화물,남,69세,상해없음,보행자,여,76세,중상
13903,2019053000100254,2019년 5월 30일 11시,목요일,서울특별시 마포구 동교동,경상사고,0,0,1,0,차대사람 - 기타,안전운전불이행,포장 - 건조,맑음,단일로 - 기타,승용,여,58세,상해없음,보행자,남,55세,경상
13904,2019053000100311,2019년 5월 30일 13시,목요일,서울특별시 영등포구 대림동,중상사고,0,1,0,0,차대사람 - 기타,안전운전불이행,포장 - 건조,맑음,교차로 - 교차로안,화물,남,29세,상해없음,보행자,여,69세,중상
13905,2019053000100312,2019년 5월 30일 13시,목요일,서울특별시 영등포구 양평동1가,경상사고,0,0,1,0,차대사람 - 기타,안전운전불이행,포장 - 건조,맑음,교차로 - 교차로부근,화물,남,68세,상해없음,보행자,여,53세,경상
13906,2019053000100358,2019년 5월 30일 15시,목요일,서울특별시 중구 충무로1가,부상신고사고,0,0,0,1,차대사람 - 기타,안전운전불이행,포장 - 건조,맑음,단일로 - 기타,승용,남,65세,상해없음,보행자,여,27세,부상신고
13907,2019053000100359,2019년 5월 30일 15시,목요일,서울특별시 종로구 창신동,경상사고,0,0,1,0,차대사람 - 길가장자리구역통행중,안전운전불이행,포장 - 건조,맑음,단일로 - 기타,화물,남,44세,상해없음,보행자,남,48세,경상
13908,2019053000100383,2019년 5월 30일 16시,목요일,서울특별시 마포구 신수동,경상사고,0,0,1,0,차대사람 - 횡단중,안전운전불이행,포장 - 건조,맑음,교차로 - 교차로부근,승용,남,72세,상해없음,보행자,여,53세,경상
13909,2019053000100384,2019년 5월 30일 16시,목요일,서울특별시 영등포구 문래동3가,경상사고,0,0,1,0,차대사람 - 차도통행중,안전운전불이행,포장 - 건조,맑음,단일로 - 기타,승용,남,39세,상해없음,보행자,여,49세,경상
13910,2019053000100385,2019년 5월 30일 16시,목요일,서울특별시 동작구 사당동,경상사고,0,0,1,0,차대사람 - 기타,안전운전불이행,포장 - 건조,맑음,주차장 - 주차장,자전거,여,23세,기타불명,보행자,남,45세,경상
13911,2019053000100386,2019년 5월 30일 16시,목요일,서울특별시 중랑구 중화동,경상사고,0,0,1,0,차대사람 - 기타,안전운전불이행,포장 - 건조,맑음,단일로 - 기타,화물,남,30세,상해없음,보행자,여,67세,경상
13912,2019053000100420,2019년 5월 30일 17시,목요일,서울특별시 서대문구 남가좌동,중상사고,0,1,0,0,차대사람 - 차도통행중,안전운전불이행,포장 - 건조,맑음,단일로 - 기타,승용,여,35세,상해없음,보행자,여,81세,중상
13913,2019053000100501,2019년 5월 30일 19시,목요일,서울특별시 관악구 남현동,중상사고,0,1,1,0,차대사람 - 기타,안전운전불이행,포장 - 건조,맑음,단일로 - 기타,승용,남,48세,상해없음,보행자,남,66세,중상
13914,2019053000100546,2019년 5월 30일 20시,목요일,서울특별시 강남구 역삼동,부상신고사고,0,0,0,1,차대사람 - 기타,안전운전불이행,포장 - 건조,맑음,단일로 - 기타,기타불명,기타불명,미분류,기타불명,보행자,여,25세,부상신고
13915,2019053000100548,2019년 5월 30일 20시,목요일,서울특별시 송파구 석촌동,중상사고,0,1,0,0,차대사람 - 기타,안전운전불이행,포장 - 건조,맑음,기타 - 기타,기타불명,기타불명,미분류,기타불명,보행자,여,55세,중상
13916,2019053000100572,2019년 5월 30일 21시,목요일,서울특별시 동대문구 휘경동,경상사고,0,0,1,0,차대사람 - 기타,안전운전불이행,포장 - 건조,흐림,교차로 - 교차로부근,이륜,남,37세,상해없음,보행자,여,21세,경상
13917,2019053000100575,2019년 5월 30일 21시,목요일,서울특별시 강서구 염창동,중상사고,0,1,0,0,차대사람 - 차도통행중,안전운전불이행,포장 - 건조,맑음,단일로 - 기타,승합,남,46세,상해없음,보행자,남,17세,중상
13918,2019053000100611,2019년 5월 30일 22시,목요일,서울특별시 강남구 도곡동,중상사고,0,1,0,0,차대사람 - 횡단중,안전운전불이행,포장 - 건조,기타,단일로 - 기타,승용,남,29세,상해없음,보행자,여,60세,중상
13919,2019053000100630,2019년 5월 30일 23시,목요일,서울특별시 마포구 서교동,중상사고,0,1,0,0,차대사람 - 횡단중,보행자보호의무위반,포장 - 건조,맑음,교차로 - 교차로횡단보도내,이륜,남,23세,상해없음,보행자,여,26세,중상
13920,2019053000100636,2019년 5월 30일 23시,목요일,서울특별시 송파구 방이동,중상사고,0,1,0,0,차대사람 - 차도통행중,안전운전불이행,포장 - 건조,맑음,단일로 - 기타,승용,남,43세,상해없음,보행자,남,45세,중상