,사고번호,사고일시,요일,시군구,사고내용,사망자수,중상자수,경상자수,부상신고자수,사고유형,법규위반,노면상태,기상상태,도로형태,가해운전자 차종,가해운전자 성별,가해운전자 연령,가해운전자 상해정도,피해운전자 차종,피해운전자 성별,피해운전자 연령,피해운전자 상해정도
13921,2019053100100033,2019년 5월 31일 00시,금요일,서울특별시 서대문구 홍제동,중상사고,0,1,0,0,차대사람 - 횡단중,안전운전불이행,포장 - 건조,흐림,단일로 - 기타,승용,남,48세,상해없음,보행자,여,47세,중상
13922,2019053100100054,2019년 5월 31일 01시,금요일,서울특별시 성북구 삼선동1가,중상사고,0,1,0,0,차대사람 - 기타,안전운전불이행,포장 - 건조,맑음,기타 - 기타,승용,남,40세,상해없음,보행자,남,22세,중상
13923,2019053100100057,2019년 5월 31일 01시,금요일,서울특별시 송파구 송파동,중상사고,0,1,0,0,차대사람 - 기타,안전운전불이행,포장 - 건조,흐림,단일로 - 기타,승용,남,64세,상해없음,보행자,남,35세,중상
13924,2019053100100065,2019년 5월 31일 02시,금요일,서울특별시 마포구 상암동,중상사고,0,1,0,0,차대사람 - 기타,안전운전불이행,포장 - 건조,맑음,단일로 - 기타,승용,남,43세,상해없음,보행자,남,63세,중상
13925,2019053100100068,2019년 5월 31일 03시,금요일,서울특별시 강남구 논현동,경상사고,0,0,1,0,차대사람 - 횡단중,신호위반,포장 - 건조,맑음,단일로 - 기타,승용,여,36세,상해없음,보행자,여,21세,경상
13926,2019053100100096,2019년 5월 31일 06시,금요일,서울특별시 강서구 화곡동,부상신고사고,0,0,0,1,차대사람 - 횡단중,안전운전불이행,포장 - 건조,맑음,단일로 - 기타,승용,남,64세,상해없음,보행자,남,71세,부상신고
13927,2019053100100111,2019년 5월 31일 07시,금요일,서울특별시 마포구 염리동,경상사고,0,0,1,0,차대사람 - 기타,안전운전불이행,포장 - 건조,맑음,단일로 - 기타,승용,여,36세,상해없음,보행자,여,17세,경상
13928,2019053100100115,2019년 5월 31일 07시,금요일,서울특별시 강서구 등촌동,중상사고,0,1,0,0,차대사람 - 차도통행중,안전운전불이행,포장 - 건조,맑음,교차로 - 교차로부근,승합,남,43세,상해없음,보행자,여,74세,중상
13929,2019053100100183,2019년 5월 31일 09시,금요일,서울특별시 강남구 도곡동,중상사고,0,1,0,0,차대사람 - 기타,안전운전불이행,포장 - 건조,맑음,단일로 - 기타,승용,남,46세,상해없음,보행자,남,86세,중상
13930,2019053100100214,2019년 5월 31일 10시,금요일,서울특별시 송파구 문정동,중상사고,0,1,0,0,차대사람 - 차도통행중,안전운전불이행,포장 - 건조,맑음,교차로 - 교차로안,화물,남,49세,상해없음,보행자,여,86세,중상
13931,2019053100100234,2019년 5월 31일 11시,금요일,서울특별시 강남구 삼성동,경상사고,0,0,1,0,차대사람 - 기타,안전운전불이행,포장 - 건조,맑음,주차장 - 주차장,승용,남,35세,상해없음,보행자,남,37세,경상
13932,2019053100100235,2019년 5월 31일 11시,금요일,서울특별시 강서구 가양동,경상사고,0,0,1,0,차대사람 - 횡단중,안전운전불이행,포장 - 건조,맑음,단일로 - 기타,승용,남,29세,상해없음,보행자,남,49세,경상
13933,2019053100100236,2019년 5월 31일 11시,금요일,서울특별시 성북구 상월곡동,경상사고,0,0,1,0,차대사람 - 기타,보행자보호의무위반,포장 - 건조,맑음,교차로 - 교차로안,승용,남,62세,상해없음,보행자,여,21세,경상
13934,2019053100100237,2019년 5월 31일 11시,금요일,서울특별시 은평구 구산동,중상사고,0,1,0,0,차대사람 - 보도통행중,기타,포장 - 건조,맑음,교차로 - 교차로부근,자전거,남,15세,상해없음,보행자,여,66세,중상
13935,2019053100100275,2019년 5월 31일 12시,금요일,서울특별시 성북구 삼선동5가,경상사고,0,0,1,0,차대사람 - 차도통행중,안전운전불이행,포장 - 건조,맑음,단일로 - 기타,이륜,남,30세,상해없음,보행자,여,58세,경상
13936,2019053100100277,2019년 5월 31일 12시,금요일,서울특별시 영등포구 대림동,경상사고,0,0,1,0,차대사람 - 횡단중,보행자보호의무위반,포장 - 건조,맑음,교차로 - 교차로부근,승용,여,63세,상해없음,보행자,여,24세,경상
13937,2019053100100314,2019년 5월 31일 13시,금요일,서울특별시 영등포구 여의도동,경상사고,0,0,1,0,차대사람 - 기타,안전운전불이행,포장 - 건조,맑음,교차로 - 교차로안,승합,남,63세,상해없음,보행자,여,14세,경상
13938,2019053100100317,2019년 5월 31일 13시,금요일,서울특별시 구로구 개봉동,중상사고,0,1,0,0,차대사람 - 보도통행중,기타,포장 - 건조,맑음,기타 - 기타,승용,남,38세,상해없음,보행자,남,66세,중상
13939,2019053100100318,2019년 5월 31일 13시,금요일,서울특별시 강남구 수서동,경상사고,0,0,1,0,차대사람 - 기타,안전운전불이행,포장 - 건조,맑음,단일로 - 기타,승합,남,63세,상해없음,보행자,여,33세,경상
13940,2019053100100319,2019년 5월 31일 13시,금요일,서울특별시 강남구 도곡동,경상사고,0,0,1,1,차대사람 - 기타,안전운전불이행,포장 - 건조,맑음,단일로 - 기타,화물,남,27세,상해없음,보행자,남,66세,경상
13941,2019053100100358,2019년 5월 31일 14시,금요일,서울특별시 동대문구 제기동,중상사고,0,1,0,0,차대사람 - 기타,안전운전불이행,포장 - 건조,맑음,단일로 - 기타,화물,남,51세,상해없음,보행자,여,82세,중상
13942,2019053100100359,2019년 5월 31일 14시,금요일,서울특별시 동작구 노량진동,경상사고,0,0,1,0,차대사람 - 기타,안전운전불이행,포장 - 건조,맑음,기타 - 기타,화물,남,41세,상해없음,보행자,남,26세,경상
13943,2019053100100362,2019년 5월 31일 14시,금요일,서울특별시 성북구 종암동,중상사고,0,1,0,0,차대사람 - 횡단중,안전운전불이행,포장 - 건조,맑음,단일로 - 기타,승합,남,45세,상해없음,보행자,여,67세,중상
13944,2019053100100363,2019년 5월 31일 14시,금요일,서울특별시 구로구 고척동,경상사고,0,0,1,0,차대사람 - 기타,안전운전불이행,포장 - 건조,맑음,단일로 - 기타,승용,남,56세,상해없음,보행자,남,10세,경상
13945,2019053100100364,2019년 5월 31일 14시,금요일,서울특별시 서초구 잠원동,중상사고,0,1,0,0,차대사람 - 보도통행중,신호위반,포장 - 건조,맑음,교차로 - 교차로횡단보도내,승용,여,58세,상해없음,보행자,여,75세,중상
13946,2019053100100365,2019년 5월 31일 14시,금요일,서울특별시 강남구 개포동,경상사고,0,0,1,0,차대사람 - 기타,안전운전불이행,포장 - 건조,맑음,단일로 - 기타,화물,남,44세,상해없음,보행자,여,18세,경상
13947,2019053100100399,2019년 5월 31일 15시,금요일,서울특별시 송파구 거여동,중상사고,0,1,1,0,차대사람 - 기타,기타,포장 - 건조,맑음,단일로 - 기타,화물,남,54세,상해없음,보행자,여,47세,경상
13948,2019053100100402,2019년 5월 31일 15시,금요일,서울특별시 은평구 역촌동,부상신고사고,0,0,0,1,차대사람 - 기타,안전운전불이행,포장 - 건조,맑음,기타 - 기타,이륜,남,36세,상해없음,보행자,여,4세,부상신고
13949,2019053100100454,2019년 5월 31일 16시,금요일,서울특별시 양천구 목동,경상사고,0,0,1,0,차대사람 - 기타,안전운전불이행,포장 - 건조,맑음,단일로 - 기타,화물,남,51세,상해없음,보행자,여,8세,경상
13950,2019053100100455,2019년 5월 31일 16시,금요일,서울특별시 양천구 신정동,경상사고,0,0,1,0,차대사람 - 횡단중,보행자보호의무위반,포장 - 건조,맑음,단일로 - 기타,기타불명,기타불명,미분류,기타불명,보행자,여,12세,경상
13951,2019053100100456,2019년 5월 31일 16시,금요일,서울특별시 양천구 신월동,중상사고,0,1,0,0,차대사람 - 기타,보행자보호의무위반,포장 - 건조,맑음,교차로 - 교차로부근,승용,남,51세,기타불명,보행자,여,9세,중상
13952,2019053100100457,2019년 5월 31일 16시,금요일,서울특별시 노원구 중계동,경상사고,0,0,1,0,차대사람 - 차도통행중,안전운전불이행,포장 - 건조,맑음,단일로 - 지하차도(도로)내,승용,여,52세,상해없음,보행자,남,26세,경상
13953,2019053100100509,2019년 5월 31일 17시,금요일,서울특별시 송파구 가락동,중상사고,0,1,0,0,차대사람 - 횡단중,신호위반,포장 - 건조,맑음,교차로 - 교차로횡단보도내,이륜,남,16세,상해없음,보행자,남,51세,중상
13954,2019053100100549,2019년 5월 31일 18시,금요일,서울특별시 종로구 와룡동,경상사고,0,0,1,0,차대사람 - 횡단중,신호위반,포장 - 건조,맑음,교차로 - 교차로부근,기타불명,기타불명,미분류,기타불명,보행자,남,54세,경상
13955,2019053100100550,2019년 5월 31일 18시,금요일,서울특별시 종로구 명륜3가,경상사고,0,0,1,0,차대사람 - 차도통행중,안전운전불이행,포장 - 건조,맑음,교차로 - 교차로안,승용,남,60세,상해없음,보행자,남,28세,경상
13956,2019053100100551,2019년 5월 31일 18시,금요일,서울특별시 강북구 미아동,경상사고,0,0,1,0,차대사람 - 횡단중,안전운전불이행,포장 - 건조,흐림,단일로 - 기타,승용,남,43세,상해없음,보행자,여,59세,경상
13957,2019053100100553,2019년 5월 31일 18시,금요일,서울특별시 동대문구 장안동,중상사고,0,1,0,0,차대사람 - 길가장자리구역통행중,안전운전불이행,포장 - 건조,맑음,교차로 - 교차로안,승용,여,30세,상해없음,보행자,여,66세,중상
13958,2019053100100557,2019년 5월 31일 18시,금요일,서울특별시 송파구 오금동,경상사고,0,0,1,0,차대사람 - 기타,신호위반,포장 - 건조,맑음,교차로 - 교차로횡단보도내,이륜,남,23세,상해없음,보행자,남,22세,경상
13959,2019053100100560,2019년 5월 31일 18시,금요일,서울특별시 도봉구 방학동,경상사고,0,0,1,0,차대사람 - 기타,안전운전불이행,포장 - 건조,맑음,단일로 - 기타,승용,남,57세,상해없음,보행자,여,11세,경상
13960,2019053100100614,2019년 5월 31일 19시,금요일,서울특별시 동작구 대방동,경상사고,0,0,1,0,차대사람 - 보도통행중,보행자보호의무위반,포장 - 건조,맑음,단일로 - 기타,승용,남,49세,상해없음,보행자,남,46세,경상
13961,2019053100100618,2019년 5월 31일 19시,금요일,서울특별시 성북구 종암동,중상사고,0,1,0,0,차대사람 - 횡단중,신호위반,포장 - 건조,맑음,교차로 - 교차로안,승용,여,34세,상해없음,보행자,여,80세,중상
13962,2019053100100619,2019년 5월 31일 19시,금요일,서울특별시 도봉구 창동,경상사고,0,0,1,0,차대사람 - 기타,안전운전불이행,포장 - 건조,맑음,단일로 - 기타,승용,남,22세,상해없음,보행자,여,48세,경상
13963,2019053100100660,2019년 5월 31일 20시,금요일,서울특별시 영등포구 여의도동,부상신고사고,0,0,0,1,차대사람 - 보도통행중,기타,포장 - 건조,맑음,기타 - 기타,자전거,남,37세,상해없음,보행자,남,69세,부상신고
13964,2019053100100664,2019년 5월 31일 20시,금요일,서울특별시 서초구 반포동,경상사고,0,0,1,0,차대사람 - 차도통행중,안전운전불이행,포장 - 건조,맑음,기타 - 기타,승용,남,38세,기타불명,보행자,남,19세,경상
13965,2019053100100691,2019년 5월 31일 21시,금요일,서울특별시 강북구 수유동,경상사고,0,0,1,0,차대사람 - 보도통행중,기타,포장 - 건조,맑음,기타 - 기타,자전거,남,23세,상해없음,보행자,남,19세,경상
13966,2019053100100741,2019년 5월 31일 22시,금요일,서울특별시 은평구 녹번동,부상신고사고,0,0,0,1,차대사람 - 횡단중,안전운전불이행,포장 - 건조,맑음,단일로 - 기타,승용,여,35세,상해없음,보행자,남,50세,부상신고
13967,2019053100100743,2019년 5월 31일 22시,금요일,서울특별시 강동구 성내동,경상사고,0,0,1,0,차대사람 - 기타,안전운전불이행,포장 - 건조,흐림,단일로 - 기타,승용,여,56세,상해없음,보행자,남,39세,경상
13968,2019053100100769,2019년 5월 31일 23시,금요일,서울특별시 강북구 수유동,중상사고,0,1,0,0,차대사람 - 차도통행중,안전운전불이행,포장 - 건조,맑음,단일로 - 기타,승용,남,22세,상해없음,보행자,남,49세,중상
13969,2019053100100773,2019년 5월 31일 23시,금요일,서울특별시 노원구 상계동,경상사고,0,0,1,0,차대사람 - 횡단중,안전운전불이행,포장 - 건조,맑음,단일로 - 기타,승용,남,52세,상해없음,보행자,남,58세,경상
13970,2019060100100025,2019년 6월 1일 00시,토요일,서울특별시 영등포구 신길동,중상사고,0,1,1,0,차대사람 - 기타,안전운전불이행,포장 - 건조,맑음,단일로 - 기타,이륜,남,26세,경상,보행자,남,39세,중상
13971,2019060100100084,2019년 6월 1일 04시,토요일,서울특별시 중랑구 면목동,경상사고,0,0,1,0,차대사람 - 횡단중,보행자보호의무위반,포장 - 건조,맑음,교차로 - 교차로횡단보도내,승용,남,65세,상해없음,보행자,여,81세,경상
13972,2019060100100125,2019년 6월 1일 08시,토요일,서울특별시 마포구 망원동,경상사고,0,0,1,0,차대사람 - 기타,신호위반,포장 - 건조,맑음,교차로 - 교차로안,승용,여,59세,상해없음,보행자,여,24세,경상
13973,2019060100100151,2019년 6월 1일 09시,토요일,서울특별시 서대문구 창천동,중상사고,0,1,0,0,차대사람 - 기타,안전운전불이행,포장 - 건조,맑음,교차로 - 교차로부근,승용,여,29세,상해없음,보행자,여,21세,중상
13974,2019060100100153,2019년 6월 1일 09시,토요일,서울특별시 관악구 봉천동,경상사고,0,0,1,0,차대사람 - 횡단중,신호위반,포장 - 건조,맑음,교차로 - 교차로부근,승용,남,25세,상해없음,보행자,여,77세,경상
13975,2019060100100154,2019년 6월 1일 09시,토요일,서울특별시 강남구 청담동,경상사고,0,0,1,0,차대사람 - 길가장자리구역통행중,안전운전불이행,포장 - 건조,맑음,단일로 - 기타,승용,남,58세,상해없음,보행자,여,28세,경상
13976,2019060100100156,2019년 6월 1일 09시,토요일,서울특별시 성북구 장위동,중상사고,0,1,0,0,차대사람 - 횡단중,중앙선침범,포장 - 건조,맑음,교차로 - 교차로안,이륜,남,46세,상해없음,보행자,여,75세,중상
13977,2019060100100207,2019년 6월 1일 11시,토요일,서울특별시 송파구 방이동,중상사고,0,1,0,0,차대사람 - 차도통행중,안전운전불이행,포장 - 건조,맑음,단일로 - 기타,승합,남,40세,상해없음,보행자,남,8세,중상
13978,2019060100100249,2019년 6월 1일 12시,토요일,서울특별시 강북구 미아동,경상사고,0,0,1,0,차대사람 - 길가장자리구역통행중,안전운전불이행,포장 - 건조,맑음,교차로 - 교차로안,이륜,남,47세,상해없음,보행자,남,84세,경상
13979,2019060100100291,2019년 6월 1일 13시,토요일,서울특별시 도봉구 쌍문동,경상사고,0,0,1,0,차대사람 - 기타,안전운전불이행,포장 - 건조,맑음,단일로 - 기타,승용,남,63세,상해없음,보행자,여,64세,경상
13980,2019060100100370,2019년 6월 1일 15시,토요일,서울특별시 서대문구 창천동,경상사고,0,0,1,0,차대사람 - 기타,불법유턴,포장 - 건조,맑음,기타 - 기타,승용,남,48세,상해없음,보행자,남,19세,경상
13981,2019060100100372,2019년 6월 1일 15시,토요일,서울특별시 강동구 성내동,경상사고,0,0,1,0,차대사람 - 기타,안전운전불이행,포장 - 건조,맑음,교차로 - 교차로부근,승용,남,40세,상해없음,보행자,남,75세,경상
13982,2019060100100406,2019년 6월 1일 16시,토요일,서울특별시 강동구 길동,중상사고,0,1,0,0,차대사람 - 기타,안전운전불이행,포장 - 건조,맑음,교차로 - 교차로부근,승용,남,29세,상해없음,보행자,여,12세,중상
13983,2019060100100444,2019년 6월 1일 17시,토요일,서울특별시 동대문구 청량리동,중상사고,0,1,0,0,차대사람 - 횡단중,보행자보호의무위반,포장 - 건조,맑음,교차로 - 교차로부근,승용,여,33세,상해없음,보행자,남,58세,중상
13984,2019060100100446,2019년 6월 1일 17시,토요일,서울특별시 관악구 봉천동,부상신고사고,0,0,0,1,차대사람 - 기타,안전운전불이행,포장 - 기타,흐림,단일로 - 기타,승용,남,30세,상해없음,보행자,남,11세,부상신고
13985,2019060100100482,2019년 6월 1일 18시,토요일,서울특별시 강남구 역삼동,경상사고,0,0,1,0,차대사람 - 기타,안전운전불이행,포장 - 건조,맑음,단일로 - 기타,특수,남,49세,상해없음,보행자,여,18세,경상
13986,2019060100100522,2019년 6월 1일 20시,토요일,서울특별시 관악구 봉천동,경상사고,0,0,1,0,차대사람 - 기타,안전운전불이행,포장 - 건조,맑음,단일로 - 기타,승용,여,60세,상해없음,보행자,남,50세,경상
13987,2019060100100558,2019년 6월 1일 21시,토요일,서울특별시 성북구 종암동,경상사고,0,0,1,0,차대사람 - 횡단중,안전운전불이행,포장 - 건조,맑음,단일로 - 기타,이륜,남,32세,상해없음,보행자,남,11세,경상
13988,2019060100100579,2019년 6월 1일 22시,토요일,서울특별시 관악구 신림동,경상사고,0,0,1,0,차대사람 - 기타,안전운전불이행,포장 - 건조,맑음,교차로 - 교차로부근,승합,남,47세,상해없음,보행자,남,30세,경상
13989,2019060100100607,2019년 6월 1일 23시,토요일,서울특별시 강남구 역삼동,경상사고,0,0,1,0,차대사람 - 길가장자리구역통행중,안전운전불이행,포장 - 건조,맑음,기타 - 기타,승용,남,22세,상해없음,보행자,남,30세,경상
13990,2019060100100608,2019년 6월 1일 23시,토요일,서울특별시 강남구 압구정동,사망사고,1,0,0,0,차대사람 - 기타,안전운전불이행,포장 - 건조,맑음,단일로 - 기타,승용,남,57세,상해없음,보행자,여,19세,사망
13991,2019060100100609,2019년 6월 1일 23시,토요일,서울특별시 강남구 논현동,경상사고,0,0,1,0,차대사람 - 차도통행중,안전운전불이행,포장 - 건조,맑음,단일로 - 기타,기타불명,기타불명,미분류,기타불명,보행자,남,52세,경상
13992,2019060100100612,2019년 6월 1일 23시,토요일,서울특별시 서초구 서초동,경상사고,0,0,1,0,차대사람 - 기타,안전운전불이행,포장 - 건조,맑음,기타 - 기타,승용,여,29세,기타불명,보행자,여,31세,경상
13993,2019060100100613,2019년 6월 1일 23시,토요일,서울특별시 양천구 신정동,경상사고,0,0,1,0,차대사람 - 횡단중,안전운전불이행,포장 - 건조,맑음,교차로 - 교차로안,이륜,남,19세,상해없음,보행자,남,54세,경상
13994,2019060200100025,2019년 6월 2일 00시,일요일,서울특별시 양천구 신정동,경상사고,0,0,1,0,차대사람 - 기타,안전운전불이행,포장 - 건조,맑음,단일로 - 기타,기타불명,기타불명,미분류,기타불명,보행자,남,53세,경상
13995,2019060200100035,2019년 6월 2일 01시,일요일,서울특별시 송파구 방이동,부상신고사고,0,0,0,1,차대사람 - 횡단중,안전운전불이행,포장 - 건조,맑음,단일로 - 기타,승용,남,59세,상해없음,보행자,남,49세,부상신고
13996,2019060200100100,2019년 6월 2일 08시,일요일,서울특별시 동작구 노량진동,경상사고,0,0,1,0,차대사람 - 횡단중,안전운전불이행,포장 - 건조,맑음,교차로 - 교차로안,화물,남,50세,상해없음,보행자,여,50세,경상
13997,2019060200100115,2019년 6월 2일 09시,일요일,서울특별시 용산구 산천동,경상사고,0,0,1,0,차대사람 - 기타,안전운전불이행,포장 - 건조,맑음,교차로 - 교차로안,승용,남,70세,상해없음,보행자,남,55세,경상
13998,2019060200100172,2019년 6월 2일 12시,일요일,서울특별시 동대문구 휘경동,경상사고,0,0,1,0,차대사람 - 기타,안전운전불이행,포장 - 건조,맑음,기타 - 기타,화물,남,58세,상해없음,보행자,여,55세,경상
13999,2019060200100192,2019년 6월 2일 13시,일요일,서울특별시 강서구 화곡동,경상사고,0,0,1,0,차대사람 - 기타,안전운전불이행,포장 - 건조,맑음,교차로 - 교차로안,승용,여,34세,상해없음,보행자,여,90세 이상,경상
14000,2019060200100290,2019년 6월 2일 16시,일요일,서울특별시 동작구 상도1동,경상사고,0,0,1,0,차대사람 - 횡단중,보행자보호의무위반,포장 - 건조,맑음,단일로 - 기타,승용,여,41세,기타불명,보행자,여,15세,경상
14001,2019060200100293,2019년 6월 2일 16시,일요일,서울특별시 송파구 가락동,경상사고,0,0,1,0,차대사람 - 기타,안전운전불이행,포장 - 건조,맑음,단일로 - 기타,원동기,남,16세,상해없음,보행자,남,33세,경상
14002,2019060200100295,2019년 6월 2일 16시,일요일,서울특별시 은평구 역촌동,중상사고,0,1,0,0,차대사람 - 보도통행중,신호위반,포장 - 건조,맑음,기타 - 기타,이륜,남,18세,상해없음,보행자,여,83세,중상
14003,2019060200100359,2019년 6월 2일 18시,일요일,서울특별시 영등포구 양평동4가,경상사고,0,0,1,0,차대사람 - 기타,보행자보호의무위반,포장 - 건조,맑음,교차로 - 교차로안,승합,남,56세,상해없음,보행자,남,63세,경상
14004,2019060200100389,2019년 6월 2일 19시,일요일,서울특별시 광진구 중곡동,경상사고,0,0,1,0,차대사람 - 기타,안전운전불이행,포장 - 건조,맑음,단일로 - 기타,승용,여,46세,상해없음,보행자,여,27세,경상
14005,2019060200100391,2019년 6월 2일 19시,일요일,서울특별시 도봉구 쌍문동,중상사고,0,1,1,0,차대사람 - 횡단중,안전운전불이행,포장 - 건조,맑음,단일로 - 기타,이륜,남,21세,경상,보행자,남,66세,중상
14006,2019060200100416,2019년 6월 2일 20시,일요일,서울특별시 동대문구 장안동,부상신고사고,0,0,0,1,차대사람 - 기타,안전운전불이행,포장 - 건조,맑음,단일로 - 기타,승용,남,47세,상해없음,보행자,남,51세,부상신고
14007,2019060200100418,2019년 6월 2일 20시,일요일,서울특별시 강동구 성내동,경상사고,0,0,1,0,차대사람 - 길가장자리구역통행중,안전운전불이행,포장 - 건조,맑음,단일로 - 기타,승용,여,68세,상해없음,보행자,여,37세,경상
14008,2019060200100450,2019년 6월 2일 21시,일요일,서울특별시 강서구 내발산동,부상신고사고,0,0,0,1,차대사람 - 기타,보행자보호의무위반,포장 - 건조,맑음,교차로 - 교차로횡단보도내,승용,남,46세,상해없음,보행자,남,48세,부상신고
14009,2019060300100033,2019년 6월 3일 00시,월요일,서울특별시 강남구 논현동,경상사고,0,0,1,0,차대사람 - 보도통행중,보행자보호의무위반,포장 - 건조,맑음,단일로 - 기타,승용,남,35세,상해없음,보행자,남,28세,경상
14010,2019060300100076,2019년 6월 3일 05시,월요일,서울특별시 중랑구 면목동,경상사고,0,0,1,0,차대사람 - 기타,안전운전불이행,포장 - 건조,맑음,교차로 - 교차로부근,승용,남,15세,상해없음,보행자,여,26세,경상
14011,2019060300100119,2019년 6월 3일 08시,월요일,서울특별시 서대문구 홍제동,중상사고,0,1,0,0,차대사람 - 보도통행중,기타,포장 - 건조,맑음,단일로 - 기타,이륜,남,66세,상해없음,보행자,여,76세,중상
14012,2019060300100122,2019년 6월 3일 08시,월요일,서울특별시 중랑구 망우동,경상사고,0,0,1,0,차대사람 - 길가장자리구역통행중,안전운전불이행,포장 - 건조,맑음,단일로 - 기타,승용,남,51세,상해없음,보행자,여,11세,경상
14013,2019060300100124,2019년 6월 3일 08시,월요일,서울특별시 강동구 천호동,중상사고,0,1,1,0,차대사람 - 횡단중,안전운전불이행,포장 - 건조,맑음,교차로 - 교차로안,승용,남,57세,상해없음,보행자,여,77세,중상
14014,2019060300100169,2019년 6월 3일 09시,월요일,서울특별시 마포구 마포동,중상사고,0,1,0,0,차대사람 - 횡단중,신호위반,포장 - 건조,맑음,단일로 - 기타,승용,여,54세,상해없음,보행자,남,80세,중상
14015,2019060300100207,2019년 6월 3일 10시,월요일,서울특별시 중구 남대문로1가,경상사고,0,0,1,0,차대사람 - 차도통행중,안전운전불이행,포장 - 건조,맑음,교차로 - 교차로안,승용,남,37세,상해없음,보행자,남,30세,경상
14016,2019060300100209,2019년 6월 3일 10시,월요일,서울특별시 동작구 사당동,중상사고,0,1,0,0,차대사람 - 차도통행중,안전운전불이행,포장 - 건조,맑음,단일로 - 기타,화물,남,54세,상해없음,보행자,여,67세,중상
14017,2019060300100213,2019년 6월 3일 10시,월요일,서울특별시 서초구 잠원동,경상사고,0,0,1,0,차대사람 - 기타,안전운전불이행,포장 - 건조,맑음,단일로 - 기타,승용,남,53세,상해없음,보행자,여,20세,경상
14018,2019060300100247,2019년 6월 3일 11시,월요일,서울특별시 은평구 구산동,중상사고,0,1,0,0,차대사람 - 기타,신호위반,포장 - 건조,맑음,교차로 - 교차로안,승용,남,76세,상해없음,보행자,여,64세,중상
14019,2019060300100248,2019년 6월 3일 11시,월요일,서울특별시 강남구 역삼동,중상사고,0,1,0,0,차대사람 - 기타,안전운전불이행,포장 - 건조,맑음,단일로 - 기타,승용,남,64세,상해없음,보행자,여,57세,중상
14020,2019060300100270,2019년 6월 3일 12시,월요일,서울특별시 마포구 염리동,중상사고,0,1,0,0,차대사람 - 횡단중,신호위반,포장 - 건조,맑음,단일로 - 기타,이륜,남,47세,상해없음,보행자,여,47세,중상
14021,2019060300100335,2019년 6월 3일 14시,월요일,서울특별시 노원구 상계동,경상사고,0,0,1,0,차대사람 - 횡단중,안전운전불이행,포장 - 건조,맑음,단일로 - 기타,승용,남,45세,상해없음,보행자,남,12세,경상
14022,2019060300100410,2019년 6월 3일 16시,월요일,서울특별시 은평구 응암동,중상사고,0,1,0,0,차대사람 - 횡단중,신호위반,포장 - 건조,맑음,교차로 - 교차로부근,승합,남,66세,상해없음,보행자,여,51세,중상
14023,2019060300100482,2019년 6월 3일 18시,월요일,서울특별시 종로구 교남동,중상사고,0,1,1,0,차대사람 - 보도통행중,안전운전불이행,포장 - 건조,맑음,기타 - 기타,승용,여,66세,상해없음,보행자,여,29세,중상
14024,2019060300100485,2019년 6월 3일 18시,월요일,서울특별시 은평구 구산동,경상사고,0,0,1,0,차대사람 - 차도통행중,안전운전불이행,포장 - 건조,맑음,단일로 - 기타,승용,여,77세,상해없음,보행자,여,58세,경상
14025,2019060300100524,2019년 6월 3일 19시,월요일,서울특별시 강남구 대치동,경상사고,0,0,1,0,차대사람 - 기타,안전운전불이행,포장 - 건조,맑음,단일로 - 기타,승용,여,63세,상해없음,보행자,남,42세,경상
14026,2019060300100590,2019년 6월 3일 22시,월요일,서울특별시 서대문구 홍은동,경상사고,0,0,2,0,차대사람 - 횡단중,보행자보호의무위반,포장 - 건조,흐림,단일로 - 기타,승용,남,56세,상해없음,보행자,여,15세,경상
14027,2019060300100591,2019년 6월 3일 22시,월요일,서울특별시 서대문구 홍은동,경상사고,0,0,1,0,차대사람 - 횡단중,보행자보호의무위반,포장 - 건조,맑음,교차로 - 교차로횡단보도내,기타불명,기타불명,미분류,기타불명,보행자,남,34세,경상
14028,2019060300100593,2019년 6월 3일 22시,월요일,서울특별시 서초구 서초동,중상사고,0,1,0,0,차대사람 - 기타,안전운전불이행,포장 - 건조,맑음,단일로 - 기타,화물,남,61세,상해없음,보행자,남,53세,중상
14029,2019060400100021,2019년 6월 4일 00시,화요일,서울특별시 관악구 봉천동,경상사고,0,0,1,0,차대사람 - 횡단중,안전운전불이행,포장 - 건조,맑음,단일로 - 기타,승용,남,61세,상해없음,보행자,여,40세,경상
14030,2019060400100022,2019년 6월 4일 00시,화요일,서울특별시 강남구 논현동,경상사고,0,0,1,0,차대사람 - 기타,안전운전불이행,포장 - 건조,맑음,기타 - 기타,승용,남,62세,상해없음,보행자,남,38세,경상
14031,2019060400100049,2019년 6월 4일 04시,화요일,서울특별시 강북구 번동,중상사고,0,1,0,0,차대사람 - 횡단중,보행자보호의무위반,포장 - 건조,맑음,교차로 - 교차로안,승합,남,73세,상해없음,보행자,여,67세,중상
14032,2019060400100064,2019년 6월 4일 06시,화요일,서울특별시 종로구 신문로2가,중상사고,0,1,0,0,차대사람 - 기타,안전운전불이행,포장 - 건조,맑음,단일로 - 지하차도(도로)내,승합,남,60세,상해없음,보행자,여,31세,중상
14033,2019060400100082,2019년 6월 4일 07시,화요일,서울특별시 구로구 궁동,중상사고,0,1,0,0,차대사람 - 횡단중,보행자보호의무위반,포장 - 건조,맑음,교차로 - 교차로횡단보도내,화물,남,35세,상해없음,보행자,여,15세,중상