,사고번호,사고일시,요일,시군구,사고내용,사망자수,중상자수,경상자수,부상신고자수,사고유형,법규위반,노면상태,기상상태,도로형태,가해운전자 차종,가해운전자 성별,가해운전자 연령,가해운전자 상해정도,피해운전자 차종,피해운전자 성별,피해운전자 연령,피해운전자 상해정도
14485,2019062100100049,2019년 6월 21일 02시,금요일,서울특별시 강남구 역삼동,중상사고,0,1,0,0,차대사람 - 횡단중,안전운전불이행,포장 - 건조,맑음,단일로 - 기타,승용,남,61세,상해없음,보행자,여,28세,중상
14486,2019062100100111,2019년 6월 21일 08시,금요일,서울특별시 강동구 성내동,경상사고,0,0,1,0,차대사람 - 보도통행중,기타,포장 - 건조,맑음,기타 - 기타,자전거,여,25세,상해없음,보행자,여,23세,경상
14487,2019062100100112,2019년 6월 21일 08시,금요일,서울특별시 도봉구 방학동,경상사고,0,0,1,0,차대사람 - 횡단중,보행자보호의무위반,포장 - 건조,맑음,교차로 - 교차로횡단보도내,화물,남,70세,상해없음,보행자,여,53세,경상
14488,2019062100100113,2019년 6월 21일 08시,금요일,서울특별시 강남구 대치동,경상사고,0,0,1,0,차대사람 - 보도통행중,기타,포장 - 건조,맑음,기타 - 기타,승용,여,51세,상해없음,보행자,여,30세,경상
14489,2019062100100150,2019년 6월 21일 09시,금요일,서울특별시 송파구 방이동,경상사고,0,0,1,0,차대사람 - 횡단중,신호위반,포장 - 건조,맑음,단일로 - 기타,승용,남,25세,상해없음,보행자,남,25세,경상
14490,2019062100100185,2019년 6월 21일 10시,금요일,서울특별시 강북구 번동,중상사고,0,1,0,0,차대사람 - 횡단중,안전운전불이행,포장 - 건조,맑음,단일로 - 기타,이륜,남,31세,상해없음,보행자,여,65세,중상
14491,2019062100100187,2019년 6월 21일 10시,금요일,서울특별시 성동구 성수동1가,경상사고,0,0,1,0,차대사람 - 길가장자리구역통행중,안전운전불이행,포장 - 건조,맑음,교차로 - 교차로부근,화물,남,61세,상해없음,보행자,여,74세,경상
14492,2019062100100216,2019년 6월 21일 11시,금요일,서울특별시 중랑구 묵동,경상사고,0,0,1,0,차대사람 - 보도통행중,기타,포장 - 건조,맑음,단일로 - 기타,승용,남,57세,상해없음,보행자,여,64세,경상
14493,2019062100100217,2019년 6월 21일 11시,금요일,서울특별시 양천구 신월동,경상사고,0,0,1,0,차대사람 - 보도통행중,기타,포장 - 기타,맑음,단일로 - 기타,화물,남,45세,상해없음,보행자,여,82세,경상
14494,2019062100100276,2019년 6월 21일 13시,금요일,서울특별시 광진구 중곡동,중상사고,0,1,0,0,차대사람 - 기타,안전운전불이행,포장 - 건조,맑음,단일로 - 기타,승합,남,44세,상해없음,보행자,여,76세,중상
14495,2019062100100313,2019년 6월 21일 14시,금요일,서울특별시 영등포구 영등포동4가,중상사고,0,1,0,0,차대사람 - 기타,안전운전불이행,포장 - 건조,맑음,단일로 - 기타,승합,남,56세,상해없음,보행자,여,76세,중상
14496,2019062100100315,2019년 6월 21일 14시,금요일,서울특별시 관악구 봉천동,경상사고,0,0,1,0,차대사람 - 횡단중,안전운전불이행,포장 - 건조,맑음,단일로 - 기타,승용,여,48세,상해없음,보행자,남,83세,경상
14497,2019062100100345,2019년 6월 21일 15시,금요일,서울특별시 성동구 용답동,경상사고,0,0,1,0,차대사람 - 기타,안전운전불이행,포장 - 건조,맑음,단일로 - 기타,화물,남,57세,상해없음,보행자,여,87세,경상
14498,2019062100100346,2019년 6월 21일 15시,금요일,서울특별시 동작구 사당동,경상사고,0,0,1,0,차대사람 - 횡단중,신호위반,포장 - 건조,맑음,교차로 - 교차로횡단보도내,이륜,남,45세,상해없음,보행자,남,9세,경상
14499,2019062100100348,2019년 6월 21일 15시,금요일,서울특별시 노원구 하계동,중상사고,0,1,1,0,차대사람 - 기타,안전운전불이행,포장 - 건조,맑음,단일로 - 기타,승용,여,50세,상해없음,보행자,남,68세,중상
14500,2019062100100349,2019년 6월 21일 15시,금요일,서울특별시 서초구 방배동,사망사고,1,0,0,0,차대사람 - 기타,안전운전불이행,포장 - 건조,맑음,단일로 - 기타,이륜,남,61세,상해없음,보행자,남,63세,사망
14501,2019062100100392,2019년 6월 21일 16시,금요일,서울특별시 영등포구 신길동,경상사고,0,0,1,0,차대사람 - 횡단중,보행자보호의무위반,포장 - 건조,맑음,교차로 - 교차로안,승용,여,46세,상해없음,보행자,남,8세,경상
14502,2019062100100395,2019년 6월 21일 16시,금요일,서울특별시 노원구 공릉동,중상사고,0,1,0,0,차대사람 - 횡단중,안전운전불이행,포장 - 건조,맑음,기타 - 기타,자전거,남,15세,상해없음,보행자,여,72세,중상
14503,2019062100100442,2019년 6월 21일 17시,금요일,서울특별시 구로구 구로동,중상사고,0,1,0,0,차대사람 - 횡단중,안전운전불이행,포장 - 건조,맑음,교차로 - 교차로안,승용,남,39세,상해없음,보행자,남,21세,중상
14504,2019062100100495,2019년 6월 21일 18시,금요일,서울특별시 마포구 창전동,중상사고,0,1,0,0,차대사람 - 횡단중,신호위반,포장 - 건조,맑음,교차로 - 교차로횡단보도내,기타불명,기타불명,미분류,기타불명,보행자,남,43세,중상
14505,2019062100100597,2019년 6월 21일 20시,금요일,서울특별시 강남구 신사동,중상사고,0,1,0,0,차대사람 - 차도통행중,안전운전불이행,포장 - 젖음/습기,맑음,단일로 - 기타,승용,여,29세,상해없음,보행자,여,26세,중상
14506,2019062100100598,2019년 6월 21일 20시,금요일,서울특별시 강서구 방화동,부상신고사고,0,0,0,1,차대사람 - 차도통행중,안전운전불이행,포장 - 건조,흐림,교차로 - 교차로안,승용,남,41세,상해없음,보행자,여,77세,부상신고
14507,2019062100100601,2019년 6월 21일 20시,금요일,서울특별시 강남구 대치동,경상사고,0,0,1,0,차대사람 - 기타,안전운전불이행,포장 - 건조,맑음,단일로 - 기타,승용,남,71세,상해없음,보행자,여,15세,경상
14508,2019062100100638,2019년 6월 21일 21시,금요일,서울특별시 동대문구 이문동,중상사고,0,1,0,0,차대사람 - 횡단중,안전운전불이행,포장 - 건조,맑음,단일로 - 기타,승용,남,31세,상해없음,보행자,여,13세,중상
14509,2019062100100641,2019년 6월 21일 21시,금요일,서울특별시 중랑구 상봉동,경상사고,0,0,1,0,차대사람 - 기타,보행자보호의무위반,포장 - 건조,맑음,단일로 - 기타,이륜,남,46세,상해없음,보행자,남,27세,경상
14510,2019062100100643,2019년 6월 21일 21시,금요일,서울특별시 강동구 암사동,경상사고,0,0,1,0,차대사람 - 횡단중,보행자보호의무위반,포장 - 건조,맑음,교차로 - 교차로횡단보도내,이륜,남,18세,상해없음,보행자,여,6세,경상
14511,2019062100100646,2019년 6월 21일 21시,금요일,서울특별시 노원구 월계동,경상사고,0,0,1,0,차대사람 - 차도통행중,안전운전불이행,포장 - 건조,맑음,교차로 - 교차로안,승용,남,62세,상해없음,보행자,남,18세,경상
14512,2019062100100688,2019년 6월 21일 22시,금요일,서울특별시 송파구 가락동,경상사고,0,0,1,0,차대사람 - 기타,안전운전불이행,포장 - 건조,맑음,단일로 - 기타,승용,남,32세,상해없음,보행자,남,32세,경상
14513,2019062100100689,2019년 6월 21일 22시,금요일,서울특별시 양천구 신정동,경상사고,0,0,1,0,차대사람 - 기타,안전운전불이행,포장 - 건조,맑음,단일로 - 기타,승용,여,36세,상해없음,보행자,남,55세,경상
14514,2019062100100720,2019년 6월 21일 23시,금요일,서울특별시 동대문구 휘경동,경상사고,0,0,1,3,차대사람 - 기타,안전운전불이행,포장 - 건조,맑음,단일로 - 기타,승용,남,64세,상해없음,보행자,남,20세,부상신고
14515,2019062100100725,2019년 6월 21일 23시,금요일,서울특별시 동작구 대방동,부상신고사고,0,0,0,1,차대사람 - 기타,안전운전불이행,포장 - 건조,맑음,기타 - 기타,승용,남,44세,상해없음,보행자,여,25세,부상신고
14516,2019062200100071,2019년 6월 22일 02시,토요일,서울특별시 마포구 상수동,부상신고사고,0,0,0,2,차대사람 - 횡단중,안전운전불이행,포장 - 건조,맑음,단일로 - 기타,승용,남,68세,상해없음,보행자,남,24세,부상신고
14517,2019062200100072,2019년 6월 22일 02시,토요일,서울특별시 마포구 도화동,경상사고,0,0,1,0,차대사람 - 기타,안전운전불이행,포장 - 건조,맑음,교차로 - 교차로안,승합,남,49세,상해없음,보행자,남,21세,경상
14518,2019062200100092,2019년 6월 22일 03시,토요일,서울특별시 용산구 이태원동,경상사고,0,0,1,0,차대사람 - 기타,안전운전불이행,포장 - 건조,맑음,기타 - 기타,승용,남,67세,상해없음,보행자,남,27세,경상
14519,2019062200100096,2019년 6월 22일 03시,토요일,서울특별시 구로구 구로동,중상사고,0,1,0,0,차대사람 - 차도통행중,안전운전불이행,포장 - 건조,맑음,교차로 - 교차로안,승용,남,64세,상해없음,보행자,남,29세,중상
14520,2019062200100126,2019년 6월 22일 05시,토요일,서울특별시 강동구 상일동,경상사고,0,0,1,0,차대사람 - 기타,기타,포장 - 건조,맑음,단일로 - 기타,승합,남,56세,상해없음,보행자,남,49세,경상
14521,2019062200100161,2019년 6월 22일 08시,토요일,서울특별시 강동구 천호동,중상사고,0,1,0,0,차대사람 - 횡단중,안전운전불이행,포장 - 건조,맑음,교차로 - 교차로안,화물,남,62세,상해없음,보행자,여,81세,중상
14522,2019062200100176,2019년 6월 22일 09시,토요일,서울특별시 서초구 서초동,경상사고,0,0,1,0,차대사람 - 기타,안전운전불이행,포장 - 건조,맑음,주차장 - 주차장,승용,여,41세,상해없음,보행자,여,57세,경상
14523,2019062200100204,2019년 6월 22일 10시,토요일,서울특별시 양천구 신정동,부상신고사고,0,0,0,1,차대사람 - 기타,안전운전불이행,포장 - 건조,맑음,단일로 - 기타,승합,남,69세,상해없음,보행자,여,60세,부상신고
14524,2019062200100233,2019년 6월 22일 11시,토요일,서울특별시 종로구 관훈동,중상사고,0,1,0,0,차대사람 - 보도통행중,기타,포장 - 건조,맑음,단일로 - 지하차도(도로)내,화물,남,30세,상해없음,보행자,여,44세,중상
14525,2019062200100234,2019년 6월 22일 11시,토요일,서울특별시 서대문구 북가좌동,중상사고,0,1,0,0,차대사람 - 기타,안전운전불이행,포장 - 건조,맑음,교차로 - 교차로부근,화물,남,42세,상해없음,보행자,여,81세,중상
14526,2019062200100244,2019년 6월 22일 11시,토요일,서울특별시 양천구 신월동,경상사고,0,0,1,0,차대사람 - 기타,안전운전불이행,포장 - 건조,맑음,단일로 - 기타,승용,남,56세,상해없음,보행자,여,57세,경상
14527,2019062200100281,2019년 6월 22일 12시,토요일,서울특별시 송파구 송파동,경상사고,0,0,1,0,차대사람 - 기타,안전운전불이행,포장 - 건조,맑음,단일로 - 기타,승용,남,39세,상해없음,보행자,남,9세,경상
14528,2019062200100284,2019년 6월 22일 12시,토요일,서울특별시 양천구 신정동,부상신고사고,0,0,0,1,차대사람 - 기타,안전운전불이행,포장 - 건조,맑음,단일로 - 기타,승용,여,44세,상해없음,보행자,여,16세,부상신고
14529,2019062200100330,2019년 6월 22일 13시,토요일,서울특별시 종로구 혜화동,부상신고사고,0,0,0,1,차대사람 - 횡단중,보행자보호의무위반,포장 - 건조,맑음,교차로 - 교차로횡단보도내,자전거,여,26세,상해없음,보행자,여,72세,부상신고
14530,2019062200100331,2019년 6월 22일 13시,토요일,서울특별시 강북구 미아동,중상사고,0,2,0,0,차대사람 - 횡단중,신호위반,포장 - 건조,맑음,단일로 - 기타,승용,남,42세,상해없음,보행자,여,59세,중상
14531,2019062200100334,2019년 6월 22일 13시,토요일,서울특별시 은평구 갈현동,경상사고,0,0,1,0,차대사람 - 기타,안전운전불이행,포장 - 건조,맑음,단일로 - 기타,승용,남,65세,상해없음,보행자,남,51세,경상
14532,2019062200100413,2019년 6월 22일 15시,토요일,서울특별시 강북구 번동,중상사고,0,1,0,0,차대사람 - 횡단중,보행자보호의무위반,포장 - 건조,맑음,교차로 - 교차로안,승용,남,63세,상해없음,보행자,남,69세,중상
14533,2019062200100416,2019년 6월 22일 15시,토요일,서울특별시 강남구 역삼동,경상사고,0,0,1,0,차대사람 - 기타,안전운전불이행,포장 - 건조,맑음,단일로 - 기타,승용,남,28세,상해없음,보행자,남,37세,경상
14534,2019062200100503,2019년 6월 22일 17시,토요일,서울특별시 강동구 천호동,경상사고,0,0,1,0,차대사람 - 횡단중,보행자보호의무위반,포장 - 건조,맑음,교차로 - 교차로횡단보도내,승용,남,54세,상해없음,보행자,여,66세,경상
14535,2019062200100547,2019년 6월 22일 18시,토요일,서울특별시 은평구 역촌동,경상사고,0,0,1,0,차대사람 - 횡단중,안전운전불이행,포장 - 건조,맑음,단일로 - 기타,승용,남,33세,상해없음,보행자,여,8세,경상
14536,2019062200100580,2019년 6월 22일 19시,토요일,서울특별시 송파구 신천동,중상사고,0,1,0,0,차대사람 - 보도통행중,안전운전불이행,포장 - 건조,맑음,단일로 - 기타,원동기,남,27세,상해없음,보행자,남,4세,중상
14537,2019062200100597,2019년 6월 22일 20시,토요일,서울특별시 용산구 갈월동,경상사고,0,0,1,0,차대사람 - 기타,안전운전불이행,포장 - 건조,맑음,교차로 - 교차로부근,기타불명,기타불명,미분류,기타불명,보행자,남,81세,경상
14538,2019062200100598,2019년 6월 22일 20시,토요일,서울특별시 강북구 수유동,경상사고,0,0,1,0,차대사람 - 횡단중,안전운전불이행,포장 - 건조,맑음,단일로 - 기타,승용,여,59세,상해없음,보행자,여,6세,경상
14539,2019062200100601,2019년 6월 22일 20시,토요일,서울특별시 금천구 시흥동,경상사고,0,0,1,0,차대사람 - 기타,안전운전불이행,포장 - 건조,맑음,교차로 - 교차로부근,이륜,남,17세,기타불명,보행자,여,71세,경상
14540,2019062200100602,2019년 6월 22일 20시,토요일,서울특별시 서초구 서초동,경상사고,0,0,1,0,차대사람 - 횡단중,보행자보호의무위반,포장 - 건조,맑음,교차로 - 교차로안,승용,남,54세,상해없음,보행자,여,30세,경상
14541,2019062200100645,2019년 6월 22일 21시,토요일,서울특별시 마포구 서교동,중상사고,0,1,0,0,차대사람 - 기타,안전운전불이행,포장 - 건조,기타,단일로 - 기타,승용,여,21세,상해없음,보행자,여,20세,중상
14542,2019062200100649,2019년 6월 22일 21시,토요일,서울특별시 관악구 신림동,경상사고,0,0,1,0,차대사람 - 기타,보행자보호의무위반,포장 - 건조,맑음,기타 - 기타,승용,남,45세,상해없음,보행자,여,80세,경상
14543,2019062200100650,2019년 6월 22일 21시,토요일,서울특별시 강남구 논현동,중상사고,0,1,0,0,차대사람 - 차도통행중,안전운전불이행,포장 - 건조,흐림,단일로 - 기타,승용,남,63세,상해없음,보행자,남,23세,중상
14544,2019062200100652,2019년 6월 22일 21시,토요일,서울특별시 송파구 방이동,경상사고,0,0,1,0,차대사람 - 기타,안전운전불이행,포장 - 건조,맑음,기타 - 기타,승용,여,30세,상해없음,보행자,남,23세,경상
14545,2019062200100687,2019년 6월 22일 22시,토요일,서울특별시 광진구 광장동,경상사고,0,0,1,0,차대사람 - 횡단중,안전운전불이행,포장 - 건조,맑음,단일로 - 기타,승용,남,28세,상해없음,보행자,남,41세,경상
14546,2019062200100688,2019년 6월 22일 22시,토요일,서울특별시 강남구 청담동,부상신고사고,0,0,0,1,차대사람 - 길가장자리구역통행중,안전운전불이행,포장 - 건조,맑음,교차로 - 교차로안,기타불명,기타불명,미분류,기타불명,보행자,남,25세,부상신고
14547,2019062300100024,2019년 6월 23일 00시,일요일,서울특별시 강북구 번동,경상사고,0,0,1,0,차대사람 - 횡단중,안전운전불이행,포장 - 건조,맑음,교차로 - 교차로안,이륜,남,22세,상해없음,보행자,여,90세 이상,경상
14548,2019062300100058,2019년 6월 23일 02시,일요일,서울특별시 중구 남대문로5가,중상사고,0,1,0,0,차대사람 - 횡단중,안전운전불이행,포장 - 건조,맑음,단일로 - 기타,승용,남,60세,상해없음,보행자,남,24세,중상
14549,2019062300100059,2019년 6월 23일 02시,일요일,서울특별시 중랑구 면목동,경상사고,0,0,1,0,차대사람 - 기타,안전운전불이행,포장 - 건조,맑음,단일로 - 기타,승용,남,59세,상해없음,보행자,남,6세,경상
14550,2019062300100087,2019년 6월 23일 04시,일요일,서울특별시 노원구 하계동,중상사고,0,1,0,0,차대사람 - 횡단중,안전운전불이행,포장 - 건조,맑음,기타 - 기타,승용,남,65세,상해없음,보행자,여,64세,중상
14551,2019062300100098,2019년 6월 23일 05시,일요일,서울특별시 관악구 신림동,중상사고,0,1,0,0,차대사람 - 기타,안전운전불이행,포장 - 건조,맑음,교차로 - 교차로부근,승용,남,25세,상해없음,보행자,남,74세,중상
14552,2019062300100116,2019년 6월 23일 07시,일요일,서울특별시 서대문구 홍제동,중상사고,0,1,0,0,차대사람 - 횡단중,안전운전불이행,포장 - 건조,맑음,단일로 - 기타,승용,남,71세,상해없음,보행자,여,23세,중상
14553,2019062300100128,2019년 6월 23일 08시,일요일,서울특별시 성동구 성수동1가,중상사고,0,1,0,0,차대사람 - 횡단중,신호위반,포장 - 건조,맑음,단일로 - 기타,승용,남,81세,상해없음,보행자,여,51세,중상
14554,2019062300100188,2019년 6월 23일 11시,일요일,서울특별시 강동구 명일동,부상신고사고,0,0,0,1,차대사람 - 차도통행중,안전운전불이행,포장 - 건조,맑음,단일로 - 기타,승용,남,51세,상해없음,보행자,남,41세,부상신고
14555,2019062300100326,2019년 6월 23일 15시,일요일,서울특별시 마포구 동교동,경상사고,0,0,1,0,차대사람 - 기타,안전운전불이행,포장 - 건조,맑음,교차로 - 교차로안,개인형이동수단(PM),남,24세,상해없음,보행자,여,55세,경상
14556,2019062300100366,2019년 6월 23일 16시,일요일,서울특별시 마포구 망원동,중상사고,0,1,0,1,차대사람 - 기타,안전운전불이행,포장 - 건조,맑음,단일로 - 기타,자전거,남,43세,부상신고,보행자,여,66세,중상
14557,2019062300100367,2019년 6월 23일 16시,일요일,서울특별시 금천구 시흥동,중상사고,0,1,0,0,차대사람 - 횡단중,안전운전불이행,포장 - 건조,맑음,단일로 - 기타,이륜,남,17세,상해없음,보행자,여,51세,중상
14558,2019062300100368,2019년 6월 23일 16시,일요일,서울특별시 강남구 신사동,경상사고,0,0,1,0,차대사람 - 기타,기타,포장 - 건조,맑음,단일로 - 기타,승용,여,56세,상해없음,보행자,여,23세,경상
14559,2019062300100409,2019년 6월 23일 17시,일요일,서울특별시 강서구 화곡동,부상신고사고,0,0,0,1,차대사람 - 기타,안전운전불이행,포장 - 건조,맑음,단일로 - 기타,승용,남,78세,상해없음,보행자,남,9세,부상신고
14560,2019062300100412,2019년 6월 23일 17시,일요일,서울특별시 노원구 공릉동,중상사고,0,1,0,0,차대사람 - 횡단중,안전운전불이행,포장 - 건조,맑음,교차로 - 교차로부근,승합,남,54세,상해없음,보행자,여,69세,중상
14561,2019062300100483,2019년 6월 23일 19시,일요일,서울특별시 양천구 신월동,중상사고,0,1,0,0,차대사람 - 횡단중,안전운전불이행,포장 - 건조,맑음,단일로 - 기타,승용,남,34세,상해없음,보행자,여,11세,중상
14562,2019062300100511,2019년 6월 23일 20시,일요일,서울특별시 중구 황학동,경상사고,0,0,1,0,차대사람 - 기타,안전운전불이행,포장 - 건조,맑음,단일로 - 기타,화물,남,55세,상해없음,보행자,여,35세,경상
14563,2019062300100568,2019년 6월 23일 22시,일요일,서울특별시 광진구 화양동,경상사고,0,0,1,0,차대사람 - 기타,안전운전불이행,포장 - 건조,맑음,단일로 - 기타,승용,남,26세,상해없음,보행자,여,38세,경상
14564,2019062400100081,2019년 6월 24일 07시,월요일,서울특별시 종로구 연건동,경상사고,0,0,1,0,차대사람 - 횡단중,안전운전불이행,포장 - 건조,맑음,교차로 - 교차로안,승용,남,68세,상해없음,보행자,여,36세,경상
14565,2019062400100083,2019년 6월 24일 07시,월요일,서울특별시 강서구 화곡동,중상사고,0,1,0,0,차대사람 - 차도통행중,안전운전불이행,포장 - 건조,맑음,교차로 - 교차로안,승합,남,63세,상해없음,보행자,여,72세,중상
14566,2019062400100084,2019년 6월 24일 07시,월요일,서울특별시 서초구 양재동,부상신고사고,0,0,0,1,차대사람 - 기타,안전운전불이행,포장 - 건조,맑음,단일로 - 기타,승용,남,74세,기타불명,보행자,여,35세,부상신고
14567,2019062400100108,2019년 6월 24일 08시,월요일,서울특별시 동대문구 신설동,경상사고,0,0,1,0,차대사람 - 기타,안전운전불이행,포장 - 건조,맑음,단일로 - 기타,화물,남,59세,상해없음,보행자,여,23세,경상
14568,2019062400100115,2019년 6월 24일 08시,월요일,서울특별시 노원구 공릉동,중상사고,0,1,0,0,차대사람 - 횡단중,안전운전불이행,포장 - 건조,맑음,교차로 - 교차로안,승용,남,67세,상해없음,보행자,남,59세,중상
14569,2019062400100171,2019년 6월 24일 09시,월요일,서울특별시 용산구 이태원동,경상사고,0,0,1,0,차대사람 - 기타,안전운전불이행,포장 - 건조,맑음,단일로 - 기타,기타불명,기타불명,미분류,기타불명,보행자,여,21세,경상
14570,2019062400100176,2019년 6월 24일 09시,월요일,서울특별시 양천구 신월동,경상사고,0,0,1,0,차대사람 - 횡단중,안전운전불이행,포장 - 건조,맑음,교차로 - 교차로안,승용,남,55세,상해없음,보행자,남,47세,경상
14571,2019062400100178,2019년 6월 24일 09시,월요일,서울특별시 도봉구 도봉동,경상사고,0,0,1,0,차대사람 - 횡단중,안전운전불이행,포장 - 건조,맑음,교차로 - 교차로안,승용,남,36세,상해없음,보행자,여,47세,경상
14572,2019062400100212,2019년 6월 24일 10시,월요일,서울특별시 강서구 등촌동,중상사고,0,1,0,0,차대사람 - 차도통행중,안전운전불이행,포장 - 건조,맑음,교차로 - 교차로안,승용,여,41세,상해없음,보행자,여,80세,중상
14573,2019062400100213,2019년 6월 24일 10시,월요일,서울특별시 강서구 화곡동,경상사고,0,0,1,0,차대사람 - 기타,불법유턴,포장 - 건조,맑음,단일로 - 기타,승용,여,27세,상해없음,보행자,여,51세,경상
14574,2019062400100318,2019년 6월 24일 13시,월요일,서울특별시 용산구 한남동,경상사고,0,0,1,0,차대사람 - 기타,안전운전불이행,포장 - 건조,맑음,단일로 - 기타,승용,남,65세,상해없음,보행자,여,29세,경상
14575,2019062400100595,2019년 6월 24일 19시,월요일,서울특별시 중랑구 상봉동,경상사고,0,0,1,0,차대사람 - 횡단중,보행자보호의무위반,포장 - 건조,맑음,교차로 - 교차로횡단보도내,이륜,남,32세,상해없음,보행자,남,8세,경상
14576,2019062400100597,2019년 6월 24일 19시,월요일,서울특별시 강남구 대치동,경상사고,0,0,1,0,차대사람 - 길가장자리구역통행중,안전운전불이행,포장 - 건조,맑음,교차로 - 교차로안,승용,여,62세,상해없음,보행자,여,46세,경상
14577,2019062400100659,2019년 6월 24일 21시,월요일,서울특별시 동작구 사당동,중상사고,0,4,12,0,차대사람 - 기타,안전운전불이행,포장 - 건조,맑음,단일로 - 기타,승용,남,54세,상해없음,보행자,여,31세,중상
14578,2019062400100685,2019년 6월 24일 22시,월요일,서울특별시 마포구 동교동,경상사고,0,0,1,0,차대사람 - 기타,안전운전불이행,포장 - 건조,맑음,단일로 - 기타,승용,여,35세,상해없음,보행자,여,27세,경상
14579,2019062400100689,2019년 6월 24일 22시,월요일,서울특별시 송파구 송파동,중상사고,0,1,0,0,차대사람 - 횡단중,보행자보호의무위반,포장 - 건조,맑음,교차로 - 교차로횡단보도내,이륜,여,58세,상해없음,보행자,여,49세,중상
14580,2019062500100023,2019년 6월 25일 00시,화요일,서울특별시 광진구 자양동,경상사고,0,0,2,0,차대사람 - 횡단중,신호위반,포장 - 건조,맑음,교차로 - 교차로횡단보도내,승용,남,54세,상해없음,보행자,남,19세,경상
14581,2019062500100050,2019년 6월 25일 03시,화요일,서울특별시 구로구 개봉동,중상사고,0,1,0,0,차대사람 - 차도통행중,안전운전불이행,포장 - 건조,맑음,교차로 - 교차로안,화물,남,32세,상해없음,보행자,남,51세,중상
14582,2019062500100071,2019년 6월 25일 06시,화요일,서울특별시 관악구 봉천동,중상사고,0,1,0,0,차대사람 - 횡단중,신호위반,포장 - 건조,맑음,단일로 - 기타,이륜,남,26세,상해없음,보행자,여,35세,중상
14583,2019062500100073,2019년 6월 25일 06시,화요일,서울특별시 노원구 월계동,경상사고,0,0,1,0,차대사람 - 기타,안전운전불이행,포장 - 건조,맑음,단일로 - 기타,승용,남,39세,상해없음,보행자,여,61세,경상
14584,2019062500100083,2019년 6월 25일 07시,화요일,서울특별시 종로구 세종로,중상사고,0,1,0,0,차대사람 - 기타,신호위반,포장 - 건조,맑음,교차로 - 교차로안,승용,남,46세,상해없음,보행자,남,54세,중상
14585,2019062500100087,2019년 6월 25일 07시,화요일,서울특별시 관악구 신림동,경상사고,0,0,1,0,차대사람 - 기타,안전운전불이행,포장 - 건조,맑음,교차로 - 교차로부근,화물,남,59세,상해없음,보행자,여,64세,경상
14586,2019062500100090,2019년 6월 25일 07시,화요일,서울특별시 노원구 중계동,부상신고사고,0,0,0,1,차대사람 - 기타,안전운전불이행,포장 - 건조,맑음,단일로 - 기타,승용,남,76세,상해없음,보행자,남,17세,부상신고
14587,2019062500100121,2019년 6월 25일 08시,화요일,서울특별시 노원구 하계동,경상사고,0,0,2,0,차대사람 - 횡단중,안전운전불이행,포장 - 건조,맑음,교차로 - 교차로횡단보도내,승용,여,56세,상해없음,보행자,남,15세,경상
14588,2019062500100172,2019년 6월 25일 09시,화요일,서울특별시 동대문구 장안동,부상신고사고,0,0,0,1,차대사람 - 길가장자리구역통행중,안전운전불이행,포장 - 건조,맑음,교차로 - 교차로부근,화물,남,47세,상해없음,보행자,남,77세,부상신고
14589,2019062500100204,2019년 6월 25일 10시,화요일,서울특별시 성북구 성북동,경상사고,0,0,1,0,차대사람 - 횡단중,보행자보호의무위반,포장 - 건조,맑음,교차로 - 교차로부근,승용,남,64세,상해없음,보행자,남,66세,경상
14590,2019062500100205,2019년 6월 25일 10시,화요일,서울특별시 성동구 사근동,경상사고,0,0,1,0,차대사람 - 횡단중,안전운전불이행,포장 - 건조,맑음,교차로 - 교차로부근,승용,남,52세,상해없음,보행자,여,20세,경상
14591,2019062500100235,2019년 6월 25일 11시,화요일,서울특별시 종로구 낙원동,중상사고,0,1,0,0,차대사람 - 차도통행중,안전운전불이행,포장 - 건조,맑음,단일로 - 기타,승용,여,69세,상해없음,보행자,남,78세,중상
14592,2019062500100236,2019년 6월 25일 11시,화요일,서울특별시 영등포구 문래동6가,경상사고,0,0,2,0,차대사람 - 횡단중,보행자보호의무위반,포장 - 건조,맑음,교차로 - 교차로횡단보도내,자전거,여,45세,경상,보행자,여,23세,경상
14593,2019062500100239,2019년 6월 25일 11시,화요일,서울특별시 구로구 개봉동,경상사고,0,0,1,0,차대사람 - 길가장자리구역통행중,안전운전불이행,포장 - 건조,맑음,기타 - 기타,승용,남,52세,상해없음,보행자,남,63세,경상
14594,2019062500100240,2019년 6월 25일 11시,화요일,서울특별시 양천구 신월동,중상사고,0,1,0,0,차대사람 - 횡단중,안전운전불이행,포장 - 건조,맑음,단일로 - 기타,승용,여,42세,상해없음,보행자,여,78세,중상
14595,2019062500100296,2019년 6월 25일 13시,화요일,서울특별시 중구 소공동,경상사고,0,0,1,0,차대사람 - 기타,안전운전불이행,포장 - 건조,맑음,단일로 - 기타,승합,남,60세,상해없음,보행자,남,29세,경상
14596,2019062500100298,2019년 6월 25일 13시,화요일,서울특별시 성동구 성수동2가,경상사고,0,0,1,0,차대사람 - 길가장자리구역통행중,안전운전불이행,포장 - 건조,맑음,단일로 - 기타,이륜,여,74세,상해없음,보행자,여,41세,경상