,사고번호,사고일시,요일,시군구,사고내용,사망자수,중상자수,경상자수,부상신고자수,사고유형,법규위반,노면상태,기상상태,도로형태,가해운전자 차종,가해운전자 성별,가해운전자 연령,가해운전자 상해정도,피해운전자 차종,피해운전자 성별,피해운전자 연령,피해운전자 상해정도
14937,2019070700100358,2019년 7월 7일 17시,일요일,서울특별시 광진구 화양동,경상사고,0,0,1,0,차대사람 - 기타,안전운전불이행,포장 - 건조,맑음,단일로 - 기타,승용,여,51세,상해없음,보행자,남,23세,경상
14938,2019070700100359,2019년 7월 7일 17시,일요일,서울특별시 동작구 신대방동,부상신고사고,0,0,0,1,차대사람 - 기타,안전운전불이행,포장 - 건조,맑음,단일로 - 기타,자전거,남,9세,상해없음,보행자,남,84세,부상신고
14939,2019070700100361,2019년 7월 7일 17시,일요일,서울특별시 강남구 대치동,중상사고,0,1,1,0,차대사람 - 기타,안전운전불이행,포장 - 건조,맑음,단일로 - 기타,자전거,남,51세,중상,보행자,여,26세,경상
14940,2019070700100415,2019년 7월 7일 19시,일요일,서울특별시 노원구 중계동,중상사고,0,1,0,0,차대사람 - 기타,안전운전불이행,포장 - 건조,맑음,기타 - 기타,자전거,여,10세,상해없음,보행자,여,45세,중상
14941,2019070700100435,2019년 7월 7일 20시,일요일,서울특별시 영등포구 여의도동,경상사고,0,0,2,0,차대사람 - 기타,안전운전불이행,포장 - 건조,맑음,단일로 - 기타,자전거,남,6세,경상,보행자,남,5세,경상
14942,2019070700100436,2019년 7월 7일 20시,일요일,서울특별시 영등포구 대림동,중상사고,0,2,0,0,차대사람 - 기타,안전운전불이행,포장 - 건조,맑음,단일로 - 기타,승용,여,51세,상해없음,보행자,여,84세,중상
14943,2019070800100041,2019년 7월 8일 02시,월요일,서울특별시 강남구 논현동,경상사고,0,0,1,0,차대사람 - 기타,안전운전불이행,포장 - 건조,맑음,교차로 - 교차로부근,승용,남,21세,상해없음,보행자,남,34세,경상
14944,2019070800100082,2019년 7월 8일 07시,월요일,서울특별시 강남구 도곡동,부상신고사고,0,0,0,1,차대사람 - 보도통행중,안전운전불이행,포장 - 건조,맑음,기타 - 기타,자전거,남,86세,부상신고,보행자,여,61세,상해없음
14945,2019070800100103,2019년 7월 8일 08시,월요일,서울특별시 영등포구 당산동5가,중상사고,0,1,0,0,차대사람 - 기타,보행자보호의무위반,포장 - 건조,맑음,단일로 - 기타,승용,여,33세,상해없음,보행자,여,28세,중상
14946,2019070800100104,2019년 7월 8일 08시,월요일,서울특별시 영등포구 당산동2가,경상사고,0,0,1,0,차대사람 - 보도통행중,보행자보호의무위반,포장 - 건조,맑음,교차로 - 교차로횡단보도내,화물,남,52세,상해없음,보행자,여,48세,경상
14947,2019070800100164,2019년 7월 8일 09시,월요일,서울특별시 강남구 삼성동,경상사고,0,0,1,0,차대사람 - 기타,안전운전불이행,포장 - 기타,맑음,단일로 - 기타,승용,남,57세,상해없음,보행자,여,59세,경상
14948,2019070800100195,2019년 7월 8일 10시,월요일,서울특별시 중구 남창동,부상신고사고,0,0,0,1,차대사람 - 기타,안전운전불이행,포장 - 건조,맑음,단일로 - 기타,승합,남,36세,상해없음,보행자,남,53세,부상신고
14949,2019070800100203,2019년 7월 8일 10시,월요일,서울특별시 강남구 일원동,중상사고,0,1,1,0,차대사람 - 횡단중,안전운전불이행,포장 - 건조,맑음,교차로 - 교차로안,화물,남,37세,상해없음,보행자,여,61세,중상
14950,2019070800100229,2019년 7월 8일 11시,월요일,서울특별시 중구 남대문로5가,부상신고사고,0,0,0,1,차대사람 - 기타,안전운전불이행,포장 - 건조,맑음,단일로 - 기타,승합,남,54세,상해없음,보행자,남,48세,부상신고
14951,2019070800100301,2019년 7월 8일 13시,월요일,서울특별시 영등포구 대림동,경상사고,0,0,1,1,차대사람 - 기타,안전운전불이행,포장 - 건조,맑음,교차로 - 교차로부근,승용,남,70세,부상신고,보행자,남,50세,상해없음
14952,2019070800100303,2019년 7월 8일 13시,월요일,서울특별시 관악구 신림동,경상사고,0,0,1,0,차대사람 - 횡단중,신호위반,포장 - 건조,맑음,교차로 - 교차로안,승합,남,62세,상해없음,보행자,여,81세,경상
14953,2019070800100306,2019년 7월 8일 13시,월요일,서울특별시 송파구 가락동,부상신고사고,0,0,0,1,차대사람 - 보도통행중,안전운전불이행,포장 - 건조,맑음,단일로 - 기타,자전거,기타불명,미분류,기타불명,보행자,남,9세,부상신고
14954,2019070800100328,2019년 7월 8일 14시,월요일,서울특별시 용산구 한남동,부상신고사고,0,0,0,1,차대사람 - 차도통행중,안전운전불이행,포장 - 건조,맑음,단일로 - 기타,기타불명,기타불명,미분류,기타불명,보행자,여,45세,부상신고
14955,2019070800100358,2019년 7월 8일 15시,월요일,서울특별시 동대문구 전농동,중상사고,0,1,0,0,차대사람 - 기타,안전운전불이행,포장 - 건조,맑음,교차로 - 교차로부근,승용,남,55세,상해없음,보행자,여,66세,중상
14956,2019070800100392,2019년 7월 8일 16시,월요일,서울특별시 서대문구 충정로2가,중상사고,0,1,0,0,차대사람 - 횡단중,안전운전불이행,포장 - 건조,맑음,교차로 - 교차로안,승용,여,49세,상해없음,보행자,남,12세,중상
14957,2019070800100396,2019년 7월 8일 16시,월요일,서울특별시 성북구 장위동,경상사고,0,0,1,0,차대사람 - 횡단중,안전운전불이행,포장 - 건조,맑음,단일로 - 기타,승용,남,29세,상해없음,보행자,남,47세,경상
14958,2019070800100398,2019년 7월 8일 16시,월요일,서울특별시 서초구 서초동,경상사고,0,0,1,0,차대사람 - 기타,안전운전불이행,포장 - 건조,맑음,기타 - 기타,승용,여,45세,기타불명,보행자,남,61세,경상
14959,2019070800100432,2019년 7월 8일 17시,월요일,서울특별시 중구 충무로2가,경상사고,0,0,1,0,차대사람 - 기타,안전운전불이행,포장 - 건조,맑음,단일로 - 기타,건설기계,남,36세,상해없음,보행자,남,34세,경상
14960,2019070800100433,2019년 7월 8일 17시,월요일,서울특별시 강북구 미아동,경상사고,0,0,1,0,차대사람 - 횡단중,안전운전불이행,포장 - 건조,맑음,단일로 - 기타,승합,남,63세,상해없음,보행자,남,50세,상해없음
14961,2019070800100434,2019년 7월 8일 17시,월요일,서울특별시 동대문구 장안동,경상사고,0,0,1,0,차대사람 - 횡단중,보행자보호의무위반,포장 - 건조,맑음,교차로 - 교차로횡단보도내,자전거,기타불명,미분류,기타불명,보행자,남,6세,경상
14962,2019070800100435,2019년 7월 8일 17시,월요일,서울특별시 광진구 구의동,중상사고,0,1,0,0,차대사람 - 횡단중,신호위반,포장 - 건조,맑음,단일로 - 기타,승용,남,45세,상해없음,보행자,여,55세,중상
14963,2019070800100439,2019년 7월 8일 17시,월요일,서울특별시 강동구 성내동,경상사고,0,0,1,0,차대사람 - 기타,안전운전불이행,포장 - 건조,맑음,교차로 - 교차로안,승용,남,37세,상해없음,보행자,남,41세,경상
14964,2019070800100468,2019년 7월 8일 18시,월요일,서울특별시 광진구 화양동,경상사고,0,0,1,0,차대사람 - 차도통행중,안전운전불이행,포장 - 건조,맑음,단일로 - 기타,승용,여,21세,상해없음,보행자,여,23세,경상
14965,2019070800100469,2019년 7월 8일 18시,월요일,서울특별시 광진구 자양동,경상사고,0,0,1,0,차대사람 - 차도통행중,안전운전불이행,포장 - 건조,맑음,단일로 - 기타,승용,남,34세,상해없음,보행자,남,63세,경상
14966,2019070800100476,2019년 7월 8일 18시,월요일,서울특별시 노원구 상계동,중상사고,0,1,0,0,차대사람 - 차도통행중,안전운전불이행,포장 - 건조,맑음,단일로 - 기타,승용,남,41세,상해없음,보행자,여,56세,중상
14967,2019070800100541,2019년 7월 8일 20시,월요일,서울특별시 종로구 행촌동,중상사고,0,1,0,0,차대사람 - 차도통행중,안전운전불이행,포장 - 건조,맑음,교차로 - 교차로부근,승용,남,50세,상해없음,보행자,남,76세,중상
14968,2019070800100605,2019년 7월 8일 23시,월요일,서울특별시 강서구 화곡동,중상사고,0,1,0,0,차대사람 - 기타,안전운전불이행,포장 - 건조,맑음,교차로 - 교차로안,승용,남,62세,상해없음,보행자,남,57세,중상
14969,2019070900100042,2019년 7월 9일 02시,화요일,서울특별시 종로구 낙원동,중상사고,0,1,0,0,차대사람 - 기타,안전운전불이행,포장 - 건조,맑음,단일로 - 기타,승용,남,49세,상해없음,보행자,남,30세,중상
14970,2019070900100046,2019년 7월 9일 02시,화요일,서울특별시 강동구 성내동,사망사고,1,0,0,0,차대사람 - 횡단중,과속,포장 - 건조,맑음,교차로 - 교차로안,승용,남,48세,상해없음,보행자,남,74세,사망
14971,2019070900100047,2019년 7월 9일 02시,화요일,서울특별시 은평구 불광동,중상사고,0,1,0,0,차대사람 - 횡단중,신호위반,포장 - 건조,맑음,교차로 - 교차로횡단보도내,화물,남,69세,상해없음,보행자,여,36세,중상
14972,2019070900100056,2019년 7월 9일 05시,화요일,서울특별시 중구 필동2가,중상사고,0,1,0,0,차대사람 - 기타,안전운전불이행,포장 - 건조,맑음,단일로 - 기타,화물,남,43세,상해없음,보행자,여,64세,중상
14973,2019070900100066,2019년 7월 9일 06시,화요일,서울특별시 성동구 사근동,경상사고,0,0,1,0,차대사람 - 기타,안전운전불이행,포장 - 건조,맑음,기타 - 기타,자전거,여,20세,상해없음,보행자,여,79세,경상
14974,2019070900100089,2019년 7월 9일 07시,화요일,서울특별시 서대문구 홍은동,경상사고,0,0,1,0,차대사람 - 기타,안전운전불이행,포장 - 건조,맑음,교차로 - 교차로부근,승용,남,38세,상해없음,보행자,여,58세,경상
14975,2019070900100120,2019년 7월 9일 08시,화요일,서울특별시 성북구 보문동5가,경상사고,0,0,1,0,차대사람 - 기타,기타,포장 - 건조,맑음,단일로 - 기타,승용,남,38세,상해없음,보행자,여,43세,경상
14976,2019070900100125,2019년 7월 9일 08시,화요일,서울특별시 강동구 둔촌동,경상사고,0,0,1,0,차대사람 - 기타,안전운전불이행,포장 - 건조,흐림,교차로 - 교차로안,승용,남,30세,상해없음,보행자,여,59세,경상
14977,2019070900100174,2019년 7월 9일 09시,화요일,서울특별시 동대문구 신설동,경상사고,0,0,1,1,차대사람 - 기타,기타,포장 - 건조,맑음,기타 - 기타,자전거,남,70세,부상신고,보행자,여,58세,경상
14978,2019070900100177,2019년 7월 9일 09시,화요일,서울특별시 강동구 성내동,중상사고,0,1,0,0,차대사람 - 횡단중,안전운전불이행,포장 - 건조,맑음,단일로 - 기타,승용,남,35세,기타불명,보행자,여,50세,중상
14979,2019070900100178,2019년 7월 9일 09시,화요일,서울특별시 송파구 장지동,경상사고,0,0,1,0,차대사람 - 기타,기타,포장 - 건조,맑음,교차로 - 교차로부근,승용,남,61세,상해없음,보행자,여,62세,경상
14980,2019070900100179,2019년 7월 9일 09시,화요일,서울특별시 도봉구 창동,경상사고,0,0,1,0,차대사람 - 횡단중,안전운전불이행,포장 - 건조,맑음,교차로 - 교차로부근,승용,여,39세,상해없음,보행자,여,80세,경상
14981,2019070900100212,2019년 7월 9일 10시,화요일,서울특별시 성북구 석관동,경상사고,0,0,1,0,차대사람 - 기타,안전운전불이행,포장 - 건조,맑음,교차로 - 교차로부근,승용,남,78세,상해없음,보행자,남,61세,경상
14982,2019070900100213,2019년 7월 9일 10시,화요일,서울특별시 노원구 공릉동,중상사고,0,1,0,0,차대사람 - 횡단중,안전운전불이행,포장 - 건조,맑음,단일로 - 기타,승용,남,49세,상해없음,보행자,여,20세,중상
14983,2019070900100247,2019년 7월 9일 11시,화요일,서울특별시 강남구 역삼동,부상신고사고,0,0,0,1,차대사람 - 기타,안전거리미확보,포장 - 건조,맑음,단일로 - 기타,승용,남,82세,상해없음,보행자,남,41세,부상신고
14984,2019070900100278,2019년 7월 9일 12시,화요일,서울특별시 동대문구 이문동,경상사고,0,0,1,0,차대사람 - 횡단중,신호위반,포장 - 건조,맑음,단일로 - 기타,이륜,남,56세,상해없음,보행자,여,22세,경상
14985,2019070900100280,2019년 7월 9일 12시,화요일,서울특별시 강남구 신사동,중상사고,0,1,0,0,차대사람 - 기타,안전운전불이행,포장 - 건조,맑음,단일로 - 기타,승용,남,62세,상해없음,보행자,여,69세,중상
14986,2019070900100281,2019년 7월 9일 12시,화요일,서울특별시 강서구 화곡동,중상사고,0,1,0,0,차대사람 - 횡단중,안전운전불이행,포장 - 건조,맑음,교차로 - 교차로안,화물,남,46세,상해없음,보행자,여,77세,중상
14987,2019070900100282,2019년 7월 9일 12시,화요일,서울특별시 양천구 신정동,중상사고,0,1,0,0,차대사람 - 기타,안전운전불이행,포장 - 건조,맑음,단일로 - 기타,승용,여,41세,상해없음,보행자,여,76세,중상
14988,2019070900100310,2019년 7월 9일 13시,화요일,서울특별시 노원구 상계동,경상사고,0,0,1,0,차대사람 - 횡단중,보행자보호의무위반,포장 - 건조,맑음,교차로 - 교차로횡단보도내,자전거,여,21세,경상,보행자,여,45세,상해없음
14989,2019070900100311,2019년 7월 9일 13시,화요일,서울특별시 노원구 공릉동,부상신고사고,0,0,0,1,차대사람 - 기타,안전운전불이행,포장 - 건조,맑음,단일로 - 기타,승용,남,60세,상해없음,보행자,여,55세,부상신고
14990,2019070900100312,2019년 7월 9일 13시,화요일,서울특별시 도봉구 쌍문동,중상사고,0,1,0,0,차대사람 - 기타,안전운전불이행,포장 - 건조,맑음,단일로 - 기타,승용,남,84세,상해없음,보행자,여,53세,중상
14991,2019070900100338,2019년 7월 9일 14시,화요일,서울특별시 성동구 홍익동,경상사고,0,0,1,0,차대사람 - 횡단중,보행자보호의무위반,포장 - 건조,맑음,단일로 - 기타,화물,남,35세,상해없음,보행자,여,58세,경상
14992,2019070900100363,2019년 7월 9일 15시,화요일,서울특별시 서대문구 창천동,중상사고,0,1,0,0,차대사람 - 횡단중,안전운전불이행,포장 - 건조,맑음,교차로 - 교차로안,승용,여,45세,상해없음,보행자,여,66세,중상
14993,2019070900100366,2019년 7월 9일 15시,화요일,서울특별시 강서구 방화동,경상사고,0,0,1,0,차대사람 - 보도통행중,기타,포장 - 건조,맑음,단일로 - 기타,승용,여,40세,상해없음,보행자,여,67세,경상
14994,2019070900100367,2019년 7월 9일 15시,화요일,서울특별시 강서구 화곡동,경상사고,0,0,1,0,차대사람 - 횡단중,보행자보호의무위반,포장 - 건조,맑음,단일로 - 기타,승용,남,47세,상해없음,보행자,남,43세,경상
14995,2019070900100370,2019년 7월 9일 15시,화요일,서울특별시 강동구 성내동,경상사고,0,0,1,0,차대사람 - 기타,안전운전불이행,포장 - 건조,맑음,단일로 - 기타,승용,남,47세,상해없음,보행자,여,11세,경상
14996,2019070900100400,2019년 7월 9일 16시,화요일,서울특별시 동대문구 제기동,중상사고,0,1,0,0,차대사람 - 길가장자리구역통행중,안전운전불이행,포장 - 건조,맑음,교차로 - 교차로부근,승용,남,48세,상해없음,보행자,남,50세,중상
14997,2019070900100401,2019년 7월 9일 16시,화요일,서울특별시 영등포구 영등포동5가,경상사고,0,0,1,0,차대사람 - 길가장자리구역통행중,안전운전불이행,포장 - 건조,맑음,교차로 - 교차로안,승용,남,47세,상해없음,보행자,남,70세,경상
14998,2019070900100402,2019년 7월 9일 16시,화요일,서울특별시 강동구 천호동,중상사고,0,1,0,0,차대사람 - 기타,안전운전불이행,포장 - 건조,맑음,단일로 - 기타,승용,남,61세,상해없음,보행자,여,59세,중상
14999,2019070900100437,2019년 7월 9일 17시,화요일,서울특별시 서대문구 연희동,경상사고,0,0,1,0,차대사람 - 기타,안전운전불이행,포장 - 건조,맑음,교차로 - 교차로부근,승용,남,28세,상해없음,보행자,남,13세,경상
15000,2019070900100439,2019년 7월 9일 17시,화요일,서울특별시 동작구 상도동,중상사고,0,1,0,0,차대사람 - 기타,보행자보호의무위반,포장 - 건조,맑음,단일로 - 기타,화물,남,54세,상해없음,보행자,여,28세,중상
15001,2019070900100440,2019년 7월 9일 17시,화요일,서울특별시 강동구 길동,중상사고,0,1,0,0,차대사람 - 기타,안전운전불이행,포장 - 건조,맑음,교차로 - 교차로안,승용,여,35세,상해없음,보행자,여,20세,중상
15002,2019070900100477,2019년 7월 9일 18시,화요일,서울특별시 강서구 화곡동,경상사고,0,0,1,0,차대사람 - 길가장자리구역통행중,안전운전불이행,포장 - 건조,맑음,단일로 - 기타,승용,남,73세,상해없음,보행자,여,59세,경상
15003,2019070900100478,2019년 7월 9일 18시,화요일,서울특별시 강서구 공항동,경상사고,0,0,1,0,차대사람 - 기타,안전운전불이행,포장 - 건조,기타,단일로 - 기타,승용,남,56세,상해없음,보행자,남,77세,경상
15004,2019070900100479,2019년 7월 9일 18시,화요일,서울특별시 강동구 천호동,경상사고,0,0,1,0,차대사람 - 횡단중,보행자보호의무위반,포장 - 건조,맑음,단일로 - 기타,화물,남,46세,상해없음,보행자,여,51세,경상
15005,2019070900100480,2019년 7월 9일 18시,화요일,서울특별시 양천구 목동,경상사고,0,0,1,0,차대사람 - 횡단중,신호위반,포장 - 건조,맑음,교차로 - 교차로부근,이륜,남,45세,상해없음,보행자,남,11세,경상
15006,2019070900100481,2019년 7월 9일 18시,화요일,서울특별시 도봉구 창동,부상신고사고,0,0,0,1,차대사람 - 횡단중,안전운전불이행,포장 - 건조,맑음,교차로 - 교차로안,화물,남,27세,상해없음,보행자,남,2세,부상신고
15007,2019070900100526,2019년 7월 9일 19시,화요일,서울특별시 은평구 수색동,경상사고,0,0,1,0,차대사람 - 기타,안전운전불이행,포장 - 건조,맑음,단일로 - 기타,승합,남,67세,상해없음,보행자,남,52세,경상
15008,2019070900100528,2019년 7월 9일 19시,화요일,서울특별시 마포구 성산동,경상사고,0,0,2,0,차대사람 - 기타,안전운전불이행,포장 - 건조,맑음,단일로 - 기타,자전거,여,31세,경상,보행자,여,57세,경상
15009,2019070900100532,2019년 7월 9일 19시,화요일,서울특별시 구로구 궁동,경상사고,0,0,1,0,차대사람 - 기타,기타,포장 - 건조,맑음,주차장 - 주차장,화물,남,59세,상해없음,보행자,여,59세,경상
15010,2019070900100560,2019년 7월 9일 20시,화요일,서울특별시 송파구 잠실동,경상사고,0,0,1,0,차대사람 - 기타,안전운전불이행,포장 - 건조,맑음,기타 - 기타,기타불명,기타불명,미분류,기타불명,보행자,남,10세,경상
15011,2019070900100585,2019년 7월 9일 21시,화요일,서울특별시 강남구 도곡동,경상사고,0,0,1,0,차대사람 - 횡단중,안전운전불이행,포장 - 건조,맑음,교차로 - 교차로안,승용,남,39세,상해없음,보행자,남,60세,경상
15012,2019070900100633,2019년 7월 9일 23시,화요일,서울특별시 중구 을지로2가,경상사고,0,0,1,0,차대사람 - 기타,안전운전불이행,포장 - 건조,맑음,단일로 - 기타,승용,남,59세,상해없음,보행자,남,34세,경상
15013,2019071000100027,2019년 7월 10일 00시,수요일,서울특별시 광진구 자양동,경상사고,0,0,1,0,차대사람 - 기타,안전운전불이행,포장 - 건조,맑음,단일로 - 기타,승용,남,45세,상해없음,보행자,남,28세,경상
15014,2019071000100045,2019년 7월 10일 02시,수요일,서울특별시 영등포구 대림동,부상신고사고,0,0,0,1,차대사람 - 기타,안전운전불이행,포장 - 건조,맑음,단일로 - 기타,승용,남,21세,상해없음,보행자,여,38세,부상신고
15015,2019071000100062,2019년 7월 10일 06시,수요일,서울특별시 중구 남창동,경상사고,0,0,1,0,차대사람 - 기타,신호위반,포장 - 건조,맑음,단일로 - 기타,승용,남,32세,상해없음,보행자,남,58세,경상
15016,2019071000100076,2019년 7월 10일 07시,수요일,서울특별시 금천구 독산동,중상사고,0,1,0,0,차대사람 - 횡단중,안전운전불이행,포장 - 건조,맑음,교차로 - 교차로안,승용,남,37세,상해없음,보행자,여,35세,중상
15017,2019071000100077,2019년 7월 10일 07시,수요일,서울특별시 강서구 공항동,중상사고,0,1,0,0,차대사람 - 기타,안전운전불이행,포장 - 건조,맑음,단일로 - 기타,승용,여,56세,상해없음,보행자,여,74세,중상
15018,2019071000100101,2019년 7월 10일 08시,수요일,서울특별시 양천구 신정동,경상사고,0,0,1,0,차대사람 - 횡단중,안전운전불이행,포장 - 건조,맑음,단일로 - 기타,화물,남,55세,상해없음,보행자,남,6세,경상
15019,2019071000100103,2019년 7월 10일 08시,수요일,서울특별시 양천구 목동,중상사고,0,1,0,0,차대사람 - 횡단중,보행자보호의무위반,포장 - 건조,맑음,교차로 - 교차로안,승용,남,40세,상해없음,보행자,여,57세,중상
15020,2019071000100134,2019년 7월 10일 09시,수요일,서울특별시 동작구 상도동,경상사고,0,0,1,0,차대사람 - 횡단중,안전운전불이행,포장 - 건조,맑음,교차로 - 교차로부근,이륜,여,35세,상해없음,보행자,여,72세,경상
15021,2019071000100138,2019년 7월 10일 09시,수요일,서울특별시 성북구 종암동,경상사고,0,0,1,0,차대사람 - 기타,안전운전불이행,포장 - 건조,맑음,교차로 - 교차로부근,승용,여,36세,상해없음,보행자,남,56세,경상
15022,2019071000100168,2019년 7월 10일 10시,수요일,서울특별시 동대문구 답십리동,경상사고,0,0,1,0,차대사람 - 기타,안전운전불이행,포장 - 건조,맑음,기타 - 기타,기타불명,기타불명,미분류,기타불명,보행자,여,67세,경상
15023,2019071000100234,2019년 7월 10일 12시,수요일,서울특별시 중구 을지로7가,경상사고,0,0,1,0,차대사람 - 기타,안전운전불이행,포장 - 건조,맑음,단일로 - 기타,기타불명,기타불명,미분류,기타불명,보행자,남,41세,경상
15024,2019071000100236,2019년 7월 10일 12시,수요일,서울특별시 송파구 가락동,경상사고,0,0,1,0,차대사람 - 기타,안전운전불이행,포장 - 건조,맑음,단일로 - 기타,승용,여,23세,상해없음,보행자,여,85세,경상
15025,2019071000100238,2019년 7월 10일 12시,수요일,서울특별시 구로구 오류동,경상사고,0,0,1,0,차대사람 - 기타,신호위반,포장 - 건조,맑음,교차로 - 교차로횡단보도내,승합,여,54세,상해없음,보행자,여,66세,경상
15026,2019071000100262,2019년 7월 10일 13시,수요일,서울특별시 강동구 천호동,경상사고,0,0,1,0,차대사람 - 기타,안전운전불이행,포장 - 건조,맑음,단일로 - 기타,승용,여,25세,상해없음,보행자,여,9세,경상
15027,2019071000100294,2019년 7월 10일 14시,수요일,서울특별시 성북구 정릉동,경상사고,0,0,1,0,차대사람 - 횡단중,신호위반,포장 - 건조,흐림,교차로 - 교차로횡단보도내,화물,남,64세,상해없음,보행자,남,76세,경상
15028,2019071000100296,2019년 7월 10일 14시,수요일,서울특별시 영등포구 영등포동3가,중상사고,0,1,0,0,차대사람 - 기타,안전운전불이행,포장 - 건조,맑음,교차로 - 교차로부근,승용,남,23세,상해없음,보행자,여,74세,중상
15029,2019071000100393,2019년 7월 10일 17시,수요일,서울특별시 동작구 노량진동,중상사고,0,2,0,0,차대사람 - 횡단중,신호위반,포장 - 건조,맑음,교차로 - 교차로부근,이륜,남,27세,중상,보행자,남,25세,중상
15030,2019071000100394,2019년 7월 10일 17시,수요일,서울특별시 동작구 상도1동,중상사고,0,1,0,0,차대사람 - 횡단중,보행자보호의무위반,포장 - 건조,맑음,단일로 - 기타,화물,남,67세,상해없음,보행자,여,17세,중상
15031,2019071000100397,2019년 7월 10일 17시,수요일,서울특별시 강서구 내발산동,경상사고,0,0,1,0,차대사람 - 기타,안전운전불이행,포장 - 젖음/습기,비,단일로 - 기타,승용,남,53세,기타불명,보행자,여,50세,경상
15032,2019071000100541,2019년 7월 10일 20시,수요일,서울특별시 중구 신당동,중상사고,0,1,0,0,차대사람 - 횡단중,보행자보호의무위반,포장 - 젖음/습기,비,교차로 - 교차로안,이륜,남,17세,상해없음,보행자,여,74세,중상
15033,2019071000100543,2019년 7월 10일 20시,수요일,서울특별시 동대문구 장안동,경상사고,0,0,1,0,차대사람 - 기타,안전운전불이행,포장 - 젖음/습기,비,교차로 - 교차로안,화물,남,47세,상해없음,보행자,남,32세,경상
15034,2019071000100584,2019년 7월 10일 21시,수요일,서울특별시 중구 신당동,중상사고,0,1,0,0,차대사람 - 횡단중,신호위반,포장 - 젖음/습기,비,교차로 - 교차로횡단보도내,화물,남,33세,상해없음,보행자,여,76세,중상
15035,2019071000100585,2019년 7월 10일 21시,수요일,서울특별시 강북구 수유동,경상사고,0,0,1,0,차대사람 - 횡단중,안전운전불이행,포장 - 젖음/습기,비,단일로 - 기타,이륜,남,21세,상해없음,보행자,남,58세,경상
15036,2019071000100587,2019년 7월 10일 21시,수요일,서울특별시 동작구 사당동,경상사고,0,0,1,0,차대사람 - 기타,안전운전불이행,포장 - 젖음/습기,비,단일로 - 기타,승용,남,79세,상해없음,보행자,남,31세,경상
15037,2019071000100588,2019년 7월 10일 21시,수요일,서울특별시 중랑구 신내동,경상사고,0,0,1,0,차대사람 - 기타,안전운전불이행,포장 - 젖음/습기,흐림,교차로 - 교차로부근,승용,여,49세,상해없음,보행자,남,66세,경상
15038,2019071000100589,2019년 7월 10일 21시,수요일,서울특별시 관악구 신림동,경상사고,0,0,1,1,차대사람 - 횡단중,보행자보호의무위반,포장 - 젖음/습기,비,단일로 - 기타,이륜,남,23세,부상신고,보행자,남,17세,경상
15039,2019071000100592,2019년 7월 10일 21시,수요일,서울특별시 강동구 천호동,중상사고,0,1,0,0,차대사람 - 기타,안전운전불이행,포장 - 젖음/습기,비,단일로 - 기타,승용,남,65세,상해없음,보행자,남,65세,중상
15040,2019071000100596,2019년 7월 10일 21시,수요일,서울특별시 은평구 대조동,경상사고,0,0,1,0,차대사람 - 기타,안전운전불이행,포장 - 건조,맑음,기타 - 기타,승용,남,55세,상해없음,보행자,여,67세,경상
15041,2019071000100648,2019년 7월 10일 22시,수요일,서울특별시 종로구 숭인동,경상사고,0,0,1,0,차대사람 - 보도통행중,보행자보호의무위반,포장 - 젖음/습기,비,교차로 - 교차로횡단보도내,승용,남,40세,상해없음,보행자,여,26세,경상
15042,2019071000100649,2019년 7월 10일 22시,수요일,서울특별시 용산구 한강로1가,중상사고,0,1,0,0,차대사람 - 횡단중,안전운전불이행,포장 - 젖음/습기,비,단일로 - 지하차도(도로)내,승용,남,74세,상해없음,보행자,남,40세,중상
15043,2019071000100650,2019년 7월 10일 22시,수요일,서울특별시 금천구 시흥동,경상사고,0,0,1,0,차대사람 - 횡단중,보행자보호의무위반,포장 - 젖음/습기,비,교차로 - 교차로횡단보도내,승용,여,45세,상해없음,보행자,남,53세,경상
15044,2019071000100651,2019년 7월 10일 22시,수요일,서울특별시 중랑구 중화동,경상사고,0,0,1,0,차대사람 - 기타,불법유턴,포장 - 건조,맑음,교차로 - 교차로안,승용,남,43세,상해없음,보행자,남,60세,경상
15045,2019071000100654,2019년 7월 10일 22시,수요일,서울특별시 송파구 방이동,경상사고,0,0,1,0,차대사람 - 횡단중,보행자보호의무위반,포장 - 건조,맑음,교차로 - 교차로횡단보도내,승합,남,42세,상해없음,보행자,여,30세,경상
15046,2019071000100695,2019년 7월 10일 23시,수요일,서울특별시 종로구 명륜2가,중상사고,0,1,0,0,차대사람 - 보도통행중,안전운전불이행,비포장 - 젖음/습기,비,교차로 - 교차로안,승용,남,42세,상해없음,보행자,남,24세,중상
15047,2019071000100698,2019년 7월 10일 23시,수요일,서울특별시 동작구 상도동,경상사고,0,0,1,0,차대사람 - 횡단중,보행자보호의무위반,포장 - 젖음/습기,비,교차로 - 교차로부근,승용,남,60세,상해없음,보행자,여,37세,경상
15048,2019071000100699,2019년 7월 10일 23시,수요일,서울특별시 동작구 사당동,중상사고,0,1,0,0,차대사람 - 횡단중,안전운전불이행,포장 - 젖음/습기,비,단일로 - 기타,승용,남,73세,상해없음,보행자,남,60세,중상
15049,2019071000100702,2019년 7월 10일 23시,수요일,서울특별시 서초구 잠원동,중상사고,0,1,0,0,차대사람 - 횡단중,안전운전불이행,포장 - 젖음/습기,비,단일로 - 기타,승용,남,46세,상해없음,보행자,남,67세,중상