,사고번호,사고일시,요일,시군구,사고내용,사망자수,중상자수,경상자수,부상신고자수,사고유형,법규위반,노면상태,기상상태,도로형태,가해운전자 차종,가해운전자 성별,가해운전자 연령,가해운전자 상해정도,피해운전자 차종,피해운전자 성별,피해운전자 연령,피해운전자 상해정도
15163,2019071600100167,2019년 7월 16일 10시,화요일,서울특별시 관악구 신림동,중상사고,0,1,0,0,차대사람 - 기타,안전운전불이행,포장 - 건조,맑음,단일로 - 기타,승합,남,50세,상해없음,보행자,여,57세,중상
15164,2019071600100213,2019년 7월 16일 12시,화요일,서울특별시 마포구 대흥동,중상사고,0,1,0,0,차대사람 - 차도통행중,안전운전불이행,포장 - 건조,맑음,단일로 - 기타,화물,남,26세,상해없음,보행자,남,80세,중상
15165,2019071600100214,2019년 7월 16일 12시,화요일,서울특별시 동작구 사당동,경상사고,0,0,1,0,차대사람 - 기타,안전운전불이행,포장 - 건조,맑음,단일로 - 기타,승용,남,55세,상해없음,보행자,여,63세,경상
15166,2019071600100249,2019년 7월 16일 13시,화요일,서울특별시 중구 만리동1가,경상사고,0,0,1,0,차대사람 - 기타,보행자보호의무위반,포장 - 건조,맑음,단일로 - 기타,화물,남,49세,상해없음,보행자,남,25세,경상
15167,2019071600100250,2019년 7월 16일 13시,화요일,서울특별시 중구 소공동,경상사고,0,0,1,0,차대사람 - 기타,안전운전불이행,포장 - 건조,맑음,기타 - 기타,승용,남,63세,상해없음,보행자,남,26세,경상
15168,2019071600100253,2019년 7월 16일 13시,화요일,서울특별시 중랑구 상봉동,중상사고,0,1,0,0,차대사람 - 횡단중,신호위반,포장 - 건조,맑음,교차로 - 교차로횡단보도내,이륜,남,21세,상해없음,보행자,여,55세,중상
15169,2019071600100288,2019년 7월 16일 14시,화요일,서울특별시 서초구 서초동,경상사고,0,0,1,0,차대사람 - 기타,안전운전불이행,포장 - 건조,맑음,교차로 - 교차로안,승용,여,57세,상해없음,보행자,여,65세,경상
15170,2019071600100319,2019년 7월 16일 15시,화요일,서울특별시 마포구 공덕동,경상사고,0,0,1,0,차대사람 - 기타,기타,포장 - 건조,맑음,기타 - 기타,기타불명,기타불명,미분류,기타불명,보행자,여,21세,경상
15171,2019071600100321,2019년 7월 16일 15시,화요일,서울특별시 관악구 신림동,경상사고,0,0,1,0,차대사람 - 횡단중,안전운전불이행,포장 - 젖음/습기,흐림,교차로 - 교차로부근,승용,남,63세,상해없음,보행자,남,19세,경상
15172,2019071600100322,2019년 7월 16일 15시,화요일,서울특별시 강남구 신사동,경상사고,0,0,1,0,차대사람 - 길가장자리구역통행중,안전운전불이행,포장 - 건조,맑음,단일로 - 지하차도(도로)내,승용,남,52세,상해없음,보행자,여,8세,경상
15173,2019071600100408,2019년 7월 16일 17시,화요일,서울특별시 강서구 화곡동,경상사고,0,0,1,0,차대사람 - 길가장자리구역통행중,안전운전불이행,포장 - 건조,맑음,단일로 - 기타,승용,여,70세,상해없음,보행자,여,68세,경상
15174,2019071600100409,2019년 7월 16일 17시,화요일,서울특별시 도봉구 방학동,중상사고,0,1,0,0,차대사람 - 횡단중,안전운전불이행,포장 - 기타,맑음,기타 - 기타,자전거,남,54세,상해없음,보행자,여,52세,중상
15175,2019071600100466,2019년 7월 16일 18시,화요일,서울특별시 강남구 도곡동,경상사고,0,0,1,0,차대사람 - 길가장자리구역통행중,안전운전불이행,포장 - 건조,맑음,단일로 - 기타,승용,여,59세,상해없음,보행자,남,58세,경상
15176,2019071600100518,2019년 7월 16일 19시,화요일,서울특별시 강서구 화곡동,경상사고,0,0,1,0,차대사람 - 기타,안전운전불이행,포장 - 기타,맑음,단일로 - 기타,승용,남,70세,상해없음,보행자,남,72세,경상
15177,2019071600100546,2019년 7월 16일 20시,화요일,서울특별시 중랑구 신내동,경상사고,0,0,1,0,차대사람 - 기타,기타,포장 - 건조,맑음,단일로 - 기타,승용,남,63세,상해없음,보행자,여,51세,경상
15178,2019071600100550,2019년 7월 16일 20시,화요일,서울특별시 강동구 천호동,경상사고,0,0,1,0,차대사람 - 기타,안전운전불이행,포장 - 건조,맑음,단일로 - 기타,자전거,남,14세,상해없음,보행자,여,72세,경상
15179,2019071700100042,2019년 7월 17일 01시,수요일,서울특별시 강동구 성내동,경상사고,0,0,1,0,차대사람 - 기타,안전운전불이행,포장 - 건조,맑음,교차로 - 교차로안,승용,남,64세,상해없음,보행자,남,20세,경상
15180,2019071700100052,2019년 7월 17일 02시,수요일,서울특별시 용산구 이태원동,중상사고,0,1,0,0,차대사람 - 기타,안전운전불이행,포장 - 건조,맑음,단일로 - 기타,승용,남,51세,상해없음,보행자,남,20세,중상
15181,2019071700100067,2019년 7월 17일 03시,수요일,서울특별시 송파구 방이동,경상사고,0,0,1,0,차대사람 - 횡단중,안전운전불이행,포장 - 건조,맑음,교차로 - 교차로안,승용,남,55세,상해없음,보행자,남,23세,경상
15182,2019071700100076,2019년 7월 17일 05시,수요일,서울특별시 금천구 독산동,중상사고,0,1,0,0,차대사람 - 기타,안전운전불이행,포장 - 건조,맑음,교차로 - 교차로부근,승용,남,43세,상해없음,보행자,여,44세,중상
15183,2019071700100150,2019년 7월 17일 09시,수요일,서울특별시 금천구 시흥동,중상사고,0,1,0,0,차대사람 - 횡단중,보행자보호의무위반,포장 - 건조,맑음,단일로 - 기타,승용,여,44세,상해없음,보행자,여,76세,중상
15184,2019071700100154,2019년 7월 17일 09시,수요일,서울특별시 노원구 중계동,중상사고,0,1,1,0,차대사람 - 횡단중,중앙선침범,포장 - 건조,맑음,단일로 - 기타,승합,남,47세,상해없음,보행자,여,74세,중상
15185,2019071700100209,2019년 7월 17일 11시,수요일,서울특별시 동작구 사당동,경상사고,0,0,1,0,차대사람 - 차도통행중,안전운전불이행,포장 - 건조,맑음,단일로 - 기타,승합,남,46세,상해없음,보행자,여,60세,경상
15186,2019071700100211,2019년 7월 17일 11시,수요일,서울특별시 관악구 봉천동,경상사고,0,0,1,0,차대사람 - 기타,안전운전불이행,포장 - 건조,맑음,단일로 - 기타,승용,여,33세,기타불명,보행자,여,28세,경상
15187,2019071700100237,2019년 7월 17일 12시,수요일,서울특별시 서대문구 연희동,중상사고,0,1,0,0,차대사람 - 횡단중,안전운전불이행,포장 - 건조,맑음,교차로 - 교차로부근,승용,남,68세,상해없음,보행자,여,25세,중상
15188,2019071700100242,2019년 7월 17일 12시,수요일,서울특별시 강동구 길동,중상사고,0,1,0,0,차대사람 - 기타,안전운전불이행,포장 - 건조,흐림,교차로 - 교차로안,승용,남,65세,상해없음,보행자,남,62세,중상
15189,2019071700100244,2019년 7월 17일 12시,수요일,서울특별시 성북구 하월곡동,경상사고,0,0,1,0,차대사람 - 횡단중,신호위반,포장 - 건조,맑음,단일로 - 기타,승용,남,76세,상해없음,보행자,여,24세,경상
15190,2019071700100308,2019년 7월 17일 14시,수요일,서울특별시 성북구 하월곡동,중상사고,0,1,0,0,차대사람 - 기타,안전운전불이행,포장 - 건조,맑음,교차로 - 교차로안,승합,남,68세,상해없음,보행자,여,86세,중상
15191,2019071700100310,2019년 7월 17일 14시,수요일,서울특별시 구로구 구로동,중상사고,0,1,0,0,차대사람 - 기타,안전운전불이행,포장 - 건조,맑음,기타 - 기타,승합,여,53세,상해없음,보행자,여,61세,중상
15192,2019071700100357,2019년 7월 17일 15시,수요일,서울특별시 노원구 하계동,경상사고,0,0,1,0,차대사람 - 기타,보행자보호의무위반,포장 - 건조,맑음,교차로 - 교차로안,승용,남,62세,상해없음,보행자,여,72세,경상
15193,2019071700100392,2019년 7월 17일 16시,수요일,서울특별시 성북구 종암동,경상사고,0,0,1,0,차대사람 - 횡단중,안전운전불이행,포장 - 건조,맑음,단일로 - 기타,승용,남,59세,상해없음,보행자,여,78세,경상
15194,2019071700100394,2019년 7월 17일 16시,수요일,서울특별시 양천구 신월동,경상사고,0,0,1,0,차대사람 - 기타,안전운전불이행,포장 - 건조,맑음,단일로 - 기타,승용,남,31세,상해없음,보행자,남,65세,경상
15195,2019071700100431,2019년 7월 17일 17시,수요일,서울특별시 동작구 대방동,중상사고,0,1,0,0,차대사람 - 차도통행중,안전운전불이행,포장 - 건조,맑음,교차로 - 교차로안,승용,남,61세,상해없음,보행자,여,66세,중상
15196,2019071700100471,2019년 7월 17일 18시,수요일,서울특별시 동대문구 답십리동,경상사고,0,0,1,0,차대사람 - 길가장자리구역통행중,안전운전불이행,포장 - 건조,맑음,단일로 - 기타,승용,여,32세,상해없음,보행자,여,8세,경상
15197,2019071700100472,2019년 7월 17일 18시,수요일,서울특별시 광진구 능동,중상사고,0,1,0,0,차대사람 - 횡단중,안전운전불이행,포장 - 건조,맑음,단일로 - 기타,승용,여,45세,상해없음,보행자,여,22세,중상
15198,2019071700100475,2019년 7월 17일 18시,수요일,서울특별시 강동구 천호동,부상신고사고,0,0,0,1,차대사람 - 기타,안전운전불이행,포장 - 건조,흐림,단일로 - 기타,원동기,남,32세,상해없음,보행자,여,13세,부상신고
15199,2019071700100479,2019년 7월 17일 18시,수요일,서울특별시 강남구 역삼동,부상신고사고,0,0,0,1,차대사람 - 기타,안전운전불이행,포장 - 건조,맑음,단일로 - 기타,개인형이동수단(PM),남,31세,상해없음,보행자,여,27세,부상신고
15200,2019071700100579,2019년 7월 17일 21시,수요일,서울특별시 중구 명동2가,부상신고사고,0,0,0,1,차대사람 - 기타,안전운전불이행,포장 - 건조,맑음,교차로 - 교차로부근,승합,남,47세,상해없음,보행자,여,27세,부상신고
15201,2019071700100581,2019년 7월 17일 21시,수요일,서울특별시 서초구 우면동,부상신고사고,0,0,0,1,차대사람 - 횡단중,보행자보호의무위반,포장 - 건조,맑음,교차로 - 교차로횡단보도내,기타불명,기타불명,미분류,기타불명,보행자,남,28세,부상신고
15202,2019071700100613,2019년 7월 17일 22시,수요일,서울특별시 강서구 화곡동,경상사고,0,0,1,0,차대사람 - 보도통행중,보행자보호의무위반,포장 - 건조,맑음,교차로 - 교차로부근,승용,남,72세,상해없음,보행자,남,59세,경상
15203,2019071700100638,2019년 7월 17일 23시,수요일,서울특별시 영등포구 신길동,경상사고,0,0,1,0,차대사람 - 기타,안전운전불이행,포장 - 건조,맑음,단일로 - 기타,승용,남,32세,상해없음,보행자,여,66세,경상
15204,2019071800100030,2019년 7월 18일 01시,목요일,서울특별시 서초구 서초동,부상신고사고,0,0,0,1,차대사람 - 차도통행중,안전운전불이행,포장 - 건조,맑음,단일로 - 기타,승용,남,19세,상해없음,보행자,남,24세,부상신고
15205,2019071800100044,2019년 7월 18일 04시,목요일,서울특별시 서대문구 북가좌동,경상사고,0,0,1,0,차대사람 - 기타,안전운전불이행,포장 - 건조,흐림,단일로 - 기타,자전거,남,78세,상해없음,보행자,남,86세,경상
15206,2019071800100054,2019년 7월 18일 05시,목요일,서울특별시 강남구 삼성동,중상사고,0,1,0,0,차대사람 - 횡단중,안전운전불이행,포장 - 건조,맑음,단일로 - 지하차도(도로)내,화물,남,40세,상해없음,보행자,여,76세,중상
15207,2019071800100095,2019년 7월 18일 08시,목요일,서울특별시 강북구 수유동,중상사고,0,1,0,0,차대사람 - 차도통행중,보행자보호의무위반,포장 - 건조,맑음,교차로 - 교차로부근,승용,남,33세,상해없음,보행자,여,43세,중상
15208,2019071800100096,2019년 7월 18일 08시,목요일,서울특별시 영등포구 대림동,경상사고,0,0,1,0,차대사람 - 기타,안전운전불이행,포장 - 건조,맑음,단일로 - 기타,승합,남,60세,상해없음,보행자,남,43세,경상
15209,2019071800100097,2019년 7월 18일 08시,목요일,서울특별시 강동구 성내동,부상신고사고,0,0,0,2,차대사람 - 기타,안전운전불이행,포장 - 건조,맑음,단일로 - 기타,자전거,남,73세,부상신고,보행자,남,34세,부상신고
15210,2019071800100138,2019년 7월 18일 09시,목요일,서울특별시 송파구 신천동,경상사고,0,0,1,0,차대사람 - 기타,기타,포장 - 건조,맑음,단일로 - 기타,승용,남,70세,상해없음,보행자,여,60세,경상
15211,2019071800100169,2019년 7월 18일 10시,목요일,서울특별시 성북구 정릉동,중상사고,0,1,0,0,차대사람 - 횡단중,안전운전불이행,포장 - 건조,맑음,단일로 - 기타,건설기계,남,58세,상해없음,보행자,여,79세,중상
15212,2019071800100173,2019년 7월 18일 10시,목요일,서울특별시 서초구 서초동,중상사고,0,1,0,0,차대사람 - 차도통행중,안전운전불이행,포장 - 건조,맑음,단일로 - 기타,승용,남,70세,상해없음,보행자,여,50세,중상
15213,2019071800100325,2019년 7월 18일 15시,목요일,서울특별시 중구 을지로6가,경상사고,0,0,1,0,차대사람 - 횡단중,보행자보호의무위반,포장 - 건조,맑음,교차로 - 교차로안,기타불명,기타불명,미분류,기타불명,보행자,여,45세,경상
15214,2019071800100327,2019년 7월 18일 15시,목요일,서울특별시 동대문구 장안동,경상사고,0,0,1,0,차대사람 - 기타,안전운전불이행,포장 - 건조,맑음,단일로 - 기타,승용,여,56세,상해없음,보행자,남,45세,경상
15215,2019071800100328,2019년 7월 18일 15시,목요일,서울특별시 마포구 대흥동,경상사고,0,0,1,0,차대사람 - 횡단중,보행자보호의무위반,포장 - 건조,맑음,교차로 - 교차로횡단보도내,승용,여,40세,상해없음,보행자,여,72세,경상
15216,2019071800100363,2019년 7월 18일 16시,목요일,서울특별시 마포구 동교동,경상사고,0,0,1,0,차대사람 - 기타,안전운전불이행,포장 - 건조,맑음,단일로 - 기타,승용,남,74세,상해없음,보행자,남,23세,경상
15217,2019071800100483,2019년 7월 18일 19시,목요일,서울특별시 양천구 목동,경상사고,0,0,1,0,차대사람 - 기타,안전운전불이행,포장 - 건조,맑음,단일로 - 기타,자전거,남,23세,상해없음,보행자,남,82세,경상
15218,2019071800100513,2019년 7월 18일 20시,목요일,서울특별시 종로구 권농동,경상사고,0,0,1,0,차대사람 - 보도통행중,안전운전불이행,포장 - 건조,맑음,기타 - 기타,자전거,남,27세,상해없음,보행자,남,52세,경상
15219,2019071800100515,2019년 7월 18일 20시,목요일,서울특별시 금천구 시흥동,중상사고,0,1,0,0,차대사람 - 횡단중,안전운전불이행,포장 - 건조,맑음,단일로 - 기타,승용,남,66세,상해없음,보행자,남,61세,중상
15220,2019071900100042,2019년 7월 19일 01시,금요일,서울특별시 강남구 삼성동,중상사고,0,1,0,0,차대사람 - 차도통행중,안전운전불이행,포장 - 건조,맑음,단일로 - 교량,화물,여,58세,상해없음,보행자,남,21세,중상
15221,2019071900100043,2019년 7월 19일 01시,금요일,서울특별시 강남구 논현동,경상사고,0,0,1,0,차대사람 - 횡단중,안전운전불이행,포장 - 건조,맑음,단일로 - 기타,이륜,여,25세,상해없음,보행자,남,26세,경상
15222,2019071900100054,2019년 7월 19일 02시,금요일,서울특별시 동작구 상도동,경상사고,0,0,1,0,차대사람 - 차도통행중,신호위반,포장 - 건조,맑음,단일로 - 기타,이륜,남,17세,상해없음,보행자,남,59세,경상
15223,2019071900100057,2019년 7월 19일 02시,금요일,서울특별시 도봉구 창동,경상사고,0,0,1,0,차대사람 - 횡단중,안전운전불이행,포장 - 건조,맑음,교차로 - 교차로횡단보도내,승합,여,67세,상해없음,보행자,남,9세,경상
15224,2019071900100083,2019년 7월 19일 05시,금요일,서울특별시 노원구 상계동,경상사고,0,0,1,0,차대사람 - 차도통행중,안전운전불이행,포장 - 건조,맑음,교차로 - 교차로안,승합,남,64세,상해없음,보행자,남,21세,경상
15225,2019071900100084,2019년 7월 19일 05시,금요일,서울특별시 노원구 상계동,경상사고,0,0,1,0,차대사람 - 기타,안전운전불이행,포장 - 건조,맑음,교차로 - 교차로안,승합,남,64세,상해없음,보행자,남,21세,경상
15226,2019071900100126,2019년 7월 19일 08시,금요일,서울특별시 강북구 미아동,경상사고,0,0,1,0,차대사람 - 길가장자리구역통행중,안전운전불이행,포장 - 건조,맑음,단일로 - 기타,승용,남,66세,상해없음,보행자,여,9세,경상
15227,2019071900100134,2019년 7월 19일 08시,금요일,서울특별시 서초구 방배동,부상신고사고,0,0,0,1,차대사람 - 길가장자리구역통행중,기타,포장 - 건조,맑음,단일로 - 지하차도(도로)내,화물,남,75세,상해없음,보행자,남,46세,부상신고
15228,2019071900100173,2019년 7월 19일 09시,금요일,서울특별시 영등포구 영등포동,경상사고,0,0,1,0,차대사람 - 기타,안전운전불이행,포장 - 건조,맑음,교차로 - 교차로안,화물,남,37세,상해없음,보행자,여,70세,경상
15229,2019071900100177,2019년 7월 19일 09시,금요일,서울특별시 강서구 마곡동,중상사고,0,1,0,0,차대사람 - 보도통행중,보행자보호의무위반,포장 - 건조,맑음,단일로 - 기타,승용,남,77세,상해없음,보행자,여,30세,중상
15230,2019071900100218,2019년 7월 19일 10시,금요일,서울특별시 종로구 숭인동,부상신고사고,0,0,0,1,차대사람 - 기타,안전운전불이행,포장 - 건조,맑음,단일로 - 기타,승용,남,31세,상해없음,보행자,남,56세,부상신고
15231,2019071900100220,2019년 7월 19일 10시,금요일,서울특별시 강남구 압구정동,경상사고,0,0,1,0,차대사람 - 보도통행중,안전운전불이행,포장 - 건조,맑음,기타 - 기타,원동기,남,16세,상해없음,보행자,여,80세,경상
15232,2019071900100295,2019년 7월 19일 12시,금요일,서울특별시 영등포구 당산동3가,중상사고,0,1,0,0,차대사람 - 기타,안전운전불이행,포장 - 건조,맑음,단일로 - 기타,승용,남,34세,상해없음,보행자,여,54세,중상
15233,2019071900100297,2019년 7월 19일 12시,금요일,서울특별시 동작구 사당동,부상신고사고,0,0,0,1,차대사람 - 횡단중,안전운전불이행,포장 - 건조,맑음,교차로 - 교차로부근,승용,여,43세,상해없음,보행자,여,76세,부상신고
15234,2019071900100344,2019년 7월 19일 13시,금요일,서울특별시 노원구 공릉동,중상사고,0,1,0,0,차대사람 - 차도통행중,신호위반,포장 - 건조,맑음,교차로 - 교차로부근,승합,남,63세,상해없음,보행자,남,15세,중상
15235,2019071900100409,2019년 7월 19일 15시,금요일,서울특별시 마포구 도화동,중상사고,0,1,1,0,차대사람 - 기타,보행자보호의무위반,포장 - 건조,맑음,교차로 - 교차로부근,승용,남,37세,상해없음,보행자,여,80세,중상
15236,2019071900100412,2019년 7월 19일 15시,금요일,서울특별시 성북구 하월곡동,경상사고,0,0,1,0,차대사람 - 차도통행중,안전운전불이행,포장 - 건조,맑음,교차로 - 교차로부근,화물,남,50세,상해없음,보행자,남,9세,경상
15237,2019071900100440,2019년 7월 19일 16시,금요일,서울특별시 광진구 자양동,부상신고사고,0,0,0,1,차대사람 - 횡단중,보행자보호의무위반,포장 - 건조,맑음,단일로 - 기타,승용,여,37세,상해없음,보행자,여,7세,부상신고
15238,2019071900100444,2019년 7월 19일 16시,금요일,서울특별시 송파구 석촌동,사망사고,1,0,0,0,차대사람 - 차도통행중,안전운전불이행,포장 - 건조,맑음,단일로 - 기타,승용,남,45세,상해없음,보행자,여,75세,사망
15239,2019071900100446,2019년 7월 19일 16시,금요일,서울특별시 성북구 길음동,경상사고,0,0,1,0,차대사람 - 횡단중,신호위반,포장 - 건조,맑음,단일로 - 기타,승용,남,34세,상해없음,보행자,남,18세,경상
15240,2019071900100486,2019년 7월 19일 17시,금요일,서울특별시 송파구 석촌동,경상사고,0,0,1,0,차대사람 - 기타,기타,포장 - 건조,맑음,기타 - 기타,승용,여,58세,상해없음,보행자,여,25세,경상
15241,2019071900100531,2019년 7월 19일 18시,금요일,서울특별시 서대문구 남가좌동,경상사고,0,0,1,0,차대사람 - 기타,안전운전불이행,포장 - 건조,맑음,단일로 - 기타,승용,남,48세,상해없음,보행자,여,25세,경상
15242,2019071900100533,2019년 7월 19일 18시,금요일,서울특별시 영등포구 대림동,부상신고사고,0,0,0,1,차대사람 - 기타,안전운전불이행,포장 - 건조,맑음,단일로 - 기타,승용,여,26세,상해없음,보행자,남,64세,부상신고
15243,2019071900100537,2019년 7월 19일 18시,금요일,서울특별시 양천구 신정동,중상사고,0,1,0,0,차대사람 - 횡단중,안전운전불이행,포장 - 건조,흐림,교차로 - 교차로안,승용,남,83세,상해없음,보행자,여,49세,중상
15244,2019071900100572,2019년 7월 19일 19시,금요일,서울특별시 종로구 관철동,경상사고,0,0,1,0,차대사람 - 기타,안전운전불이행,포장 - 건조,맑음,단일로 - 지하차도(도로)내,승용,여,26세,기타불명,보행자,남,26세,경상
15245,2019071900100691,2019년 7월 19일 22시,금요일,서울특별시 영등포구 신길동,부상신고사고,0,0,0,1,차대사람 - 기타,안전운전불이행,포장 - 건조,맑음,단일로 - 기타,승용,남,33세,상해없음,보행자,남,52세,부상신고
15246,2019071900100723,2019년 7월 19일 23시,금요일,서울특별시 동작구 사당동,경상사고,0,0,1,0,차대사람 - 기타,안전운전불이행,포장 - 건조,맑음,단일로 - 기타,기타불명,기타불명,미분류,기타불명,보행자,남,29세,경상
15247,2019072000100024,2019년 7월 20일 00시,토요일,서울특별시 강북구 수유동,중상사고,0,1,0,0,차대사람 - 횡단중,안전운전불이행,포장 - 건조,맑음,교차로 - 교차로부근,승합,남,53세,상해없음,보행자,남,54세,중상
15248,2019072000100027,2019년 7월 20일 00시,토요일,서울특별시 서초구 서초동,중상사고,0,1,0,0,차대사람 - 횡단중,보행자보호의무위반,포장 - 건조,맑음,교차로 - 교차로횡단보도내,승용,남,53세,상해없음,보행자,남,40세,중상
15249,2019072000100049,2019년 7월 20일 01시,토요일,서울특별시 관악구 봉천동,중상사고,0,1,0,0,차대사람 - 기타,신호위반,포장 - 건조,맑음,단일로 - 기타,승합,남,55세,상해없음,보행자,남,30세,중상
15250,2019072000100067,2019년 7월 20일 02시,토요일,서울특별시 관악구 봉천동,경상사고,0,0,1,0,차대사람 - 차도통행중,안전운전불이행,포장 - 건조,맑음,교차로 - 교차로안,이륜,남,70세,상해없음,보행자,여,54세,경상
15251,2019072000100097,2019년 7월 20일 04시,토요일,서울특별시 용산구 이태원동,경상사고,0,0,1,0,차대사람 - 횡단중,안전운전불이행,포장 - 건조,맑음,교차로 - 교차로안,승용,남,65세,상해없음,보행자,남,26세,경상
15252,2019072000100099,2019년 7월 20일 04시,토요일,서울특별시 동작구 대방동,중상사고,0,1,0,0,차대사람 - 차도통행중,안전운전불이행,포장 - 건조,맑음,단일로 - 기타,승용,남,52세,상해없음,보행자,남,25세,중상
15253,2019072000100106,2019년 7월 20일 05시,토요일,서울특별시 종로구 효제동,중상사고,0,1,0,0,차대사람 - 기타,안전운전불이행,포장 - 젖음/습기,비,단일로 - 기타,승용,남,44세,상해없음,보행자,남,39세,중상
15254,2019072000100120,2019년 7월 20일 07시,토요일,서울특별시 노원구 중계동,중상사고,0,1,1,0,차대사람 - 횡단중,안전운전불이행,포장 - 건조,맑음,단일로 - 기타,자전거,남,46세,상해없음,보행자,여,73세,중상
15255,2019072000100174,2019년 7월 20일 10시,토요일,서울특별시 은평구 녹번동,경상사고,0,0,1,0,차대사람 - 차도통행중,안전운전불이행,포장 - 건조,흐림,단일로 - 기타,승용,여,74세,상해없음,보행자,남,50세,경상
15256,2019072000100198,2019년 7월 20일 11시,토요일,서울특별시 동대문구 장안동,경상사고,0,0,1,0,차대사람 - 보도통행중,보행자보호의무위반,포장 - 건조,맑음,교차로 - 교차로횡단보도내,화물,남,63세,상해없음,보행자,남,33세,경상
15257,2019072000100201,2019년 7월 20일 11시,토요일,서울특별시 도봉구 방학동,경상사고,0,0,1,0,차대사람 - 길가장자리구역통행중,안전운전불이행,포장 - 기타,맑음,단일로 - 기타,자전거,남,77세,상해없음,보행자,여,54세,경상
15258,2019072000100280,2019년 7월 20일 13시,토요일,서울특별시 서초구 서초동,경상사고,0,0,1,0,차대사람 - 보도통행중,보행자보호의무위반,포장 - 건조,맑음,단일로 - 기타,승용,남,49세,상해없음,보행자,남,27세,경상
15259,2019072000100320,2019년 7월 20일 14시,토요일,서울특별시 동대문구 회기동,중상사고,0,1,0,0,차대사람 - 기타,보행자보호의무위반,포장 - 건조,맑음,단일로 - 기타,승용,남,34세,상해없음,보행자,여,16세,중상
15260,2019072000100390,2019년 7월 20일 16시,토요일,서울특별시 노원구 상계동,경상사고,0,0,1,0,차대사람 - 차도통행중,안전운전불이행,포장 - 건조,맑음,단일로 - 기타,기타불명,기타불명,미분류,기타불명,보행자,여,75세,경상
15261,2019072000100439,2019년 7월 20일 18시,토요일,서울특별시 강서구 등촌동,경상사고,0,0,1,0,차대사람 - 기타,안전운전불이행,포장 - 기타,맑음,단일로 - 기타,승용,여,58세,상해없음,보행자,남,6세,경상
15262,2019072000100471,2019년 7월 20일 19시,토요일,서울특별시 서대문구 창천동,경상사고,0,0,1,0,차대사람 - 기타,안전운전불이행,포장 - 건조,맑음,교차로 - 교차로안,이륜,남,28세,상해없음,보행자,남,45세,경상
15263,2019072000100501,2019년 7월 20일 20시,토요일,서울특별시 중구 신당동,경상사고,0,0,1,0,차대사람 - 횡단중,보행자보호의무위반,포장 - 건조,흐림,교차로 - 교차로횡단보도내,승용,여,38세,상해없음,보행자,남,61세,경상
15264,2019072000100503,2019년 7월 20일 20시,토요일,서울특별시 도봉구 창동,중상사고,0,1,0,0,차대사람 - 횡단중,신호위반,포장 - 건조,맑음,단일로 - 기타,이륜,남,19세,상해없음,보행자,여,50세,중상
15265,2019072000100534,2019년 7월 20일 21시,토요일,서울특별시 강북구 미아동,경상사고,0,0,1,0,차대사람 - 기타,안전운전불이행,포장 - 건조,맑음,단일로 - 기타,화물,남,53세,상해없음,보행자,남,29세,경상
15266,2019072000100541,2019년 7월 20일 21시,토요일,서울특별시 관악구 신림동,경상사고,0,0,1,0,차대사람 - 횡단중,안전운전불이행,포장 - 건조,맑음,단일로 - 기타,승합,남,44세,상해없음,보행자,남,37세,경상
15267,2019072000100542,2019년 7월 20일 21시,토요일,서울특별시 강동구 성내동,경상사고,0,0,1,0,차대사람 - 기타,안전운전불이행,포장 - 건조,맑음,단일로 - 기타,기타불명,기타불명,미분류,기타불명,보행자,남,38세,경상
15268,2019072000100544,2019년 7월 20일 21시,토요일,서울특별시 송파구 가락동,중상사고,0,1,0,0,차대사람 - 차도통행중,안전운전불이행,포장 - 건조,맑음,단일로 - 기타,승용,남,55세,상해없음,보행자,여,69세,중상
15269,2019072000100578,2019년 7월 20일 22시,토요일,서울특별시 중랑구 면목동,경상사고,0,0,1,0,차대사람 - 차도통행중,안전운전불이행,포장 - 건조,흐림,단일로 - 기타,승합,남,51세,상해없음,보행자,남,69세,경상
15270,2019072000100580,2019년 7월 20일 22시,토요일,서울특별시 송파구 가락동,중상사고,0,1,0,0,차대사람 - 횡단중,보행자보호의무위반,포장 - 젖음/습기,흐림,기타 - 기타,승용,남,26세,상해없음,보행자,남,31세,중상
15271,2019072000100581,2019년 7월 20일 22시,토요일,서울특별시 성북구 석관동,경상사고,0,0,1,0,차대사람 - 횡단중,안전운전불이행,포장 - 건조,흐림,단일로 - 기타,승용,남,68세,상해없음,보행자,남,47세,경상
15272,2019072000100622,2019년 7월 20일 23시,토요일,서울특별시 성북구 장위동,경상사고,0,0,1,0,차대사람 - 기타,기타,포장 - 건조,맑음,기타 - 기타,승합,남,37세,상해없음,보행자,여,30세,경상
15273,2019072100100019,2019년 7월 21일 00시,일요일,서울특별시 동대문구 답십리동,중상사고,0,1,0,0,차대사람 - 횡단중,안전운전불이행,포장 - 젖음/습기,비,교차로 - 교차로부근,승용,남,45세,상해없음,보행자,남,55세,중상
15274,2019072100100038,2019년 7월 21일 01시,일요일,서울특별시 영등포구 영등포동7가,경상사고,0,0,1,0,차대사람 - 차도통행중,안전운전불이행,포장 - 건조,맑음,단일로 - 기타,승용,남,66세,상해없음,보행자,남,28세,경상