,사고번호,사고일시,요일,시군구,사고내용,사망자수,중상자수,경상자수,부상신고자수,사고유형,법규위반,노면상태,기상상태,도로형태,가해운전자 차종,가해운전자 성별,가해운전자 연령,가해운전자 상해정도,피해운전자 차종,피해운전자 성별,피해운전자 연령,피해운전자 상해정도
15500,2019072900100499,2019년 7월 29일 18시,월요일,서울특별시 구로구 구로동,경상사고,0,0,1,0,차대사람 - 기타,안전운전불이행,포장 - 건조,맑음,단일로 - 기타,이륜,남,66세,상해없음,보행자,여,5세,경상
15501,2019072900100552,2019년 7월 29일 19시,월요일,서울특별시 관악구 신림동,중상사고,0,1,0,0,차대사람 - 기타,안전운전불이행,포장 - 건조,맑음,교차로 - 교차로부근,승용,남,37세,상해없음,보행자,남,53세,중상
15502,2019072900100554,2019년 7월 29일 19시,월요일,서울특별시 강동구 천호동,경상사고,0,0,1,0,차대사람 - 기타,안전운전불이행,포장 - 건조,맑음,단일로 - 기타,화물,남,28세,상해없음,보행자,남,58세,경상
15503,2019072900100555,2019년 7월 29일 19시,월요일,서울특별시 서초구 서초동,경상사고,0,0,1,0,차대사람 - 보도통행중,안전운전불이행,포장 - 건조,맑음,단일로 - 기타,승용,여,54세,상해없음,보행자,남,47세,경상
15504,2019072900100556,2019년 7월 29일 19시,월요일,서울특별시 서초구 서초동,경상사고,0,0,1,0,차대사람 - 횡단중,보행자보호의무위반,포장 - 건조,맑음,교차로 - 교차로횡단보도내,승용,여,46세,기타불명,보행자,여,31세,경상
15505,2019072900100587,2019년 7월 29일 20시,월요일,서울특별시 강남구 논현동,경상사고,0,0,1,0,차대사람 - 기타,보행자보호의무위반,포장 - 건조,맑음,교차로 - 교차로횡단보도내,승용,여,45세,상해없음,보행자,남,26세,경상
15506,2019072900100589,2019년 7월 29일 20시,월요일,서울특별시 도봉구 도봉동,중상사고,0,1,0,1,차대사람 - 횡단중,안전운전불이행,포장 - 건조,맑음,단일로 - 기타,이륜,남,42세,부상신고,보행자,여,24세,중상
15507,2019072900100612,2019년 7월 29일 21시,월요일,서울특별시 마포구 서교동,경상사고,0,0,1,0,차대사람 - 길가장자리구역통행중,안전운전불이행,포장 - 건조,맑음,단일로 - 기타,자전거,남,43세,상해없음,보행자,여,21세,경상
15508,2019072900100649,2019년 7월 29일 22시,월요일,서울특별시 마포구 망원동,사망사고,1,0,0,0,차대사람 - 기타,안전운전불이행,포장 - 건조,맑음,교차로 - 교차로안,승용,남,28세,상해없음,보행자,여,83세,사망
15509,2019072900100650,2019년 7월 29일 22시,월요일,서울특별시 강동구 천호동,중상사고,0,1,0,0,차대사람 - 횡단중,보행자보호의무위반,포장 - 건조,맑음,단일로 - 기타,승용,남,63세,상해없음,보행자,남,34세,중상
15510,2019073000100047,2019년 7월 30일 02시,화요일,서울특별시 강북구 수유동,중상사고,0,1,0,0,차대사람 - 횡단중,보행자보호의무위반,포장 - 건조,맑음,교차로 - 교차로부근,승용,남,38세,상해없음,보행자,남,45세,중상
15511,2019073000100074,2019년 7월 30일 06시,화요일,서울특별시 은평구 불광동,중상사고,0,1,0,0,차대사람 - 횡단중,안전운전불이행,포장 - 젖음/습기,비,교차로 - 교차로안,화물,남,57세,상해없음,보행자,남,49세,중상
15512,2019073000100083,2019년 7월 30일 07시,화요일,서울특별시 중구 남대문로2가,중상사고,0,1,0,0,차대사람 - 횡단중,보행자보호의무위반,포장 - 젖음/습기,비,단일로 - 기타,승용,남,46세,상해없음,보행자,여,35세,중상
15513,2019073000100144,2019년 7월 30일 09시,화요일,서울특별시 금천구 시흥동,경상사고,0,0,1,0,차대사람 - 기타,기타,포장 - 건조,맑음,단일로 - 기타,승합,남,57세,상해없음,보행자,여,62세,경상
15514,2019073000100147,2019년 7월 30일 09시,화요일,서울특별시 도봉구 창동,경상사고,0,0,1,0,차대사람 - 횡단중,안전운전불이행,포장 - 건조,맑음,교차로 - 교차로안,화물,남,53세,상해없음,보행자,남,52세,경상
15515,2019073000100183,2019년 7월 30일 10시,화요일,서울특별시 노원구 공릉동,경상사고,0,0,1,0,차대사람 - 보도통행중,안전운전불이행,포장 - 건조,맑음,단일로 - 고가도로위,승용,남,78세,상해없음,보행자,여,7세,경상
15516,2019073000100287,2019년 7월 30일 13시,화요일,서울특별시 도봉구 방학동,중상사고,0,1,0,0,차대사람 - 횡단중,안전운전불이행,포장 - 건조,흐림,단일로 - 기타,이륜,남,37세,상해없음,보행자,여,61세,중상
15517,2019073000100328,2019년 7월 30일 14시,화요일,서울특별시 서대문구 북아현동,중상사고,0,1,0,0,차대사람 - 횡단중,안전운전불이행,포장 - 건조,맑음,교차로 - 교차로안,화물,남,76세,상해없음,보행자,여,69세,중상
15518,2019073000100329,2019년 7월 30일 14시,화요일,서울특별시 용산구 한남동,경상사고,0,0,1,0,차대사람 - 기타,안전운전불이행,포장 - 건조,맑음,단일로 - 기타,승용,남,75세,상해없음,보행자,여,50세,경상
15519,2019073000100374,2019년 7월 30일 15시,화요일,서울특별시 은평구 신사동,중상사고,0,1,0,0,차대사람 - 횡단중,안전운전불이행,포장 - 젖음/습기,비,교차로 - 교차로안,승용,남,64세,상해없음,보행자,남,20세,중상
15520,2019073000100376,2019년 7월 30일 15시,화요일,서울특별시 노원구 하계동,부상신고사고,0,0,0,1,차대사람 - 횡단중,보행자보호의무위반,포장 - 건조,맑음,교차로 - 교차로횡단보도내,이륜,남,17세,상해없음,보행자,남,8세,부상신고
15521,2019073000100413,2019년 7월 30일 16시,화요일,서울특별시 강서구 화곡동,경상사고,0,0,1,0,차대사람 - 기타,안전운전불이행,포장 - 젖음/습기,비,단일로 - 기타,승용,남,67세,상해없음,보행자,여,72세,경상
15522,2019073000100415,2019년 7월 30일 16시,화요일,서울특별시 송파구 마천동,경상사고,0,0,1,0,차대사람 - 횡단중,안전운전불이행,포장 - 건조,맑음,단일로 - 기타,승용,남,63세,상해없음,보행자,남,25세,경상
15523,2019073000100416,2019년 7월 30일 16시,화요일,서울특별시 은평구 불광동,경상사고,0,0,1,0,차대사람 - 길가장자리구역통행중,안전운전불이행,포장 - 건조,맑음,단일로 - 기타,승용,여,66세,상해없음,보행자,여,32세,경상
15524,2019073000100457,2019년 7월 30일 17시,화요일,서울특별시 은평구 신사동,경상사고,0,0,1,0,차대사람 - 기타,안전운전불이행,포장 - 건조,맑음,교차로 - 교차로안,승용,남,68세,상해없음,보행자,여,16세,경상
15525,2019073000100465,2019년 7월 30일 17시,화요일,서울특별시 서초구 서초동,경상사고,0,0,1,0,차대사람 - 기타,안전운전불이행,포장 - 건조,맑음,단일로 - 기타,승용,남,60세,상해없음,보행자,남,21세,경상
15526,2019073000100506,2019년 7월 30일 18시,화요일,서울특별시 관악구 신림동,경상사고,0,0,1,0,차대사람 - 기타,안전운전불이행,포장 - 기타,맑음,단일로 - 기타,승용,남,39세,상해없음,보행자,여,37세,경상
15527,2019073000100508,2019년 7월 30일 18시,화요일,서울특별시 강동구 길동,경상사고,0,0,1,0,차대사람 - 보도통행중,기타,포장 - 건조,맑음,단일로 - 기타,기타불명,기타불명,미분류,기타불명,보행자,여,24세,경상
15528,2019073000100551,2019년 7월 30일 19시,화요일,서울특별시 송파구 석촌동,경상사고,0,0,1,0,차대사람 - 횡단중,신호위반,포장 - 건조,맑음,단일로 - 기타,이륜,남,23세,상해없음,보행자,남,21세,경상
15529,2019073000100583,2019년 7월 30일 20시,화요일,서울특별시 관악구 봉천동,중상사고,0,1,0,0,차대사람 - 차도통행중,안전운전불이행,포장 - 건조,맑음,교차로 - 교차로안,승용,남,48세,상해없음,보행자,여,57세,중상
15530,2019073000100613,2019년 7월 30일 21시,화요일,서울특별시 영등포구 대림동,중상사고,0,1,0,0,차대사람 - 보도통행중,기타,포장 - 건조,맑음,기타 - 기타,승용,남,48세,상해없음,보행자,여,26세,중상
15531,2019073000100617,2019년 7월 30일 21시,화요일,서울특별시 강남구 역삼동,경상사고,0,0,1,0,차대사람 - 길가장자리구역통행중,안전운전불이행,포장 - 건조,맑음,교차로 - 교차로부근,승용,남,41세,상해없음,보행자,남,37세,경상
15532,2019073000100663,2019년 7월 30일 23시,화요일,서울특별시 관악구 봉천동,경상사고,0,0,1,0,차대사람 - 기타,안전운전불이행,포장 - 젖음/습기,비,단일로 - 기타,승용,남,29세,상해없음,보행자,남,27세,경상
15533,2019073100100025,2019년 7월 31일 00시,수요일,서울특별시 노원구 공릉동,중상사고,0,1,0,0,차대사람 - 횡단중,보행자보호의무위반,포장 - 건조,맑음,교차로 - 교차로안,승용,남,64세,상해없음,보행자,남,24세,중상
15534,2019073100100026,2019년 7월 31일 00시,수요일,서울특별시 서초구 방배동,중상사고,0,1,0,0,차대사람 - 횡단중,안전운전불이행,포장 - 건조,맑음,단일로 - 기타,승합,남,41세,상해없음,보행자,남,68세,중상
15535,2019073100100063,2019년 7월 31일 05시,수요일,서울특별시 광진구 화양동,중상사고,0,1,0,0,차대사람 - 기타,안전운전불이행,포장 - 젖음/습기,흐림,교차로 - 교차로부근,기타불명,기타불명,미분류,기타불명,보행자,남,26세,중상
15536,2019073100100174,2019년 7월 31일 10시,수요일,서울특별시 강서구 화곡동,경상사고,0,0,1,0,차대사람 - 기타,안전운전불이행,포장 - 젖음/습기,비,기타 - 기타,자전거,남,58세,경상,보행자,여,59세,상해없음
15537,2019073100100210,2019년 7월 31일 11시,수요일,서울특별시 영등포구 신길동,중상사고,0,1,0,0,차대사람 - 기타,안전운전불이행,포장 - 젖음/습기,비,교차로 - 교차로안,승용,여,42세,상해없음,보행자,남,81세,중상
15538,2019073100100254,2019년 7월 31일 12시,수요일,서울특별시 강북구 미아동,경상사고,0,0,1,0,차대사람 - 길가장자리구역통행중,안전운전불이행,포장 - 젖음/습기,비,교차로 - 교차로부근,승용,남,79세,상해없음,보행자,여,58세,경상
15539,2019073100100258,2019년 7월 31일 12시,수요일,서울특별시 강남구 신사동,경상사고,0,0,1,0,차대사람 - 횡단중,안전운전불이행,포장 - 젖음/습기,흐림,단일로 - 기타,승용,여,34세,상해없음,보행자,여,25세,경상
15540,2019073100100294,2019년 7월 31일 13시,수요일,서울특별시 마포구 성산동,경상사고,0,0,1,0,차대사람 - 횡단중,신호위반,포장 - 젖음/습기,비,단일로 - 기타,이륜,남,57세,상해없음,보행자,여,56세,경상
15541,2019073100100296,2019년 7월 31일 13시,수요일,서울특별시 관악구 신림동,경상사고,0,0,1,0,차대사람 - 보도통행중,안전운전불이행,포장 - 건조,맑음,단일로 - 기타,이륜,남,65세,상해없음,보행자,여,67세,경상
15542,2019073100100354,2019년 7월 31일 15시,수요일,서울특별시 강남구 역삼동,경상사고,0,0,1,0,차대사람 - 기타,안전운전불이행,포장 - 젖음/습기,비,교차로 - 교차로부근,승용,남,51세,상해없음,보행자,남,63세,경상
15543,2019073100100391,2019년 7월 31일 16시,수요일,서울특별시 구로구 오류동,경상사고,0,0,1,0,차대사람 - 기타,안전운전불이행,포장 - 건조,맑음,단일로 - 기타,기타불명,기타불명,미분류,기타불명,보행자,남,52세,경상
15544,2019073100100436,2019년 7월 31일 17시,수요일,서울특별시 강동구 천호동,경상사고,0,0,1,0,차대사람 - 기타,기타,포장 - 건조,맑음,기타 - 기타,승합,남,63세,상해없음,보행자,남,82세,경상
15545,2019073100100467,2019년 7월 31일 18시,수요일,서울특별시 종로구 신영동,경상사고,0,0,1,0,차대사람 - 차도통행중,안전운전불이행,포장 - 젖음/습기,흐림,교차로 - 교차로부근,승합,남,50세,상해없음,보행자,남,53세,경상
15546,2019073100100468,2019년 7월 31일 18시,수요일,서울특별시 용산구 이태원동,경상사고,0,0,1,0,차대사람 - 기타,안전운전불이행,포장 - 건조,맑음,단일로 - 기타,승용,남,60세,상해없음,보행자,남,65세,경상
15547,2019073100100471,2019년 7월 31일 18시,수요일,서울특별시 중랑구 중화동,경상사고,0,0,1,0,차대사람 - 길가장자리구역통행중,안전운전불이행,포장 - 젖음/습기,흐림,단일로 - 기타,승합,남,61세,기타불명,보행자,남,24세,경상
15548,2019073100100593,2019년 7월 31일 21시,수요일,서울특별시 중구 초동,경상사고,0,0,1,0,차대사람 - 횡단중,안전운전불이행,포장 - 젖음/습기,비,단일로 - 기타,승용,남,72세,상해없음,보행자,여,35세,경상
15549,2019073100100596,2019년 7월 31일 21시,수요일,서울특별시 중랑구 묵동,부상신고사고,0,0,0,1,차대사람 - 기타,안전운전불이행,포장 - 젖음/습기,비,단일로 - 지하차도(도로)내,이륜,남,27세,부상신고,보행자,남,55세,상해없음
15550,2019073100100598,2019년 7월 31일 21시,수요일,서울특별시 강서구 화곡동,경상사고,0,0,1,0,차대사람 - 기타,안전운전불이행,포장 - 건조,흐림,교차로 - 교차로안,화물,남,63세,상해없음,보행자,남,51세,경상
15551,2019073100100601,2019년 7월 31일 21시,수요일,서울특별시 강남구 일원동,경상사고,0,0,1,0,차대사람 - 기타,안전운전불이행,포장 - 건조,맑음,단일로 - 기타,승용,남,34세,상해없음,보행자,여,14세,경상
15552,2019073100100627,2019년 7월 31일 22시,수요일,서울특별시 강북구 미아동,경상사고,0,0,1,0,차대사람 - 기타,안전운전불이행,포장 - 젖음/습기,비,단일로 - 기타,승용,남,27세,상해없음,보행자,남,21세,경상
15553,2019073100100632,2019년 7월 31일 22시,수요일,서울특별시 관악구 봉천동,경상사고,0,0,1,0,차대사람 - 차도통행중,안전운전불이행,포장 - 젖음/습기,맑음,단일로 - 기타,승용,남,46세,상해없음,보행자,여,62세,경상
15554,2019073100100637,2019년 7월 31일 22시,수요일,서울특별시 구로구 고척동,경상사고,0,0,2,0,차대사람 - 횡단중,안전운전불이행,포장 - 젖음/습기,비,교차로 - 교차로횡단보도내,승용,여,45세,상해없음,보행자,여,34세,경상
15555,2019073100100639,2019년 7월 31일 22시,수요일,서울특별시 강남구 수서동,경상사고,0,0,1,0,차대사람 - 기타,안전운전불이행,포장 - 건조,맑음,교차로 - 교차로안,승합,남,49세,상해없음,보행자,남,17세,경상
15556,2019073100100662,2019년 7월 31일 23시,수요일,서울특별시 중구 인현동1가,중상사고,0,1,0,0,차대사람 - 횡단중,과속,포장 - 젖음/습기,비,교차로 - 교차로횡단보도내,승용,남,58세,상해없음,보행자,여,56세,중상
15557,2019073100100663,2019년 7월 31일 23시,수요일,서울특별시 용산구 원효로2가,중상사고,0,1,0,0,차대사람 - 횡단중,기타,포장 - 젖음/습기,비,교차로 - 교차로안,승용,남,37세,상해없음,보행자,남,37세,중상
15558,2019080100100069,2019년 8월 1일 04시,목요일,서울특별시 용산구 한강로3가,경상사고,0,0,1,0,차대사람 - 횡단중,보행자보호의무위반,포장 - 건조,맑음,단일로 - 기타,승용,남,74세,상해없음,보행자,여,32세,경상
15559,2019080100100070,2019년 8월 1일 04시,목요일,서울특별시 동대문구 제기동,중상사고,0,1,0,0,차대사람 - 기타,안전운전불이행,포장 - 젖음/습기,흐림,교차로 - 교차로부근,승용,여,58세,상해없음,보행자,남,66세,중상
15560,2019080100100071,2019년 8월 1일 04시,목요일,서울특별시 송파구 삼전동,경상사고,0,0,1,0,차대사람 - 기타,안전운전불이행,포장 - 건조,맑음,단일로 - 기타,승용,여,56세,상해없음,보행자,여,45세,경상
15561,2019080100100081,2019년 8월 1일 05시,목요일,서울특별시 관악구 신림동,경상사고,0,0,1,0,차대사람 - 횡단중,신호위반,포장 - 젖음/습기,비,단일로 - 기타,이륜,남,42세,상해없음,보행자,여,75세,경상
15562,2019080100100103,2019년 8월 1일 07시,목요일,서울특별시 강동구 천호동,경상사고,0,0,1,0,차대사람 - 횡단중,보행자보호의무위반,포장 - 젖음/습기,비,교차로 - 교차로횡단보도내,화물,남,43세,상해없음,보행자,남,77세,경상
15563,2019080100100124,2019년 8월 1일 08시,목요일,서울특별시 중구 다동,중상사고,0,1,0,0,차대사람 - 횡단중,안전운전불이행,포장 - 젖음/습기,비,교차로 - 교차로안,승용,여,59세,상해없음,보행자,남,33세,중상
15564,2019080100100125,2019년 8월 1일 08시,목요일,서울특별시 강북구 미아동,중상사고,0,1,1,0,차대사람 - 횡단중,신호위반,포장 - 건조,맑음,단일로 - 기타,자전거,남,57세,경상,보행자,여,79세,중상
15565,2019080100100128,2019년 8월 1일 08시,목요일,서울특별시 강서구 방화동,경상사고,0,0,1,0,차대사람 - 보도통행중,기타,포장 - 젖음/습기,비,기타 - 기타,화물,남,58세,상해없음,보행자,여,67세,경상
15566,2019080100100195,2019년 8월 1일 10시,목요일,서울특별시 동대문구 장안동,경상사고,0,0,1,0,차대사람 - 차도통행중,안전운전불이행,포장 - 건조,맑음,교차로 - 교차로부근,승용,여,68세,상해없음,보행자,여,24세,경상
15567,2019080100100197,2019년 8월 1일 10시,목요일,서울특별시 성북구 상월곡동,중상사고,0,1,0,0,차대사람 - 횡단중,안전운전불이행,포장 - 건조,맑음,교차로 - 교차로안,승용,남,48세,상해없음,보행자,여,71세,중상
15568,2019080100100198,2019년 8월 1일 10시,목요일,서울특별시 강서구 등촌동,부상신고사고,0,0,0,1,차대사람 - 기타,안전운전불이행,포장 - 건조,맑음,교차로 - 교차로횡단보도내,기타불명,기타불명,미분류,기타불명,보행자,남,27세,부상신고
15569,2019080100100228,2019년 8월 1일 11시,목요일,서울특별시 마포구 중동,중상사고,0,1,0,0,차대사람 - 보도통행중,신호위반,포장 - 젖음/습기,흐림,교차로 - 교차로횡단보도내,이륜,남,27세,상해없음,보행자,여,6세,중상
15570,2019080100100230,2019년 8월 1일 11시,목요일,서울특별시 서초구 서초동,중상사고,0,2,1,0,차대사람 - 기타,안전운전불이행,포장 - 건조,맑음,단일로 - 기타,승용,남,79세,상해없음,보행자,여,18세,중상
15571,2019080100100263,2019년 8월 1일 12시,목요일,서울특별시 영등포구 대림동,경상사고,0,0,1,0,차대사람 - 차도통행중,안전운전불이행,포장 - 건조,맑음,교차로 - 교차로안,승용,여,27세,상해없음,보행자,남,64세,경상
15572,2019080100100340,2019년 8월 1일 14시,목요일,서울특별시 중구 장충동2가,경상사고,0,0,1,0,차대사람 - 차도통행중,안전운전불이행,포장 - 건조,맑음,단일로 - 기타,승용,남,48세,상해없음,보행자,여,21세,경상
15573,2019080100100342,2019년 8월 1일 14시,목요일,서울특별시 종로구 계동,경상사고,0,0,1,0,차대사람 - 기타,기타,포장 - 건조,맑음,단일로 - 기타,화물,남,56세,상해없음,보행자,남,47세,경상
15574,2019080100100346,2019년 8월 1일 14시,목요일,서울특별시 양천구 신정동,경상사고,0,0,1,0,차대사람 - 기타,안전운전불이행,포장 - 건조,맑음,단일로 - 기타,화물,남,74세,상해없음,보행자,남,45세,경상
15575,2019080100100381,2019년 8월 1일 15시,목요일,서울특별시 중랑구 면목동,경상사고,0,0,1,0,차대사람 - 횡단중,안전운전불이행,포장 - 건조,맑음,단일로 - 기타,승용,여,56세,상해없음,보행자,남,51세,경상
15576,2019080100100415,2019년 8월 1일 16시,목요일,서울특별시 강북구 수유동,중상사고,0,1,0,0,차대사람 - 기타,안전운전불이행,포장 - 건조,맑음,단일로 - 기타,승합,남,48세,상해없음,보행자,여,76세,중상
15577,2019080100100417,2019년 8월 1일 16시,목요일,서울특별시 강서구 등촌동,중상사고,0,1,0,0,차대사람 - 횡단중,신호위반,포장 - 건조,맑음,교차로 - 교차로부근,승용,남,53세,상해없음,보행자,여,81세,중상
15578,2019080100100420,2019년 8월 1일 16시,목요일,서울특별시 서초구 방배동,경상사고,0,0,1,0,차대사람 - 횡단중,안전운전불이행,포장 - 건조,맑음,교차로 - 교차로안,승용,여,48세,상해없음,보행자,여,65세,경상
15579,2019080100100421,2019년 8월 1일 16시,목요일,서울특별시 서초구 방배동,중상사고,0,1,0,0,차대사람 - 기타,안전운전불이행,포장 - 건조,맑음,단일로 - 기타,화물,남,57세,상해없음,보행자,여,69세,중상
15580,2019080100100498,2019년 8월 1일 18시,목요일,서울특별시 종로구 숭인동,중상사고,0,1,0,0,차대사람 - 차도통행중,안전운전불이행,포장 - 건조,맑음,단일로 - 기타,이륜,남,56세,상해없음,보행자,여,74세,중상
15581,2019080100100500,2019년 8월 1일 18시,목요일,서울특별시 중랑구 망우동,경상사고,0,0,1,0,차대사람 - 길가장자리구역통행중,안전운전불이행,포장 - 건조,맑음,단일로 - 기타,승용,남,38세,상해없음,보행자,여,20세,경상
15582,2019080100100502,2019년 8월 1일 18시,목요일,서울특별시 강서구 화곡동,경상사고,0,0,1,0,차대사람 - 횡단중,안전운전불이행,포장 - 건조,맑음,단일로 - 기타,승용,남,71세,상해없음,보행자,남,25세,경상
15583,2019080100100504,2019년 8월 1일 18시,목요일,서울특별시 양천구 신정동,중상사고,0,1,0,0,차대사람 - 횡단중,보행자보호의무위반,포장 - 건조,맑음,교차로 - 교차로횡단보도내,승용,남,47세,상해없음,보행자,남,49세,중상
15584,2019080100100547,2019년 8월 1일 19시,목요일,서울특별시 영등포구 대림동,중상사고,0,1,0,0,차대사람 - 횡단중,안전운전불이행,포장 - 건조,맑음,교차로 - 교차로횡단보도내,화물,남,36세,상해없음,보행자,남,44세,중상
15585,2019080100100548,2019년 8월 1일 19시,목요일,서울특별시 금천구 독산동,경상사고,0,0,1,0,차대사람 - 기타,안전운전불이행,포장 - 건조,맑음,단일로 - 기타,승용,남,58세,상해없음,보행자,남,57세,경상
15586,2019080100100578,2019년 8월 1일 20시,목요일,서울특별시 서대문구 북아현동,경상사고,0,0,1,0,차대사람 - 보도통행중,중앙선침범,포장 - 건조,맑음,단일로 - 기타,승용,여,65세,상해없음,보행자,여,63세,경상
15587,2019080100100581,2019년 8월 1일 20시,목요일,서울특별시 마포구 연남동,경상사고,0,0,1,0,차대사람 - 보도통행중,안전운전불이행,포장 - 건조,맑음,기타 - 기타,승용,여,42세,상해없음,보행자,남,25세,경상
15588,2019080100100619,2019년 8월 1일 21시,목요일,서울특별시 강북구 미아동,경상사고,0,0,1,0,차대사람 - 길가장자리구역통행중,안전운전불이행,포장 - 건조,맑음,단일로 - 기타,이륜,남,36세,상해없음,보행자,남,49세,경상
15589,2019080100100623,2019년 8월 1일 21시,목요일,서울특별시 관악구 신림동,경상사고,0,0,1,0,차대사람 - 기타,안전운전불이행,포장 - 건조,맑음,단일로 - 기타,승용,여,31세,상해없음,보행자,남,23세,경상
15590,2019080100100624,2019년 8월 1일 21시,목요일,서울특별시 은평구 역촌동,중상사고,0,1,0,0,차대사람 - 횡단중,안전운전불이행,포장 - 건조,맑음,단일로 - 기타,이륜,남,44세,상해없음,보행자,남,67세,중상
15591,2019080100100625,2019년 8월 1일 21시,목요일,서울특별시 강남구 대치동,경상사고,0,0,1,0,차대사람 - 보도통행중,기타,포장 - 건조,맑음,단일로 - 기타,승용,남,39세,상해없음,보행자,남,50세,경상
15592,2019080100100643,2019년 8월 1일 22시,목요일,서울특별시 서대문구 남가좌동,경상사고,0,0,1,0,차대사람 - 기타,안전운전불이행,포장 - 건조,맑음,단일로 - 기타,승용,남,52세,상해없음,보행자,남,72세,경상
15593,2019080100100644,2019년 8월 1일 22시,목요일,서울특별시 성북구 삼선동4가,경상사고,0,0,1,0,차대사람 - 횡단중,신호위반,포장 - 건조,맑음,교차로 - 교차로부근,승용,남,54세,상해없음,보행자,남,33세,경상
15594,2019080100100645,2019년 8월 1일 22시,목요일,서울특별시 광진구 중곡동,중상사고,0,1,0,0,차대사람 - 길가장자리구역통행중,안전운전불이행,포장 - 건조,맑음,교차로 - 교차로부근,승용,여,49세,상해없음,보행자,여,72세,중상
15595,2019080100100647,2019년 8월 1일 22시,목요일,서울특별시 성동구 옥수동,경상사고,0,0,1,0,차대사람 - 기타,안전운전불이행,포장 - 건조,맑음,단일로 - 기타,승합,남,57세,상해없음,보행자,여,15세,경상
15596,2019080200100026,2019년 8월 2일 00시,금요일,서울특별시 서대문구 북가좌동,경상사고,0,0,1,0,차대사람 - 차도통행중,안전운전불이행,포장 - 건조,맑음,교차로 - 교차로안,승용,남,59세,상해없음,보행자,남,22세,경상
15597,2019080200100029,2019년 8월 2일 00시,금요일,서울특별시 강서구 염창동,부상신고사고,0,0,0,1,차대사람 - 기타,안전운전불이행,포장 - 건조,흐림,교차로 - 교차로안,승용,남,72세,상해없음,보행자,남,22세,부상신고
15598,2019080200100043,2019년 8월 2일 01시,금요일,서울특별시 관악구 신림동,경상사고,0,0,1,0,차대사람 - 기타,안전운전불이행,포장 - 건조,맑음,단일로 - 기타,승용,남,39세,상해없음,보행자,남,53세,경상
15599,2019080200100086,2019년 8월 2일 06시,금요일,서울특별시 도봉구 창동,경상사고,0,0,1,0,차대사람 - 횡단중,보행자보호의무위반,포장 - 건조,맑음,교차로 - 교차로횡단보도내,승용,남,56세,상해없음,보행자,여,50세,경상
15600,2019080200100107,2019년 8월 2일 08시,금요일,서울특별시 금천구 독산동,중상사고,0,1,0,0,차대사람 - 기타,안전운전불이행,포장 - 건조,맑음,교차로 - 교차로부근,건설기계,남,54세,상해없음,보행자,남,24세,중상
15601,2019080200100135,2019년 8월 2일 09시,금요일,서울특별시 강남구 논현동,부상신고사고,0,0,0,1,차대사람 - 기타,안전운전불이행,포장 - 건조,맑음,기타 - 기타,승용,남,28세,기타불명,보행자,여,42세,부상신고
15602,2019080200100160,2019년 8월 2일 10시,금요일,서울특별시 마포구 성산동,경상사고,0,0,1,0,차대사람 - 기타,안전운전불이행,포장 - 건조,맑음,교차로 - 교차로부근,승용,남,70세,상해없음,보행자,남,39세,경상
15603,2019080200100161,2019년 8월 2일 10시,금요일,서울특별시 금천구 가산동,경상사고,0,0,1,0,차대사람 - 횡단중,안전운전불이행,포장 - 건조,맑음,교차로 - 교차로횡단보도내,화물,남,70세,상해없음,보행자,여,54세,경상
15604,2019080200100163,2019년 8월 2일 10시,금요일,서울특별시 성동구 행당동,중상사고,0,1,0,0,차대사람 - 횡단중,안전운전불이행,포장 - 젖음/습기,맑음,단일로 - 기타,승용,남,45세,상해없음,보행자,남,80세,중상
15605,2019080200100323,2019년 8월 2일 14시,금요일,서울특별시 송파구 잠실동,부상신고사고,0,0,0,1,차대사람 - 횡단중,안전운전불이행,포장 - 건조,맑음,교차로 - 교차로횡단보도내,승용,남,27세,상해없음,보행자,남,11세,부상신고
15606,2019080200100367,2019년 8월 2일 15시,금요일,서울특별시 금천구 독산동,경상사고,0,0,1,0,차대사람 - 횡단중,보행자보호의무위반,포장 - 건조,맑음,교차로 - 교차로부근,승용,남,24세,상해없음,보행자,여,22세,경상
15607,2019080200100403,2019년 8월 2일 16시,금요일,서울특별시 광진구 중곡동,경상사고,0,0,2,0,차대사람 - 기타,안전운전불이행,포장 - 건조,맑음,단일로 - 기타,승용,남,77세,상해없음,보행자,남,7세,경상
15608,2019080200100439,2019년 8월 2일 17시,금요일,서울특별시 중구 충무로2가,중상사고,0,1,0,0,차대사람 - 보도통행중,보행자보호의무위반,포장 - 건조,맑음,교차로 - 교차로횡단보도내,승용,남,67세,상해없음,보행자,여,37세,중상
15609,2019080200100441,2019년 8월 2일 17시,금요일,서울특별시 강동구 길동,부상신고사고,0,0,0,1,차대사람 - 기타,안전운전불이행,포장 - 건조,맑음,교차로 - 교차로부근,승용,남,67세,상해없음,보행자,여,66세,부상신고
15610,2019080200100501,2019년 8월 2일 18시,금요일,서울특별시 용산구 용산동2가,경상사고,0,0,1,0,차대사람 - 횡단중,안전운전불이행,포장 - 건조,맑음,교차로 - 교차로부근,승용,남,71세,상해없음,보행자,남,9세,경상
15611,2019080200100504,2019년 8월 2일 18시,금요일,서울특별시 동대문구 휘경동,경상사고,0,0,1,0,차대사람 - 횡단중,보행자보호의무위반,포장 - 건조,맑음,단일로 - 기타,승용,여,41세,상해없음,보행자,여,22세,경상