,사고번호,사고일시,요일,시군구,사고내용,사망자수,중상자수,경상자수,부상신고자수,사고유형,법규위반,노면상태,기상상태,도로형태,가해운전자 차종,가해운전자 성별,가해운전자 연령,가해운전자 상해정도,피해운전자 차종,피해운전자 성별,피해운전자 연령,피해운전자 상해정도
15838,2019081200100101,2019년 8월 12일 07시,월요일,서울특별시 양천구 신월동,중상사고,0,1,0,0,차대사람 - 횡단중,안전운전불이행,포장 - 건조,맑음,단일로 - 기타,승용,남,71세,상해없음,보행자,여,74세,중상
15839,2019081200100133,2019년 8월 12일 08시,월요일,서울특별시 금천구 독산동,중상사고,0,1,0,0,차대사람 - 기타,안전운전불이행,포장 - 젖음/습기,비,단일로 - 기타,승용,남,50세,상해없음,보행자,여,23세,중상
15840,2019081200100176,2019년 8월 12일 09시,월요일,서울특별시 광진구 광장동,경상사고,0,0,1,0,차대사람 - 횡단중,안전운전불이행,포장 - 젖음/습기,비,기타 - 기타,개인형이동수단(PM),남,56세,상해없음,보행자,남,48세,경상
15841,2019081200100177,2019년 8월 12일 09시,월요일,서울특별시 영등포구 여의도동,경상사고,0,0,1,0,차대사람 - 보도통행중,기타,포장 - 젖음/습기,비,기타 - 기타,승용,여,50세,상해없음,보행자,남,63세,경상
15842,2019081200100208,2019년 8월 12일 10시,월요일,서울특별시 성북구 정릉동,중상사고,0,1,0,0,차대사람 - 기타,안전운전불이행,포장 - 젖음/습기,비,교차로 - 교차로안,승합,남,28세,상해없음,보행자,남,66세,중상
15843,2019081200100243,2019년 8월 12일 11시,월요일,서울특별시 중구 소공동,경상사고,0,0,1,0,차대사람 - 길가장자리구역통행중,안전운전불이행,포장 - 건조,맑음,단일로 - 지하차도(도로)내,승용,남,30세,상해없음,보행자,남,19세,경상
15844,2019081200100244,2019년 8월 12일 11시,월요일,서울특별시 동대문구 청량리동,중상사고,0,1,0,0,차대사람 - 기타,안전운전불이행,포장 - 건조,맑음,단일로 - 기타,화물,남,61세,상해없음,보행자,여,63세,중상
15845,2019081200100294,2019년 8월 12일 12시,월요일,서울특별시 강남구 대치동,경상사고,0,0,1,0,차대사람 - 횡단중,보행자보호의무위반,포장 - 건조,기타,교차로 - 교차로안,승용,여,54세,상해없음,보행자,남,9세,경상
15846,2019081200100334,2019년 8월 12일 13시,월요일,서울특별시 종로구 가회동,중상사고,0,1,0,0,차대사람 - 차도통행중,안전운전불이행,포장 - 건조,맑음,단일로 - 기타,자전거,남,51세,상해없음,보행자,여,50세,중상
15847,2019081200100382,2019년 8월 12일 14시,월요일,서울특별시 성북구 종암동,경상사고,0,0,1,0,차대사람 - 차도통행중,안전운전불이행,포장 - 젖음/습기,비,교차로 - 교차로부근,승용,여,39세,상해없음,보행자,남,11세,경상
15848,2019081200100417,2019년 8월 12일 15시,월요일,서울특별시 중구 오장동,중상사고,0,1,0,0,차대사람 - 기타,안전운전불이행,포장 - 건조,맑음,단일로 - 기타,승용,남,63세,기타불명,보행자,여,84세,중상
15849,2019081200100422,2019년 8월 12일 15시,월요일,서울특별시 관악구 신림동,경상사고,0,0,1,0,차대사람 - 횡단중,안전운전불이행,포장 - 젖음/습기,비,교차로 - 교차로안,승용,남,53세,상해없음,보행자,남,19세,경상
15850,2019081200100477,2019년 8월 12일 16시,월요일,서울특별시 은평구 불광동,경상사고,0,0,1,0,차대사람 - 기타,안전운전불이행,포장 - 건조,맑음,단일로 - 기타,승합,남,41세,상해없음,보행자,남,66세,경상
15851,2019081200100520,2019년 8월 12일 17시,월요일,서울특별시 구로구 오류동,중상사고,0,1,0,0,차대사람 - 기타,보행자보호의무위반,포장 - 건조,맑음,교차로 - 교차로안,승합,남,53세,상해없음,보행자,남,9세,중상
15852,2019081200100562,2019년 8월 12일 18시,월요일,서울특별시 강남구 대치동,경상사고,0,0,1,0,차대사람 - 기타,안전운전불이행,포장 - 건조,맑음,단일로 - 기타,승용,여,55세,상해없음,보행자,여,32세,경상
15853,2019081200100634,2019년 8월 12일 20시,월요일,서울특별시 은평구 불광동,경상사고,0,0,1,0,차대사람 - 보도통행중,중앙선침범,포장 - 젖음/습기,비,단일로 - 기타,자전거,남,50세,상해없음,보행자,남,46세,경상
15854,2019081200100666,2019년 8월 12일 21시,월요일,서울특별시 관악구 남현동,경상사고,0,0,1,0,차대사람 - 기타,교차로운행방법위반,포장 - 젖음/습기,비,교차로 - 교차로안,승용,남,52세,기타불명,보행자,남,44세,경상
15855,2019081200100667,2019년 8월 12일 21시,월요일,서울특별시 관악구 봉천동,경상사고,0,0,1,0,차대사람 - 기타,신호위반,포장 - 젖음/습기,비,단일로 - 기타,승용,남,35세,상해없음,보행자,여,35세,경상
15856,2019081200100669,2019년 8월 12일 21시,월요일,서울특별시 도봉구 창동,경상사고,0,0,1,0,차대사람 - 횡단중,안전운전불이행,포장 - 젖음/습기,비,교차로 - 교차로안,화물,남,37세,상해없음,보행자,여,47세,경상
15857,2019081200100691,2019년 8월 12일 22시,월요일,서울특별시 광진구 자양동,중상사고,0,1,0,0,차대사람 - 기타,안전운전불이행,포장 - 건조,맑음,단일로 - 기타,이륜,남,18세,상해없음,보행자,여,65세,중상
15858,2019081200100710,2019년 8월 12일 23시,월요일,서울특별시 영등포구 대림동,경상사고,0,0,1,0,차대사람 - 기타,신호위반,포장 - 건조,맑음,단일로 - 기타,승합,남,44세,상해없음,보행자,남,35세,경상
15859,2019081300100030,2019년 8월 13일 00시,화요일,서울특별시 서초구 내곡동,경상사고,0,0,1,0,차대사람 - 횡단중,보행자보호의무위반,포장 - 젖음/습기,흐림,단일로 - 기타,승용,여,32세,상해없음,보행자,남,24세,경상
15860,2019081300100084,2019년 8월 13일 07시,화요일,서울특별시 금천구 가산동,경상사고,0,0,1,0,차대사람 - 기타,안전운전불이행,포장 - 건조,맑음,교차로 - 교차로부근,화물,남,45세,상해없음,보행자,남,59세,경상
15861,2019081300100085,2019년 8월 13일 07시,화요일,서울특별시 중랑구 망우동,경상사고,0,0,1,0,차대사람 - 기타,안전운전불이행,포장 - 건조,맑음,단일로 - 지하차도(도로)내,승용,남,70세,상해없음,보행자,남,18세,경상
15862,2019081300100110,2019년 8월 13일 08시,화요일,서울특별시 관악구 신림동,중상사고,0,1,0,0,차대사람 - 보도통행중,안전운전불이행,포장 - 건조,맑음,단일로 - 기타,승용,남,43세,상해없음,보행자,남,29세,중상
15863,2019081300100112,2019년 8월 13일 08시,화요일,서울특별시 양천구 신정동,경상사고,0,0,1,0,차대사람 - 기타,안전운전불이행,포장 - 건조,맑음,단일로 - 기타,자전거,남,76세,상해없음,보행자,여,39세,경상
15864,2019081300100180,2019년 8월 13일 10시,화요일,서울특별시 영등포구 영등포동,중상사고,0,1,0,0,차대사람 - 보도통행중,안전운전불이행,포장 - 건조,맑음,교차로 - 교차로부근,승용,남,49세,상해없음,보행자,남,44세,중상
15865,2019081300100221,2019년 8월 13일 11시,화요일,서울특별시 영등포구 영등포동,경상사고,0,0,1,0,차대사람 - 기타,안전운전불이행,포장 - 건조,맑음,기타 - 기타,승용,남,68세,상해없음,보행자,남,59세,경상
15866,2019081300100264,2019년 8월 13일 12시,화요일,서울특별시 은평구 갈현동,경상사고,0,0,1,0,차대사람 - 차도통행중,안전운전불이행,포장 - 건조,맑음,교차로 - 교차로안,이륜,남,44세,상해없음,보행자,남,7세,경상
15867,2019081300100303,2019년 8월 13일 13시,화요일,서울특별시 용산구 효창동,중상사고,0,1,0,0,차대사람 - 횡단중,신호위반,포장 - 건조,맑음,교차로 - 교차로부근,이륜,남,20세,상해없음,보행자,여,69세,중상
15868,2019081300100309,2019년 8월 13일 13시,화요일,서울특별시 서초구 양재동,경상사고,0,0,1,0,차대사람 - 기타,보행자보호의무위반,포장 - 건조,맑음,교차로 - 교차로부근,승용,남,47세,상해없음,보행자,여,13세,경상
15869,2019081300100372,2019년 8월 13일 15시,화요일,서울특별시 강북구 미아동,경상사고,0,0,1,0,차대사람 - 횡단중,신호위반,포장 - 건조,맑음,교차로 - 교차로안,이륜,남,34세,상해없음,보행자,남,41세,경상
15870,2019081300100466,2019년 8월 13일 17시,화요일,서울특별시 마포구 도화동,경상사고,0,0,1,0,차대사람 - 횡단중,안전운전불이행,포장 - 건조,맑음,교차로 - 교차로횡단보도내,승용,남,49세,상해없음,보행자,여,26세,경상
15871,2019081300100505,2019년 8월 13일 18시,화요일,서울특별시 종로구 종로4가,경상사고,0,0,1,0,차대사람 - 횡단중,보행자보호의무위반,포장 - 건조,맑음,단일로 - 기타,승용,남,66세,상해없음,보행자,남,52세,경상
15872,2019081300100507,2019년 8월 13일 18시,화요일,서울특별시 영등포구 당산동6가,경상사고,0,0,1,0,차대사람 - 횡단중,안전운전불이행,포장 - 건조,맑음,교차로 - 교차로안,화물,남,55세,상해없음,보행자,남,31세,경상
15873,2019081300100508,2019년 8월 13일 18시,화요일,서울특별시 영등포구 대림동,경상사고,0,0,1,0,차대사람 - 기타,안전운전불이행,포장 - 건조,맑음,기타 - 기타,승용,남,66세,상해없음,보행자,남,9세,경상
15874,2019081300100509,2019년 8월 13일 18시,화요일,서울특별시 동작구 사당동,경상사고,0,0,1,0,차대사람 - 횡단중,안전운전불이행,포장 - 건조,맑음,교차로 - 교차로안,승용,남,53세,상해없음,보행자,남,31세,경상
15875,2019081300100514,2019년 8월 13일 18시,화요일,서울특별시 양천구 목동,경상사고,0,0,1,0,차대사람 - 보도통행중,안전운전불이행,포장 - 건조,맑음,단일로 - 기타,승용,여,58세,상해없음,보행자,여,13세,경상
15876,2019081300100555,2019년 8월 13일 19시,화요일,서울특별시 용산구 한강로2가,중상사고,0,1,0,0,차대사람 - 기타,안전운전불이행,포장 - 건조,맑음,단일로 - 기타,이륜,남,22세,상해없음,보행자,남,29세,중상
15877,2019081300100560,2019년 8월 13일 19시,화요일,서울특별시 강남구 논현동,경상사고,0,0,1,0,차대사람 - 횡단중,보행자보호의무위반,포장 - 건조,맑음,교차로 - 교차로부근,승용,남,36세,상해없음,보행자,남,6세,경상
15878,2019081300100563,2019년 8월 13일 19시,화요일,서울특별시 도봉구 창동,중상사고,0,1,1,0,차대사람 - 횡단중,안전운전불이행,포장 - 건조,맑음,교차로 - 교차로횡단보도내,승용,여,29세,상해없음,보행자,남,74세,중상
15879,2019081300100595,2019년 8월 13일 20시,화요일,서울특별시 강남구 개포동,중상사고,0,1,0,0,차대사람 - 횡단중,안전운전불이행,포장 - 건조,맑음,단일로 - 기타,승용,남,53세,상해없음,보행자,남,56세,중상
15880,2019081300100636,2019년 8월 13일 21시,화요일,서울특별시 강동구 상일동,중상사고,0,1,0,0,차대사람 - 보도통행중,보행자보호의무위반,포장 - 건조,맑음,교차로 - 교차로횡단보도내,승용,여,70세,상해없음,보행자,남,67세,중상
15881,2019081300100677,2019년 8월 13일 22시,화요일,서울특별시 송파구 오금동,부상신고사고,0,0,0,1,차대사람 - 횡단중,안전운전불이행,포장 - 건조,맑음,단일로 - 기타,자전거,남,28세,상해없음,보행자,남,70세,부상신고
15882,2019081300100678,2019년 8월 13일 22시,화요일,서울특별시 구로구 신도림동,중상사고,0,1,0,0,차대사람 - 횡단중,안전운전불이행,포장 - 젖음/습기,비,교차로 - 교차로안,승용,남,67세,상해없음,보행자,남,40세,중상
15883,2019081300100697,2019년 8월 13일 23시,화요일,서울특별시 성동구 금호동3가,경상사고,0,0,1,0,차대사람 - 길가장자리구역통행중,안전운전불이행,포장 - 건조,맑음,단일로 - 기타,승용,남,32세,상해없음,보행자,남,26세,경상
15884,2019081300100699,2019년 8월 13일 23시,화요일,서울특별시 송파구 잠실동,경상사고,0,0,1,0,차대사람 - 기타,안전운전불이행,포장 - 건조,맑음,단일로 - 기타,승용,여,64세,상해없음,보행자,남,35세,경상
15885,2019081400100071,2019년 8월 14일 04시,수요일,서울특별시 송파구 방이동,부상신고사고,0,0,0,1,차대사람 - 횡단중,안전운전불이행,포장 - 건조,맑음,기타 - 기타,승용,남,71세,상해없음,보행자,남,19세,부상신고
15886,2019081400100072,2019년 8월 14일 04시,수요일,서울특별시 성북구 종암동,중상사고,0,1,0,0,차대사람 - 횡단중,안전운전불이행,포장 - 건조,흐림,단일로 - 기타,승용,여,60세,상해없음,보행자,여,90세 이상,중상
15887,2019081400100073,2019년 8월 14일 04시,수요일,서울특별시 서초구 서초동,경상사고,0,0,1,0,차대사람 - 기타,안전운전불이행,포장 - 건조,맑음,교차로 - 교차로안,승용,남,29세,상해없음,보행자,남,26세,경상
15888,2019081400100094,2019년 8월 14일 06시,수요일,서울특별시 강동구 천호동,중상사고,0,1,0,0,차대사람 - 횡단중,안전운전불이행,포장 - 건조,맑음,교차로 - 교차로안,승용,남,45세,상해없음,보행자,여,61세,중상
15889,2019081400100134,2019년 8월 14일 08시,수요일,서울특별시 동작구 사당동,경상사고,0,0,1,0,차대사람 - 차도통행중,안전운전불이행,포장 - 건조,맑음,교차로 - 교차로안,승용,남,49세,상해없음,보행자,여,57세,경상
15890,2019081400100135,2019년 8월 14일 08시,수요일,서울특별시 동작구 상도동,경상사고,0,0,1,0,차대사람 - 기타,기타,포장 - 건조,맑음,기타 - 기타,화물,남,63세,상해없음,보행자,여,52세,경상
15891,2019081400100137,2019년 8월 14일 08시,수요일,서울특별시 강서구 화곡동,경상사고,0,0,1,0,차대사람 - 횡단중,보행자보호의무위반,포장 - 기타,맑음,교차로 - 교차로횡단보도내,화물,남,22세,상해없음,보행자,남,30세,경상
15892,2019081400100185,2019년 8월 14일 09시,수요일,서울특별시 강남구 삼성동,중상사고,0,1,0,0,차대사람 - 보도통행중,보행자보호의무위반,포장 - 건조,맑음,단일로 - 기타,승용,남,46세,상해없음,보행자,여,21세,중상
15893,2019081400100186,2019년 8월 14일 09시,수요일,서울특별시 강남구 삼성동,경상사고,0,0,1,0,차대사람 - 기타,안전운전불이행,포장 - 건조,맑음,단일로 - 기타,승용,여,36세,상해없음,보행자,여,24세,경상
15894,2019081400100188,2019년 8월 14일 09시,수요일,서울특별시 구로구 개봉동,경상사고,0,0,1,0,차대사람 - 길가장자리구역통행중,안전운전불이행,포장 - 건조,맑음,교차로 - 교차로부근,승용,여,49세,상해없음,보행자,여,35세,경상
15895,2019081400100189,2019년 8월 14일 09시,수요일,서울특별시 구로구 천왕동,중상사고,0,1,0,0,차대사람 - 기타,신호위반,포장 - 건조,맑음,교차로 - 교차로횡단보도내,승용,여,44세,상해없음,보행자,여,76세,중상
15896,2019081400100234,2019년 8월 14일 10시,수요일,서울특별시 도봉구 도봉동,중상사고,0,1,0,0,차대사람 - 횡단중,안전운전불이행,포장 - 건조,맑음,교차로 - 교차로안,승용,남,27세,상해없음,보행자,여,65세,중상
15897,2019081400100268,2019년 8월 14일 11시,수요일,서울특별시 관악구 신림동,경상사고,0,0,1,0,차대사람 - 횡단중,안전운전불이행,포장 - 건조,맑음,단일로 - 기타,승합,남,43세,상해없음,보행자,여,84세,경상
15898,2019081400100309,2019년 8월 14일 12시,수요일,서울특별시 관악구 신림동,중상사고,0,1,0,1,차대사람 - 횡단중,안전운전불이행,포장 - 건조,맑음,교차로 - 교차로부근,승용,여,37세,상해없음,보행자,여,53세,중상
15899,2019081400100310,2019년 8월 14일 12시,수요일,서울특별시 강남구 역삼동,경상사고,0,0,1,0,차대사람 - 보도통행중,안전운전불이행,포장 - 건조,맑음,기타 - 기타,기타불명,기타불명,미분류,기타불명,보행자,여,18세,경상
15900,2019081400100348,2019년 8월 14일 13시,수요일,서울특별시 중랑구 망우동,중상사고,0,1,0,0,차대사람 - 기타,기타,포장 - 건조,맑음,기타 - 기타,기타불명,기타불명,미분류,기타불명,보행자,여,80세,중상
15901,2019081400100349,2019년 8월 14일 13시,수요일,서울특별시 강동구 암사동,경상사고,0,0,1,0,차대사람 - 기타,안전운전불이행,포장 - 건조,맑음,단일로 - 기타,승용,남,64세,상해없음,보행자,여,59세,경상
15902,2019081400100352,2019년 8월 14일 13시,수요일,서울특별시 도봉구 창동,중상사고,0,1,0,0,차대사람 - 기타,안전운전불이행,포장 - 건조,맑음,교차로 - 교차로안,승용,여,65세,상해없음,보행자,여,81세,중상
15903,2019081400100387,2019년 8월 14일 14시,수요일,서울특별시 강동구 성내동,중상사고,0,1,0,0,차대사람 - 횡단중,안전운전불이행,포장 - 건조,맑음,단일로 - 기타,화물,남,24세,상해없음,보행자,여,83세,중상
15904,2019081400100426,2019년 8월 14일 15시,수요일,서울특별시 영등포구 영등포동8가,사망사고,1,0,0,0,차대사람 - 횡단중,보행자보호의무위반,포장 - 건조,맑음,교차로 - 교차로횡단보도내,건설기계,남,63세,상해없음,보행자,여,79세,사망
15905,2019081400100427,2019년 8월 14일 15시,수요일,서울특별시 관악구 신림동,경상사고,0,0,1,0,차대사람 - 기타,안전운전불이행,포장 - 건조,맑음,단일로 - 기타,화물,남,36세,상해없음,보행자,여,38세,경상
15906,2019081400100429,2019년 8월 14일 15시,수요일,서울특별시 양천구 신월동,경상사고,0,0,1,0,차대사람 - 기타,안전운전불이행,포장 - 건조,맑음,교차로 - 교차로횡단보도내,승용,남,27세,상해없음,보행자,남,69세,경상
15907,2019081400100629,2019년 8월 14일 19시,수요일,서울특별시 영등포구 대림동,경상사고,0,0,1,0,차대사람 - 기타,안전운전불이행,포장 - 건조,맑음,단일로 - 기타,승용,남,28세,상해없음,보행자,남,83세,경상
15908,2019081400100633,2019년 8월 14일 19시,수요일,서울특별시 강서구 화곡동,중상사고,0,1,0,0,차대사람 - 차도통행중,안전운전불이행,포장 - 건조,맑음,교차로 - 교차로부근,화물,남,37세,상해없음,보행자,여,23세,중상
15909,2019081400100638,2019년 8월 14일 19시,수요일,서울특별시 은평구 역촌동,경상사고,0,0,1,0,차대사람 - 보도통행중,기타,포장 - 건조,맑음,기타 - 기타,승용,여,51세,상해없음,보행자,남,44세,경상
15910,2019081400100669,2019년 8월 14일 20시,수요일,서울특별시 중랑구 면목동,중상사고,0,1,0,0,차대사람 - 횡단중,안전운전불이행,포장 - 건조,맑음,교차로 - 교차로횡단보도내,승용,여,43세,상해없음,보행자,여,86세,중상
15911,2019081400100673,2019년 8월 14일 20시,수요일,서울특별시 은평구 역촌동,중상사고,0,1,0,0,차대사람 - 기타,신호위반,포장 - 건조,흐림,교차로 - 교차로부근,승용,남,37세,상해없음,보행자,여,27세,중상
15912,2019081400100709,2019년 8월 14일 21시,수요일,서울특별시 성북구 장위동,경상사고,0,0,1,0,차대사람 - 횡단중,보행자보호의무위반,포장 - 건조,맑음,단일로 - 기타,화물,남,56세,상해없음,보행자,남,32세,경상
15913,2019081400100784,2019년 8월 14일 23시,수요일,서울특별시 강남구 신사동,중상사고,0,1,0,0,차대사람 - 기타,안전운전불이행,포장 - 건조,맑음,기타 - 기타,승용,남,65세,상해없음,보행자,남,28세,중상
15914,2019081400100785,2019년 8월 14일 23시,수요일,서울특별시 강서구 등촌동,경상사고,0,0,1,0,차대사람 - 기타,안전운전불이행,포장 - 건조,맑음,단일로 - 기타,기타불명,기타불명,미분류,기타불명,보행자,남,52세,경상
15915,2019081500100051,2019년 8월 15일 02시,목요일,서울특별시 용산구 이태원동,경상사고,0,0,1,0,차대사람 - 기타,안전운전불이행,포장 - 건조,맑음,단일로 - 기타,승용,남,19세,상해없음,보행자,여,29세,경상
15916,2019081500100074,2019년 8월 15일 05시,목요일,서울특별시 용산구 이태원동,경상사고,0,0,1,0,차대사람 - 기타,안전운전불이행,포장 - 건조,맑음,단일로 - 기타,승용,남,26세,상해없음,보행자,남,25세,경상
15917,2019081500100082,2019년 8월 15일 06시,목요일,서울특별시 송파구 가락동,경상사고,0,0,1,0,차대사람 - 횡단중,불법유턴,포장 - 건조,맑음,단일로 - 기타,승용,남,63세,상해없음,보행자,여,57세,경상
15918,2019081500100142,2019년 8월 15일 10시,목요일,서울특별시 서대문구 홍제동,부상신고사고,0,0,0,1,차대사람 - 기타,기타,포장 - 젖음/습기,흐림,단일로 - 기타,승합,남,62세,상해없음,보행자,여,54세,부상신고
15919,2019081500100226,2019년 8월 15일 13시,목요일,서울특별시 성북구 길음동,경상사고,0,0,1,0,차대사람 - 기타,안전운전불이행,포장 - 젖음/습기,비,단일로 - 기타,기타불명,기타불명,미분류,기타불명,보행자,여,72세,경상
15920,2019081500100252,2019년 8월 15일 14시,목요일,서울특별시 종로구 서린동,경상사고,0,0,1,0,차대사람 - 기타,안전운전불이행,포장 - 젖음/습기,비,교차로 - 교차로안,승합,남,56세,상해없음,보행자,남,20세,경상
15921,2019081500100253,2019년 8월 15일 14시,목요일,서울특별시 성동구 마장동,중상사고,0,1,0,0,차대사람 - 횡단중,신호위반,포장 - 젖음/습기,비,단일로 - 기타,승용,남,61세,상해없음,보행자,남,41세,중상
15922,2019081500100255,2019년 8월 15일 14시,목요일,서울특별시 강동구 길동,중상사고,0,1,0,0,차대사람 - 기타,안전운전불이행,포장 - 건조,맑음,단일로 - 기타,승용,남,36세,상해없음,보행자,남,35세,중상
15923,2019081500100257,2019년 8월 15일 14시,목요일,서울특별시 은평구 대조동,중상사고,0,1,0,0,차대사람 - 길가장자리구역통행중,안전운전불이행,포장 - 젖음/습기,비,교차로 - 교차로안,승용,남,40세,상해없음,보행자,여,68세,중상
15924,2019081500100294,2019년 8월 15일 15시,목요일,서울특별시 서대문구 대신동,경상사고,0,0,1,0,차대사람 - 횡단중,신호위반,포장 - 젖음/습기,비,단일로 - 기타,승용,남,78세,상해없음,보행자,여,36세,경상
15925,2019081500100295,2019년 8월 15일 15시,목요일,서울특별시 강남구 신사동,경상사고,0,0,1,0,차대사람 - 기타,안전운전불이행,포장 - 건조,맑음,단일로 - 기타,승용,남,33세,상해없음,보행자,남,32세,경상
15926,2019081500100391,2019년 8월 15일 18시,목요일,서울특별시 용산구 이태원동,경상사고,0,0,1,0,차대사람 - 기타,안전운전불이행,포장 - 건조,흐림,기타 - 기타,승용,남,34세,상해없음,보행자,남,52세,경상
15927,2019081500100452,2019년 8월 15일 20시,목요일,서울특별시 송파구 마천동,부상신고사고,0,0,0,1,차대사람 - 기타,안전운전불이행,포장 - 젖음/습기,흐림,단일로 - 기타,승용,남,54세,상해없음,보행자,남,67세,부상신고
15928,2019081500100453,2019년 8월 15일 20시,목요일,서울특별시 성북구 종암동,경상사고,0,0,1,0,차대사람 - 횡단중,안전운전불이행,포장 - 건조,맑음,단일로 - 기타,승용,남,30세,기타불명,보행자,남,61세,경상
15929,2019081500100516,2019년 8월 15일 23시,목요일,서울특별시 동대문구 장안동,경상사고,0,0,1,0,차대사람 - 횡단중,안전운전불이행,포장 - 건조,맑음,단일로 - 기타,승용,남,62세,상해없음,보행자,여,59세,경상
15930,2019081500100520,2019년 8월 15일 23시,목요일,서울특별시 송파구 잠실동,경상사고,0,0,1,0,차대사람 - 기타,안전운전불이행,포장 - 건조,맑음,기타 - 기타,승용,여,27세,상해없음,보행자,여,30세,경상
15931,2019081500100521,2019년 8월 15일 23시,목요일,서울특별시 성북구 하월곡동,중상사고,0,1,0,0,차대사람 - 차도통행중,안전운전불이행,포장 - 건조,맑음,교차로 - 교차로안,승용,여,23세,상해없음,보행자,여,23세,중상
15932,2019081600100027,2019년 8월 16일 01시,금요일,서울특별시 강남구 신사동,경상사고,0,0,1,0,차대사람 - 기타,안전운전불이행,포장 - 건조,맑음,단일로 - 기타,승용,여,73세,상해없음,보행자,여,65세,경상
15933,2019081600100044,2019년 8월 16일 03시,금요일,서울특별시 관악구 봉천동,중상사고,0,1,0,0,차대사람 - 횡단중,안전운전불이행,포장 - 건조,흐림,단일로 - 기타,화물,남,40세,상해없음,보행자,남,36세,중상
15934,2019081600100048,2019년 8월 16일 04시,금요일,서울특별시 종로구 혜화동,경상사고,0,0,1,0,차대사람 - 기타,안전운전불이행,포장 - 건조,맑음,교차로 - 교차로안,승용,남,61세,상해없음,보행자,남,27세,경상
15935,2019081600100084,2019년 8월 16일 07시,금요일,서울특별시 노원구 월계동,중상사고,0,1,0,0,차대사람 - 횡단중,보행자보호의무위반,포장 - 건조,맑음,교차로 - 교차로횡단보도내,승용,남,76세,상해없음,보행자,여,71세,중상
15936,2019081600100101,2019년 8월 16일 08시,금요일,서울특별시 마포구 연남동,중상사고,0,1,1,0,차대사람 - 횡단중,보행자보호의무위반,포장 - 건조,맑음,교차로 - 교차로부근,승용,남,67세,상해없음,보행자,여,29세,중상
15937,2019081600100103,2019년 8월 16일 08시,금요일,서울특별시 강동구 성내동,부상신고사고,0,0,0,1,차대사람 - 기타,안전운전불이행,포장 - 건조,맑음,단일로 - 기타,승용,여,67세,상해없음,보행자,남,28세,부상신고
15938,2019081600100138,2019년 8월 16일 09시,금요일,서울특별시 동대문구 답십리동,중상사고,0,1,0,0,차대사람 - 기타,안전운전불이행,포장 - 건조,맑음,단일로 - 기타,화물,남,34세,상해없음,보행자,여,72세,중상
15939,2019081600100141,2019년 8월 16일 09시,금요일,서울특별시 중랑구 면목동,중상사고,0,1,0,0,차대사람 - 길가장자리구역통행중,안전운전불이행,포장 - 건조,흐림,단일로 - 기타,승용,남,63세,상해없음,보행자,여,53세,중상
15940,2019081600100186,2019년 8월 16일 10시,금요일,서울특별시 은평구 녹번동,중상사고,0,1,0,0,차대사람 - 횡단중,신호위반,포장 - 젖음/습기,비,단일로 - 기타,승용,남,64세,상해없음,보행자,남,21세,중상
15941,2019081600100187,2019년 8월 16일 10시,금요일,서울특별시 영등포구 여의도동,경상사고,0,0,1,0,차대사람 - 횡단중,신호위반,포장 - 건조,맑음,단일로 - 기타,건설기계,남,51세,상해없음,보행자,여,32세,경상
15942,2019081600100190,2019년 8월 16일 10시,금요일,서울특별시 중랑구 상봉동,경상사고,0,0,1,0,차대사람 - 기타,기타,포장 - 건조,맑음,기타 - 기타,원동기,여,58세,상해없음,보행자,여,64세,경상
15943,2019081600100220,2019년 8월 16일 11시,금요일,서울특별시 종로구 충신동,부상신고사고,0,0,0,1,차대사람 - 기타,안전운전불이행,포장 - 건조,맑음,단일로 - 기타,승용,남,72세,상해없음,보행자,남,90세 이상,부상신고
15944,2019081600100223,2019년 8월 16일 11시,금요일,서울특별시 강북구 미아동,부상신고사고,0,0,0,1,차대사람 - 기타,안전운전불이행,포장 - 건조,맑음,교차로 - 교차로안,화물,남,62세,상해없음,보행자,여,19세,부상신고
15945,2019081600100299,2019년 8월 16일 13시,금요일,서울특별시 광진구 중곡동,중상사고,0,1,0,0,차대사람 - 기타,안전운전불이행,포장 - 건조,맑음,기타 - 기타,승용,남,77세,상해없음,보행자,여,58세,중상
15946,2019081600100300,2019년 8월 16일 13시,금요일,서울특별시 마포구 망원동,중상사고,0,1,0,0,차대사람 - 횡단중,보행자보호의무위반,포장 - 건조,맑음,교차로 - 교차로횡단보도내,화물,남,41세,상해없음,보행자,여,64세,중상
15947,2019081600100302,2019년 8월 16일 13시,금요일,서울특별시 중랑구 묵동,경상사고,0,0,1,0,차대사람 - 횡단중,보행자보호의무위반,포장 - 건조,맑음,단일로 - 기타,승용,남,84세,상해없음,보행자,남,24세,경상
15948,2019081600100347,2019년 8월 16일 14시,금요일,서울특별시 강서구 화곡동,중상사고,0,1,0,0,차대사람 - 보도통행중,보행자보호의무위반,포장 - 기타,맑음,교차로 - 교차로안,승용,여,30세,상해없음,보행자,여,33세,중상
15949,2019081600100379,2019년 8월 16일 15시,금요일,서울특별시 광진구 자양동,중상사고,0,1,0,0,차대사람 - 기타,안전운전불이행,포장 - 건조,맑음,기타 - 기타,승용,여,37세,상해없음,보행자,여,77세,중상