,사고번호,사고일시,요일,시군구,사고내용,사망자수,중상자수,경상자수,부상신고자수,사고유형,법규위반,노면상태,기상상태,도로형태,가해운전자 차종,가해운전자 성별,가해운전자 연령,가해운전자 상해정도,피해운전자 차종,피해운전자 성별,피해운전자 연령,피해운전자 상해정도
15950,2019081600100380,2019년 8월 16일 15시,금요일,서울특별시 동작구 노량진동,경상사고,0,0,1,0,차대사람 - 기타,안전운전불이행,포장 - 건조,맑음,교차로 - 교차로부근,승용,남,42세,상해없음,보행자,남,24세,경상
15951,2019081600100424,2019년 8월 16일 16시,금요일,서울특별시 송파구 신천동,경상사고,0,0,1,0,차대사람 - 기타,보행자보호의무위반,포장 - 건조,맑음,교차로 - 교차로부근,승용,남,31세,상해없음,보행자,남,10세,경상
15952,2019081600100425,2019년 8월 16일 16시,금요일,서울특별시 송파구 잠실동,부상신고사고,0,0,0,1,차대사람 - 기타,안전운전불이행,포장 - 건조,맑음,단일로 - 기타,승합,남,66세,상해없음,보행자,남,67세,부상신고
15953,2019081600100426,2019년 8월 16일 16시,금요일,서울특별시 구로구 신도림동,경상사고,0,0,1,0,차대사람 - 기타,안전운전불이행,포장 - 건조,맑음,단일로 - 기타,승용,여,36세,상해없음,보행자,남,62세,경상
15954,2019081600100454,2019년 8월 16일 17시,금요일,서울특별시 종로구 인의동,부상신고사고,0,0,0,1,차대사람 - 길가장자리구역통행중,안전운전불이행,포장 - 건조,맑음,단일로 - 기타,승용,남,65세,상해없음,보행자,남,19세,부상신고
15955,2019081600100458,2019년 8월 16일 17시,금요일,서울특별시 은평구 갈현동,경상사고,0,0,2,0,차대사람 - 횡단중,안전운전불이행,포장 - 건조,맑음,단일로 - 기타,이륜,남,61세,경상,보행자,여,30세,경상
15956,2019081600100508,2019년 8월 16일 18시,금요일,서울특별시 강남구 대치동,경상사고,0,0,1,0,차대사람 - 기타,안전운전불이행,포장 - 건조,맑음,단일로 - 기타,승용,여,51세,상해없음,보행자,여,17세,경상
15957,2019081600100565,2019년 8월 16일 19시,금요일,서울특별시 송파구 거여동,경상사고,0,0,1,0,차대사람 - 횡단중,보행자보호의무위반,포장 - 건조,맑음,교차로 - 교차로안,승용,남,61세,상해없음,보행자,여,12세,경상
15958,2019081600100602,2019년 8월 16일 20시,금요일,서울특별시 동작구 본동,부상신고사고,0,0,0,1,차대사람 - 기타,안전운전불이행,포장 - 건조,맑음,단일로 - 기타,자전거,남,43세,부상신고,보행자,여,15세,상해없음
15959,2019081600100604,2019년 8월 16일 20시,금요일,서울특별시 양천구 목동,경상사고,0,0,1,0,차대사람 - 횡단중,안전운전불이행,포장 - 건조,맑음,교차로 - 교차로안,화물,남,36세,상해없음,보행자,여,67세,경상
15960,2019081600100605,2019년 8월 16일 20시,금요일,서울특별시 노원구 월계동,중상사고,0,1,0,0,차대사람 - 차도통행중,안전운전불이행,포장 - 건조,맑음,교차로 - 교차로안,승용,남,65세,상해없음,보행자,남,63세,중상
15961,2019081600100607,2019년 8월 16일 20시,금요일,서울특별시 도봉구 방학동,중상사고,0,1,0,0,차대사람 - 기타,안전운전불이행,포장 - 건조,맑음,교차로 - 교차로부근,자전거,남,60세,상해없음,보행자,여,77세,중상
15962,2019081600100683,2019년 8월 16일 23시,금요일,서울특별시 광진구 자양동,경상사고,0,0,2,0,차대사람 - 기타,안전운전불이행,포장 - 건조,맑음,단일로 - 기타,개인형이동수단(PM),남,18세,경상,보행자,여,19세,경상
15963,2019081700100034,2019년 8월 17일 01시,토요일,서울특별시 서대문구 남가좌동,부상신고사고,0,0,0,1,차대사람 - 기타,안전운전불이행,포장 - 건조,맑음,단일로 - 기타,승용,남,53세,상해없음,보행자,남,37세,부상신고
15964,2019081700100051,2019년 8월 17일 02시,토요일,서울특별시 금천구 독산동,중상사고,0,1,0,0,차대사람 - 횡단중,안전운전불이행,포장 - 건조,맑음,교차로 - 교차로안,승용,남,54세,상해없음,보행자,남,41세,중상
15965,2019081700100070,2019년 8월 17일 04시,토요일,서울특별시 구로구 개봉동,중상사고,0,1,0,0,차대사람 - 횡단중,안전운전불이행,포장 - 건조,맑음,교차로 - 교차로부근,화물,남,67세,상해없음,보행자,남,26세,중상
15966,2019081700100096,2019년 8월 17일 06시,토요일,서울특별시 은평구 신사동,중상사고,0,1,0,0,차대사람 - 횡단중,안전운전불이행,포장 - 건조,맑음,단일로 - 기타,원동기,남,30세,상해없음,보행자,남,63세,중상
15967,2019081700100127,2019년 8월 17일 08시,토요일,서울특별시 강북구 미아동,중상사고,0,1,0,0,차대사람 - 횡단중,보행자보호의무위반,포장 - 건조,맑음,단일로 - 기타,승용,여,43세,상해없음,보행자,여,65세,중상
15968,2019081700100128,2019년 8월 17일 08시,토요일,서울특별시 은평구 갈현동,부상신고사고,0,0,0,1,차대사람 - 기타,안전운전불이행,포장 - 건조,흐림,교차로 - 교차로부근,승용,여,38세,상해없음,보행자,남,38세,부상신고
15969,2019081700100162,2019년 8월 17일 10시,토요일,서울특별시 마포구 서교동,경상사고,0,0,1,0,차대사람 - 기타,안전운전불이행,포장 - 건조,맑음,단일로 - 기타,승용,여,27세,상해없음,보행자,남,34세,경상
15970,2019081700100163,2019년 8월 17일 10시,토요일,서울특별시 송파구 삼전동,중상사고,0,1,0,0,차대사람 - 기타,안전운전불이행,포장 - 건조,맑음,교차로 - 교차로부근,승용,여,47세,상해없음,보행자,여,60세,중상
15971,2019081700100164,2019년 8월 17일 10시,토요일,서울특별시 강남구 대치동,경상사고,0,0,1,0,차대사람 - 기타,안전운전불이행,포장 - 건조,맑음,교차로 - 교차로안,승용,여,41세,상해없음,보행자,여,63세,경상
15972,2019081700100186,2019년 8월 17일 11시,토요일,서울특별시 송파구 잠실동,중상사고,0,1,0,0,차대사람 - 차도통행중,안전운전불이행,포장 - 건조,맑음,단일로 - 기타,화물,남,55세,상해없음,보행자,여,81세,중상
15973,2019081700100222,2019년 8월 17일 12시,토요일,서울특별시 서대문구 홍은동,경상사고,0,0,1,0,차대사람 - 횡단중,신호위반,포장 - 건조,맑음,교차로 - 교차로횡단보도내,승용,여,48세,상해없음,보행자,남,31세,경상
15974,2019081700100260,2019년 8월 17일 13시,토요일,서울특별시 강남구 신사동,경상사고,0,0,1,0,차대사람 - 기타,안전운전불이행,포장 - 건조,맑음,기타 - 기타,승용,남,71세,상해없음,보행자,남,65세,경상
15975,2019081700100265,2019년 8월 17일 13시,토요일,서울특별시 은평구 불광동,경상사고,0,0,1,0,차대사람 - 기타,안전거리미확보,포장 - 건조,맑음,교차로 - 교차로부근,승용,여,39세,상해없음,보행자,여,70세,경상
15976,2019081700100308,2019년 8월 17일 14시,토요일,서울특별시 송파구 잠실동,경상사고,0,0,1,0,차대사람 - 기타,기타,포장 - 건조,맑음,단일로 - 기타,원동기,남,33세,상해없음,보행자,여,67세,경상
15977,2019081700100309,2019년 8월 17일 14시,토요일,서울특별시 송파구 삼전동,경상사고,0,0,1,0,차대사람 - 기타,안전운전불이행,포장 - 건조,맑음,단일로 - 기타,승용,여,42세,상해없음,보행자,남,45세,경상
15978,2019081700100311,2019년 8월 17일 14시,토요일,서울특별시 도봉구 방학동,중상사고,0,1,0,0,차대사람 - 차도통행중,안전운전불이행,포장 - 건조,맑음,교차로 - 교차로부근,승용,남,67세,상해없음,보행자,남,43세,중상
15979,2019081700100354,2019년 8월 17일 15시,토요일,서울특별시 은평구 진관동,중상사고,0,1,0,0,차대사람 - 기타,안전운전불이행,포장 - 건조,맑음,교차로 - 교차로부근,승용,여,49세,상해없음,보행자,남,78세,중상
15980,2019081700100390,2019년 8월 17일 16시,토요일,서울특별시 강북구 미아동,중상사고,0,1,0,0,차대사람 - 기타,기타,포장 - 건조,맑음,교차로 - 교차로부근,개인형이동수단(PM),남,41세,상해없음,보행자,여,24세,중상
15981,2019081700100426,2019년 8월 17일 17시,토요일,서울특별시 종로구 종로6가,경상사고,0,0,1,0,차대사람 - 횡단중,안전운전불이행,포장 - 건조,맑음,교차로 - 교차로부근,승용,여,54세,상해없음,보행자,여,61세,경상
15982,2019081700100427,2019년 8월 17일 17시,토요일,서울특별시 마포구 망원동,중상사고,0,1,0,0,차대사람 - 기타,안전운전불이행,포장 - 기타,맑음,단일로 - 기타,이륜,남,47세,상해없음,보행자,남,79세,중상
15983,2019081700100432,2019년 8월 17일 17시,토요일,서울특별시 송파구 잠실동,경상사고,0,0,1,0,차대사람 - 기타,안전운전불이행,포장 - 건조,맑음,단일로 - 기타,승용,남,72세,상해없음,보행자,남,16세,경상
15984,2019081700100433,2019년 8월 17일 17시,토요일,서울특별시 노원구 월계동,경상사고,0,0,1,0,차대사람 - 횡단중,안전운전불이행,포장 - 건조,맑음,교차로 - 교차로부근,승합,남,47세,상해없음,보행자,남,64세,경상
15985,2019081700100472,2019년 8월 17일 18시,토요일,서울특별시 영등포구 양평동5가,중상사고,0,1,0,0,차대사람 - 횡단중,안전운전불이행,포장 - 건조,맑음,단일로 - 기타,자전거,여,46세,중상,보행자,남,10세,상해없음
15986,2019081700100476,2019년 8월 17일 18시,토요일,서울특별시 강동구 명일동,경상사고,0,0,1,0,차대사람 - 차도통행중,안전운전불이행,포장 - 건조,맑음,단일로 - 기타,승용,남,73세,상해없음,보행자,여,73세,경상
15987,2019081700100557,2019년 8월 17일 20시,토요일,서울특별시 영등포구 신길동,중상사고,0,1,1,0,차대사람 - 횡단중,신호위반,포장 - 건조,맑음,단일로 - 기타,이륜,남,30세,상해없음,보행자,남,31세,중상
15988,2019081700100586,2019년 8월 17일 21시,토요일,서울특별시 노원구 상계동,경상사고,0,0,1,0,차대사람 - 보도통행중,기타,포장 - 건조,흐림,단일로 - 기타,자전거,여,70세,상해없음,보행자,남,65세,경상
15989,2019081700100622,2019년 8월 17일 22시,토요일,서울특별시 서초구 서초동,경상사고,0,0,1,0,차대사람 - 보도통행중,안전운전불이행,포장 - 건조,맑음,단일로 - 기타,승용,남,26세,상해없음,보행자,남,24세,경상
15990,2019081700100636,2019년 8월 17일 23시,토요일,서울특별시 용산구 이태원동,경상사고,0,0,2,0,차대사람 - 횡단중,안전운전불이행,포장 - 건조,맑음,단일로 - 기타,승용,남,27세,상해없음,보행자,남,34세,경상
15991,2019081800100023,2019년 8월 18일 00시,일요일,서울특별시 강서구 등촌동,부상신고사고,0,0,0,1,차대사람 - 기타,안전운전불이행,포장 - 건조,흐림,단일로 - 기타,이륜,남,35세,부상신고,보행자,남,67세,상해없음
15992,2019081800100035,2019년 8월 18일 01시,일요일,서울특별시 용산구 한남동,중상사고,0,1,0,0,차대사람 - 횡단중,보행자보호의무위반,포장 - 건조,맑음,교차로 - 교차로횡단보도내,기타불명,기타불명,미분류,기타불명,보행자,남,29세,중상
15993,2019081800100051,2019년 8월 18일 02시,일요일,서울특별시 강북구 미아동,부상신고사고,0,0,0,1,차대사람 - 횡단중,안전운전불이행,포장 - 건조,맑음,단일로 - 기타,승용,남,68세,상해없음,보행자,남,35세,부상신고
15994,2019081800100075,2019년 8월 18일 04시,일요일,서울특별시 강서구 등촌동,중상사고,0,1,0,0,차대사람 - 기타,안전운전불이행,포장 - 건조,맑음,단일로 - 기타,화물,남,51세,상해없음,보행자,남,27세,중상
15995,2019081800100102,2019년 8월 18일 07시,일요일,서울특별시 용산구 후암동,중상사고,0,1,0,0,차대사람 - 횡단중,안전운전불이행,포장 - 건조,맑음,단일로 - 기타,자전거,남,37세,상해없음,보행자,여,76세,중상
15996,2019081800100112,2019년 8월 18일 08시,일요일,서울특별시 도봉구 창동,중상사고,0,1,0,0,차대사람 - 기타,안전운전불이행,포장 - 건조,맑음,교차로 - 교차로안,승용,여,49세,상해없음,보행자,남,30세,중상
15997,2019081800100125,2019년 8월 18일 09시,일요일,서울특별시 양천구 신정동,사망사고,1,0,0,0,차대사람 - 기타,중앙선침범,포장 - 건조,맑음,단일로 - 기타,이륜,남,17세,상해없음,보행자,여,78세,사망
15998,2019081800100155,2019년 8월 18일 11시,일요일,서울특별시 성북구 동선동4가,경상사고,0,0,1,0,차대사람 - 횡단중,안전운전불이행,포장 - 건조,맑음,단일로 - 기타,승합,남,43세,상해없음,보행자,여,68세,경상
15999,2019081800100175,2019년 8월 18일 12시,일요일,서울특별시 양천구 목동,경상사고,0,0,1,0,차대사람 - 보도통행중,안전운전불이행,포장 - 건조,맑음,기타 - 기타,승용,남,73세,상해없음,보행자,여,26세,경상
16000,2019081800100193,2019년 8월 18일 13시,일요일,서울특별시 강남구 역삼동,중상사고,0,1,0,0,차대사람 - 기타,안전운전불이행,포장 - 건조,맑음,교차로 - 교차로안,개인형이동수단(PM),남,29세,상해없음,보행자,여,70세,중상
16001,2019081800100195,2019년 8월 18일 13시,일요일,서울특별시 노원구 상계동,경상사고,0,0,1,0,차대사람 - 횡단중,신호위반,포장 - 건조,맑음,교차로 - 교차로횡단보도내,승용,여,57세,상해없음,보행자,남,57세,경상
16002,2019081800100257,2019년 8월 18일 15시,일요일,서울특별시 양천구 신정동,경상사고,0,0,1,0,차대사람 - 보도통행중,기타,포장 - 건조,맑음,기타 - 기타,승용,여,45세,상해없음,보행자,여,19세,경상
16003,2019081800100283,2019년 8월 18일 16시,일요일,서울특별시 노원구 상계동,중상사고,0,1,0,0,차대사람 - 기타,안전운전불이행,포장 - 건조,맑음,단일로 - 기타,승용,남,65세,상해없음,보행자,여,58세,중상
16004,2019081800100310,2019년 8월 18일 17시,일요일,서울특별시 송파구 잠실동,경상사고,0,0,1,0,차대사람 - 기타,안전운전불이행,포장 - 건조,맑음,단일로 - 기타,자전거,남,31세,상해없음,보행자,남,10세,경상
16005,2019081800100427,2019년 8월 18일 21시,일요일,서울특별시 구로구 개봉동,경상사고,0,0,1,0,차대사람 - 기타,안전운전불이행,포장 - 건조,맑음,교차로 - 교차로부근,기타불명,기타불명,미분류,기타불명,보행자,남,57세,경상
16006,2019081800100450,2019년 8월 18일 22시,일요일,서울특별시 마포구 서교동,경상사고,0,0,1,0,차대사람 - 기타,안전운전불이행,포장 - 건조,흐림,단일로 - 기타,승용,남,18세,상해없음,보행자,여,20세,경상
16007,2019081800100451,2019년 8월 18일 22시,일요일,서울특별시 영등포구 대림동,경상사고,0,0,1,0,차대사람 - 기타,안전운전불이행,포장 - 건조,흐림,단일로 - 기타,승용,남,30세,상해없음,보행자,남,33세,경상
16008,2019081800100452,2019년 8월 18일 22시,일요일,서울특별시 영등포구 영등포동,경상사고,0,0,1,0,차대사람 - 차도통행중,안전운전불이행,포장 - 건조,맑음,단일로 - 기타,승용,남,60세,상해없음,보행자,여,41세,경상
16009,2019081800100466,2019년 8월 18일 23시,일요일,서울특별시 영등포구 문래동4가,경상사고,0,0,1,0,차대사람 - 횡단중,안전운전불이행,포장 - 건조,맑음,단일로 - 기타,승용,남,30세,상해없음,보행자,여,35세,경상
16010,2019081800100468,2019년 8월 18일 23시,일요일,서울특별시 양천구 신정동,부상신고사고,0,0,0,1,차대사람 - 차도통행중,안전운전불이행,포장 - 건조,맑음,단일로 - 기타,승용,남,63세,상해없음,보행자,남,46세,부상신고
16011,2019081900100031,2019년 8월 19일 01시,월요일,서울특별시 서대문구 홍은동,경상사고,0,0,1,0,차대사람 - 횡단중,안전운전불이행,포장 - 건조,흐림,단일로 - 기타,승용,남,26세,상해없음,보행자,여,42세,경상
16012,2019081900100101,2019년 8월 19일 08시,월요일,서울특별시 용산구 산천동,경상사고,0,0,1,0,차대사람 - 길가장자리구역통행중,안전운전불이행,포장 - 건조,맑음,기타 - 기타,화물,남,54세,상해없음,보행자,여,16세,경상
16013,2019081900100108,2019년 8월 19일 08시,월요일,서울특별시 강동구 천호동,부상신고사고,0,0,0,1,차대사람 - 차도통행중,안전운전불이행,포장 - 건조,맑음,단일로 - 기타,승용,남,62세,상해없음,보행자,여,61세,부상신고
16014,2019081900100154,2019년 8월 19일 09시,월요일,서울특별시 서초구 양재동,경상사고,0,0,1,0,차대사람 - 기타,안전운전불이행,포장 - 건조,맑음,기타 - 기타,승합,남,58세,상해없음,보행자,여,70세,경상
16015,2019081900100186,2019년 8월 19일 10시,월요일,서울특별시 서대문구 홍제동,경상사고,0,0,1,0,차대사람 - 기타,안전운전불이행,포장 - 건조,맑음,교차로 - 교차로안,승용,남,29세,상해없음,보행자,여,69세,경상
16016,2019081900100312,2019년 8월 19일 14시,월요일,서울특별시 광진구 구의동,경상사고,0,0,1,0,차대사람 - 횡단중,보행자보호의무위반,포장 - 건조,맑음,단일로 - 기타,승용,남,44세,상해없음,보행자,남,31세,경상
16017,2019081900100345,2019년 8월 19일 15시,월요일,서울특별시 송파구 오금동,중상사고,0,1,0,0,차대사람 - 기타,안전운전불이행,포장 - 건조,맑음,단일로 - 기타,승용,여,56세,상해없음,보행자,남,62세,중상
16018,2019081900100346,2019년 8월 19일 15시,월요일,서울특별시 강남구 대치동,경상사고,0,0,1,0,차대사람 - 길가장자리구역통행중,안전운전불이행,포장 - 건조,맑음,단일로 - 기타,승용,남,45세,상해없음,보행자,남,63세,경상
16019,2019081900100378,2019년 8월 19일 16시,월요일,서울특별시 성북구 성북동,경상사고,0,0,1,0,차대사람 - 보도통행중,기타,포장 - 건조,맑음,단일로 - 기타,화물,남,56세,상해없음,보행자,남,65세,경상
16020,2019081900100380,2019년 8월 19일 16시,월요일,서울특별시 광진구 구의동,경상사고,0,0,1,0,차대사람 - 길가장자리구역통행중,안전운전불이행,포장 - 건조,맑음,단일로 - 기타,승용,남,55세,상해없음,보행자,남,69세,경상
16021,2019081900100386,2019년 8월 19일 16시,월요일,서울특별시 강남구 대치동,경상사고,0,0,1,0,차대사람 - 기타,보행자보호의무위반,포장 - 건조,맑음,교차로 - 교차로안,승용,남,63세,상해없음,보행자,남,57세,경상
16022,2019081900100461,2019년 8월 19일 18시,월요일,서울특별시 노원구 상계동,경상사고,0,0,1,0,차대사람 - 기타,기타,포장 - 건조,맑음,단일로 - 기타,승합,남,73세,상해없음,보행자,여,81세,경상
16023,2019081900100504,2019년 8월 19일 19시,월요일,서울특별시 동대문구 용두동,중상사고,0,1,0,0,차대사람 - 횡단중,안전운전불이행,포장 - 건조,맑음,단일로 - 기타,승용,여,46세,상해없음,보행자,여,74세,중상
16024,2019081900100505,2019년 8월 19일 19시,월요일,서울특별시 송파구 석촌동,경상사고,0,0,2,0,차대사람 - 횡단중,안전운전불이행,포장 - 건조,맑음,단일로 - 기타,이륜,남,49세,경상,보행자,남,23세,경상
16025,2019081900100562,2019년 8월 19일 21시,월요일,서울특별시 광진구 화양동,경상사고,0,0,1,0,차대사람 - 기타,안전운전불이행,포장 - 건조,맑음,교차로 - 교차로안,승용,남,26세,상해없음,보행자,남,37세,경상
16026,2019081900100564,2019년 8월 19일 21시,월요일,서울특별시 강남구 신사동,중상사고,0,1,0,0,차대사람 - 기타,안전운전불이행,포장 - 건조,맑음,단일로 - 기타,승용,여,30세,상해없음,보행자,남,26세,중상
16027,2019081900100593,2019년 8월 19일 22시,월요일,서울특별시 도봉구 도봉동,사망사고,1,0,0,0,차대사람 - 기타,안전운전불이행,포장 - 건조,흐림,단일로 - 기타,승용,남,44세,상해없음,보행자,남,51세,사망
16028,2019081900100610,2019년 8월 19일 23시,월요일,서울특별시 동작구 흑석동,경상사고,0,0,1,0,차대사람 - 횡단중,안전운전불이행,포장 - 건조,맑음,교차로 - 교차로안,승용,남,60세,상해없음,보행자,남,23세,경상
16029,2019082000100039,2019년 8월 20일 01시,화요일,서울특별시 서초구 잠원동,경상사고,0,0,1,0,차대사람 - 기타,안전운전불이행,포장 - 건조,맑음,단일로 - 기타,승용,남,50세,상해없음,보행자,여,21세,경상
16030,2019082000100053,2019년 8월 20일 03시,화요일,서울특별시 강북구 번동,중상사고,0,1,0,0,차대사람 - 횡단중,안전운전불이행,포장 - 건조,맑음,교차로 - 교차로횡단보도내,승용,남,20세,상해없음,보행자,남,42세,중상
16031,2019082000100064,2019년 8월 20일 05시,화요일,서울특별시 서초구 서초동,부상신고사고,0,0,0,1,차대사람 - 기타,안전운전불이행,포장 - 건조,맑음,단일로 - 기타,승용,기타불명,미분류,기타불명,보행자,여,21세,부상신고
16032,2019082000100073,2019년 8월 20일 06시,화요일,서울특별시 광진구 구의동,경상사고,0,0,1,0,차대사람 - 차도통행중,안전운전불이행,포장 - 기타,맑음,기타 - 기타,화물,남,52세,기타불명,보행자,여,66세,경상
16033,2019082000100087,2019년 8월 20일 07시,화요일,서울특별시 마포구 아현동,중상사고,0,1,0,0,차대사람 - 차도통행중,안전운전불이행,포장 - 건조,맑음,단일로 - 기타,승용,남,36세,상해없음,보행자,남,78세,중상
16034,2019082000100149,2019년 8월 20일 09시,화요일,서울특별시 성북구 동선동4가,경상사고,0,0,1,0,차대사람 - 횡단중,기타,포장 - 건조,맑음,단일로 - 기타,승용,남,79세,상해없음,보행자,여,73세,경상
16035,2019082000100150,2019년 8월 20일 09시,화요일,서울특별시 동대문구 제기동,부상신고사고,0,0,0,1,차대사람 - 길가장자리구역통행중,안전운전불이행,포장 - 기타,맑음,단일로 - 기타,화물,남,31세,상해없음,보행자,남,49세,부상신고
16036,2019082000100151,2019년 8월 20일 09시,화요일,서울특별시 관악구 신림동,중상사고,0,1,0,0,차대사람 - 횡단중,안전운전불이행,포장 - 건조,맑음,교차로 - 교차로부근,승용,남,73세,상해없음,보행자,남,72세,중상
16037,2019082000100154,2019년 8월 20일 09시,화요일,서울특별시 강서구 마곡동,중상사고,0,1,0,0,차대사람 - 횡단중,안전운전불이행,포장 - 건조,맑음,단일로 - 기타,승용,남,66세,상해없음,보행자,남,64세,중상
16038,2019082000100189,2019년 8월 20일 10시,화요일,서울특별시 중구 충무로4가,중상사고,0,1,0,0,차대사람 - 기타,안전운전불이행,포장 - 건조,맑음,단일로 - 기타,건설기계,남,48세,상해없음,보행자,남,71세,중상
16039,2019082000100193,2019년 8월 20일 10시,화요일,서울특별시 동작구 노량진동,경상사고,0,0,1,0,차대사람 - 횡단중,보행자보호의무위반,포장 - 건조,맑음,단일로 - 기타,승용,여,48세,상해없음,보행자,여,8세,경상
16040,2019082000100220,2019년 8월 20일 11시,화요일,서울특별시 송파구 마천동,경상사고,0,0,1,0,차대사람 - 횡단중,신호위반,포장 - 건조,맑음,단일로 - 기타,승용,남,76세,상해없음,보행자,여,37세,경상
16041,2019082000100317,2019년 8월 20일 14시,화요일,서울특별시 강동구 암사동,중상사고,0,1,0,0,차대사람 - 보도통행중,기타,포장 - 건조,맑음,기타 - 기타,원동기,여,63세,상해없음,보행자,여,21세,중상
16042,2019082000100435,2019년 8월 20일 17시,화요일,서울특별시 영등포구 신길동,경상사고,0,0,1,0,차대사람 - 보도통행중,안전운전불이행,포장 - 건조,맑음,기타 - 기타,이륜,남,60세,상해없음,보행자,여,75세,경상
16043,2019082000100480,2019년 8월 20일 18시,화요일,서울특별시 강동구 암사동,부상신고사고,0,0,0,1,차대사람 - 보도통행중,안전거리미확보,포장 - 건조,맑음,기타 - 기타,자전거,남,13세,상해없음,보행자,여,70세,부상신고
16044,2019082000100528,2019년 8월 20일 19시,화요일,서울특별시 강동구 길동,중상사고,0,1,0,0,차대사람 - 횡단중,신호위반,포장 - 건조,맑음,교차로 - 교차로안,화물,남,61세,상해없음,보행자,남,68세,중상
16045,2019082000100529,2019년 8월 20일 19시,화요일,서울특별시 양천구 목동,중상사고,0,1,0,0,차대사람 - 길가장자리구역통행중,안전운전불이행,포장 - 건조,맑음,교차로 - 교차로안,승용,여,27세,상해없음,보행자,남,9세,중상
16046,2019082000100572,2019년 8월 20일 20시,화요일,서울특별시 동작구 노량진동,중상사고,0,1,0,0,차대사람 - 기타,안전운전불이행,포장 - 건조,맑음,기타 - 기타,이륜,남,30세,상해없음,보행자,남,19세,중상
16047,2019082000100576,2019년 8월 20일 20시,화요일,서울특별시 서초구 서초동,경상사고,0,0,1,0,차대사람 - 기타,안전운전불이행,포장 - 건조,기타,단일로 - 기타,승용,여,29세,상해없음,보행자,여,34세,경상
16048,2019082000100645,2019년 8월 20일 23시,화요일,서울특별시 송파구 거여동,중상사고,0,1,0,0,차대사람 - 횡단중,신호위반,포장 - 건조,맑음,교차로 - 교차로부근,이륜,남,25세,상해없음,보행자,여,20세,중상
16049,2019082100100026,2019년 8월 21일 00시,수요일,서울특별시 종로구 세종로,경상사고,0,0,1,0,차대사람 - 차도통행중,안전운전불이행,포장 - 건조,맑음,단일로 - 기타,승용,남,63세,상해없음,보행자,남,26세,경상
16050,2019082100100039,2019년 8월 21일 01시,수요일,서울특별시 종로구 명륜2가,중상사고,0,1,0,0,차대사람 - 기타,안전운전불이행,포장 - 건조,맑음,교차로 - 교차로안,승용,여,49세,상해없음,보행자,남,53세,중상
16051,2019082100100041,2019년 8월 21일 01시,수요일,서울특별시 영등포구 대림동,경상사고,0,0,1,0,차대사람 - 보도통행중,신호위반,포장 - 건조,맑음,교차로 - 교차로안,승용,남,48세,상해없음,보행자,남,49세,경상
16052,2019082100100059,2019년 8월 21일 04시,수요일,서울특별시 동작구 상도동,경상사고,0,0,1,0,차대사람 - 횡단중,보행자보호의무위반,포장 - 건조,맑음,교차로 - 교차로부근,승용,여,63세,상해없음,보행자,남,58세,경상
16053,2019082100100077,2019년 8월 21일 06시,수요일,서울특별시 강남구 도곡동,중상사고,0,1,0,0,차대사람 - 횡단중,안전운전불이행,포장 - 건조,맑음,단일로 - 기타,승합,남,39세,상해없음,보행자,남,69세,중상
16054,2019082100100095,2019년 8월 21일 07시,수요일,서울특별시 동대문구 답십리동,경상사고,0,0,1,0,차대사람 - 기타,안전운전불이행,포장 - 건조,맑음,단일로 - 기타,화물,남,59세,상해없음,보행자,남,17세,경상
16055,2019082100100096,2019년 8월 21일 07시,수요일,서울특별시 성동구 송정동,경상사고,0,0,1,0,차대사람 - 차도통행중,안전운전불이행,포장 - 건조,맑음,단일로 - 기타,승용,남,25세,상해없음,보행자,남,55세,경상
16056,2019082100100097,2019년 8월 21일 07시,수요일,서울특별시 관악구 신림동,부상신고사고,0,0,0,1,차대사람 - 기타,안전운전불이행,포장 - 건조,맑음,단일로 - 기타,승용,남,27세,기타불명,보행자,남,38세,부상신고
16057,2019082100100099,2019년 8월 21일 07시,수요일,서울특별시 은평구 갈현동,경상사고,0,0,1,0,차대사람 - 기타,안전운전불이행,포장 - 건조,맑음,단일로 - 기타,승용,여,47세,상해없음,보행자,남,17세,경상
16058,2019082100100118,2019년 8월 21일 08시,수요일,서울특별시 종로구 명륜2가,경상사고,0,0,1,0,차대사람 - 횡단중,안전운전불이행,포장 - 건조,맑음,교차로 - 교차로안,이륜,남,60세,상해없음,보행자,여,21세,경상
16059,2019082100100157,2019년 8월 21일 09시,수요일,서울특별시 금천구 독산동,중상사고,0,1,0,0,차대사람 - 기타,보행자보호의무위반,포장 - 건조,맑음,단일로 - 기타,승합,남,60세,상해없음,보행자,여,34세,중상
16060,2019082100100182,2019년 8월 21일 10시,수요일,서울특별시 광진구 구의동,경상사고,0,0,1,0,차대사람 - 횡단중,신호위반,포장 - 건조,맑음,교차로 - 교차로횡단보도내,이륜,남,15세,상해없음,보행자,여,78세,경상
16061,2019082100100183,2019년 8월 21일 10시,수요일,서울특별시 양천구 목동,중상사고,0,1,0,0,차대사람 - 기타,안전운전불이행,포장 - 건조,맑음,단일로 - 기타,원동기,남,65세,상해없음,보행자,여,77세,중상
16062,2019082100100210,2019년 8월 21일 11시,수요일,서울특별시 용산구 용문동,경상사고,0,0,1,0,차대사람 - 횡단중,보행자보호의무위반,포장 - 건조,맑음,단일로 - 기타,승용,여,46세,상해없음,보행자,남,10세,경상