,사고번호,사고일시,요일,시군구,사고내용,사망자수,중상자수,경상자수,부상신고자수,사고유형,법규위반,노면상태,기상상태,도로형태,가해운전자 차종,가해운전자 성별,가해운전자 연령,가해운전자 상해정도,피해운전자 차종,피해운전자 성별,피해운전자 연령,피해운전자 상해정도
16063,2019082100100213,2019년 8월 21일 11시,수요일,서울특별시 성북구 종암동,경상사고,0,0,1,0,차대사람 - 횡단중,보행자보호의무위반,포장 - 건조,맑음,교차로 - 교차로횡단보도내,승용,여,60세,상해없음,보행자,여,82세,경상
16064,2019082100100244,2019년 8월 21일 12시,수요일,서울특별시 성북구 보문동7가,경상사고,0,0,1,0,차대사람 - 기타,안전운전불이행,포장 - 건조,맑음,교차로 - 교차로안,승용,남,47세,상해없음,보행자,남,63세,경상
16065,2019082100100310,2019년 8월 21일 14시,수요일,서울특별시 종로구 종로2가,경상사고,0,0,2,0,차대사람 - 차도통행중,안전운전불이행,포장 - 건조,맑음,단일로 - 기타,승용,남,40세,상해없음,보행자,남,53세,경상
16066,2019082100100311,2019년 8월 21일 14시,수요일,서울특별시 영등포구 당산동5가,경상사고,0,0,1,0,차대사람 - 보도통행중,기타,포장 - 건조,맑음,단일로 - 기타,자전거,기타불명,미분류,기타불명,보행자,여,51세,경상
16067,2019082100100345,2019년 8월 21일 15시,수요일,서울특별시 용산구 보광동,사망사고,1,0,0,0,차대사람 - 보도통행중,기타,포장 - 건조,맑음,교차로 - 교차로부근,승용,남,83세,상해없음,보행자,여,42세,사망
16068,2019082100100346,2019년 8월 21일 15시,수요일,서울특별시 성북구 정릉동,경상사고,0,0,1,0,차대사람 - 횡단중,보행자보호의무위반,포장 - 건조,맑음,교차로 - 교차로횡단보도내,승용,남,76세,상해없음,보행자,여,64세,경상
16069,2019082100100347,2019년 8월 21일 15시,수요일,서울특별시 마포구 아현동,경상사고,0,0,1,0,차대사람 - 차도통행중,안전운전불이행,포장 - 기타,맑음,단일로 - 기타,승용,남,74세,상해없음,보행자,남,72세,경상
16070,2019082100100350,2019년 8월 21일 15시,수요일,서울특별시 강남구 청담동,경상사고,0,0,1,0,차대사람 - 기타,기타,포장 - 건조,맑음,기타 - 기타,화물,남,40세,상해없음,보행자,남,48세,경상
16071,2019082100100351,2019년 8월 21일 15시,수요일,서울특별시 송파구 풍납동,경상사고,0,0,1,0,차대사람 - 기타,안전운전불이행,포장 - 건조,흐림,교차로 - 교차로부근,승용,남,65세,상해없음,보행자,여,26세,경상
16072,2019082100100352,2019년 8월 21일 15시,수요일,서울특별시 송파구 송파동,경상사고,0,0,1,0,차대사람 - 기타,안전운전불이행,포장 - 건조,맑음,교차로 - 교차로안,승용,남,56세,상해없음,보행자,여,17세,경상
16073,2019082100100353,2019년 8월 21일 15시,수요일,서울특별시 양천구 신정동,경상사고,0,0,1,0,차대사람 - 기타,안전운전불이행,포장 - 건조,맑음,기타 - 기타,승용,여,54세,상해없음,보행자,여,72세,경상
16074,2019082100100396,2019년 8월 21일 16시,수요일,서울특별시 성북구 길음동,경상사고,0,0,1,0,차대사람 - 기타,기타,포장 - 건조,맑음,단일로 - 기타,승합,남,57세,상해없음,보행자,여,69세,경상
16075,2019082100100431,2019년 8월 21일 17시,수요일,서울특별시 동대문구 장안동,경상사고,0,0,1,0,차대사람 - 기타,안전운전불이행,포장 - 건조,맑음,단일로 - 기타,승합,남,57세,상해없음,보행자,남,79세,경상
16076,2019082100100487,2019년 8월 21일 18시,수요일,서울특별시 은평구 진관동,경상사고,0,0,1,0,차대사람 - 보도통행중,신호위반,포장 - 젖음/습기,비,교차로 - 교차로횡단보도내,승용,여,42세,상해없음,보행자,남,9세,경상
16077,2019082100100585,2019년 8월 21일 20시,수요일,서울특별시 강북구 미아동,경상사고,0,0,1,0,차대사람 - 횡단중,보행자보호의무위반,포장 - 건조,맑음,단일로 - 기타,승용,남,69세,상해없음,보행자,남,65세,경상
16078,2019082100100586,2019년 8월 21일 20시,수요일,서울특별시 영등포구 대림동,중상사고,0,1,0,0,차대사람 - 횡단중,안전운전불이행,포장 - 건조,맑음,단일로 - 기타,기타불명,기타불명,미분류,기타불명,보행자,남,71세,중상
16079,2019082100100624,2019년 8월 21일 21시,수요일,서울특별시 강동구 길동,경상사고,0,0,1,2,차대사람 - 횡단중,보행자보호의무위반,포장 - 젖음/습기,비,교차로 - 교차로횡단보도내,이륜,남,20세,상해없음,보행자,여,29세,경상
16080,2019082100100627,2019년 8월 21일 21시,수요일,서울특별시 노원구 중계동,경상사고,0,0,1,0,차대사람 - 횡단중,신호위반,포장 - 젖음/습기,비,교차로 - 교차로안,승용,남,70세,상해없음,보행자,남,16세,경상
16081,2019082100100663,2019년 8월 21일 22시,수요일,서울특별시 동대문구 답십리동,부상신고사고,0,0,0,1,차대사람 - 기타,안전운전불이행,포장 - 건조,맑음,기타 - 기타,자전거,남,79세,부상신고,보행자,여,31세,상해없음
16082,2019082100100692,2019년 8월 21일 23시,수요일,서울특별시 강남구 논현동,경상사고,0,0,1,0,차대사람 - 기타,안전운전불이행,포장 - 건조,기타,단일로 - 기타,승용,남,23세,상해없음,보행자,남,23세,경상
16083,2019082100100697,2019년 8월 21일 23시,수요일,서울특별시 노원구 상계동,경상사고,0,0,1,0,차대사람 - 차도통행중,안전운전불이행,포장 - 건조,맑음,단일로 - 기타,승용,남,61세,상해없음,보행자,남,46세,경상
16084,2019082200100023,2019년 8월 22일 00시,목요일,서울특별시 서초구 우면동,중상사고,0,1,0,0,차대사람 - 횡단중,신호위반,포장 - 건조,맑음,교차로 - 교차로횡단보도내,이륜,남,25세,상해없음,보행자,남,34세,중상
16085,2019082200100047,2019년 8월 22일 01시,목요일,서울특별시 종로구 명륜2가,부상신고사고,0,0,0,1,차대사람 - 기타,안전운전불이행,포장 - 건조,맑음,교차로 - 교차로안,승용,남,67세,상해없음,보행자,남,35세,부상신고
16086,2019082200100049,2019년 8월 22일 01시,목요일,서울특별시 강남구 논현동,경상사고,0,0,1,0,차대사람 - 기타,안전운전불이행,포장 - 건조,맑음,단일로 - 기타,기타불명,기타불명,미분류,기타불명,보행자,남,36세,경상
16087,2019082200100050,2019년 8월 22일 01시,목요일,서울특별시 강남구 역삼동,경상사고,0,0,1,0,차대사람 - 차도통행중,안전운전불이행,포장 - 건조,맑음,기타 - 기타,승용,남,34세,상해없음,보행자,남,53세,경상
16088,2019082200100104,2019년 8월 22일 07시,목요일,서울특별시 동대문구 휘경동,경상사고,0,0,1,0,차대사람 - 횡단중,안전운전불이행,포장 - 건조,맑음,교차로 - 교차로안,승용,여,49세,상해없음,보행자,여,18세,경상
16089,2019082200100133,2019년 8월 22일 08시,목요일,서울특별시 영등포구 당산동1가,경상사고,0,0,1,0,차대사람 - 기타,안전운전불이행,포장 - 건조,맑음,단일로 - 기타,화물,남,28세,상해없음,보행자,남,42세,경상
16090,2019082200100135,2019년 8월 22일 08시,목요일,서울특별시 강서구 화곡동,경상사고,0,0,1,0,차대사람 - 기타,안전운전불이행,포장 - 건조,맑음,교차로 - 교차로부근,기타불명,기타불명,미분류,기타불명,보행자,여,39세,경상
16091,2019082200100180,2019년 8월 22일 09시,목요일,서울특별시 동작구 노량진동,경상사고,0,0,1,0,차대사람 - 보도통행중,기타,포장 - 건조,맑음,단일로 - 기타,이륜,남,61세,상해없음,보행자,남,64세,경상
16092,2019082200100183,2019년 8월 22일 09시,목요일,서울특별시 송파구 거여동,경상사고,0,0,1,0,차대사람 - 횡단중,안전운전불이행,포장 - 건조,맑음,단일로 - 기타,승용,남,35세,상해없음,보행자,여,62세,경상
16093,2019082200100280,2019년 8월 22일 12시,목요일,서울특별시 동대문구 답십리동,중상사고,0,1,0,0,차대사람 - 횡단중,안전운전불이행,포장 - 건조,맑음,단일로 - 기타,승용,여,47세,상해없음,보행자,여,77세,중상
16094,2019082200100311,2019년 8월 22일 13시,목요일,서울특별시 강동구 천호동,경상사고,0,0,1,1,차대사람 - 횡단중,보행자보호의무위반,포장 - 건조,맑음,교차로 - 교차로안,승용,남,64세,상해없음,보행자,남,42세,부상신고
16095,2019082200100338,2019년 8월 22일 14시,목요일,서울특별시 종로구 평창동,부상신고사고,0,0,0,1,차대사람 - 기타,안전운전불이행,포장 - 건조,맑음,단일로 - 기타,승용,남,32세,상해없음,보행자,남,54세,부상신고
16096,2019082200100341,2019년 8월 22일 14시,목요일,서울특별시 영등포구 신길동,부상신고사고,0,0,0,1,차대사람 - 횡단중,신호위반,포장 - 건조,맑음,단일로 - 기타,이륜,남,68세,상해없음,보행자,여,65세,부상신고
16097,2019082200100381,2019년 8월 22일 15시,목요일,서울특별시 동대문구 전농동,경상사고,0,0,1,0,차대사람 - 횡단중,보행자보호의무위반,포장 - 건조,맑음,교차로 - 교차로횡단보도내,승용,남,55세,상해없음,보행자,남,8세,경상
16098,2019082200100410,2019년 8월 22일 16시,목요일,서울특별시 영등포구 여의도동,중상사고,0,1,0,0,차대사람 - 횡단중,안전운전불이행,포장 - 건조,맑음,교차로 - 교차로횡단보도내,승용,남,40세,상해없음,보행자,남,77세,중상
16099,2019082200100447,2019년 8월 22일 17시,목요일,서울특별시 동대문구 회기동,경상사고,0,0,1,0,차대사람 - 기타,안전운전불이행,포장 - 건조,맑음,교차로 - 교차로안,승용,남,53세,상해없음,보행자,여,15세,경상
16100,2019082200100449,2019년 8월 22일 17시,목요일,서울특별시 영등포구 여의도동,부상신고사고,0,0,0,1,차대사람 - 보도통행중,보행자보호의무위반,포장 - 건조,맑음,교차로 - 교차로안,승합,남,62세,상해없음,보행자,여,32세,부상신고
16101,2019082200100495,2019년 8월 22일 18시,목요일,서울특별시 중랑구 면목동,중상사고,0,1,0,0,차대사람 - 횡단중,안전운전불이행,포장 - 건조,맑음,교차로 - 교차로안,승용,남,27세,상해없음,보행자,여,60세,중상
16102,2019082200100498,2019년 8월 22일 18시,목요일,서울특별시 강서구 화곡동,경상사고,0,0,1,0,차대사람 - 길가장자리구역통행중,기타,포장 - 건조,맑음,단일로 - 기타,승용,남,65세,상해없음,보행자,여,11세,경상
16103,2019082200100500,2019년 8월 22일 18시,목요일,서울특별시 서초구 서초동,중상사고,0,1,0,0,차대사람 - 횡단중,안전운전불이행,포장 - 건조,맑음,교차로 - 교차로안,승용,남,60세,상해없음,보행자,여,68세,중상
16104,2019082200100501,2019년 8월 22일 18시,목요일,서울특별시 서초구 서초동,경상사고,0,0,1,0,차대사람 - 기타,안전운전불이행,포장 - 건조,맑음,단일로 - 기타,승용,여,44세,상해없음,보행자,남,19세,경상
16105,2019082200100502,2019년 8월 22일 18시,목요일,서울특별시 노원구 중계동,경상사고,0,0,1,0,차대사람 - 기타,신호위반,포장 - 건조,맑음,교차로 - 교차로안,개인형이동수단(PM),남,15세,상해없음,보행자,여,75세,경상
16106,2019082200100555,2019년 8월 22일 19시,목요일,서울특별시 관악구 신림동,경상사고,0,0,1,0,차대사람 - 횡단중,안전운전불이행,포장 - 건조,맑음,교차로 - 교차로부근,승용,남,45세,상해없음,보행자,남,35세,경상
16107,2019082200100558,2019년 8월 22일 19시,목요일,서울특별시 강서구 가양동,경상사고,0,0,1,0,차대사람 - 기타,안전운전불이행,포장 - 건조,맑음,단일로 - 기타,승용,남,49세,상해없음,보행자,여,21세,경상
16108,2019082200100655,2019년 8월 22일 22시,목요일,서울특별시 강동구 상일동,경상사고,0,0,1,0,차대사람 - 횡단중,보행자보호의무위반,포장 - 건조,흐림,교차로 - 교차로부근,기타불명,기타불명,미분류,기타불명,보행자,남,46세,경상
16109,2019082200100658,2019년 8월 22일 22시,목요일,서울특별시 양천구 신정동,경상사고,0,0,1,0,차대사람 - 기타,안전운전불이행,포장 - 건조,맑음,단일로 - 기타,화물,남,33세,상해없음,보행자,여,43세,경상
16110,2019082300100041,2019년 8월 23일 01시,금요일,서울특별시 서대문구 대현동,경상사고,0,0,1,0,차대사람 - 차도통행중,안전운전불이행,포장 - 건조,맑음,단일로 - 기타,개인형이동수단(PM),여,33세,상해없음,보행자,남,24세,경상
16111,2019082300100065,2019년 8월 23일 03시,금요일,서울특별시 강북구 수유동,경상사고,0,0,1,0,차대사람 - 기타,안전운전불이행,포장 - 건조,맑음,단일로 - 기타,이륜,남,23세,상해없음,보행자,남,27세,경상
16112,2019082300100081,2019년 8월 23일 05시,금요일,서울특별시 용산구 한남동,중상사고,0,1,0,0,차대사람 - 차도통행중,안전운전불이행,포장 - 건조,맑음,단일로 - 기타,승용,남,54세,상해없음,보행자,남,26세,중상
16113,2019082300100082,2019년 8월 23일 05시,금요일,서울특별시 영등포구 신길동,중상사고,0,1,1,0,차대사람 - 횡단중,안전운전불이행,포장 - 건조,맑음,단일로 - 기타,원동기,여,25세,경상,보행자,여,77세,중상
16114,2019082300100093,2019년 8월 23일 06시,금요일,서울특별시 강남구 논현동,경상사고,0,0,1,0,차대사람 - 기타,기타,포장 - 건조,맑음,단일로 - 기타,승합,남,56세,상해없음,보행자,남,72세,경상
16115,2019082300100111,2019년 8월 23일 07시,금요일,서울특별시 도봉구 창동,경상사고,0,0,1,0,차대사람 - 보도통행중,기타,포장 - 건조,맑음,기타 - 기타,이륜,남,53세,상해없음,보행자,여,60세,경상
16116,2019082300100134,2019년 8월 23일 08시,금요일,서울특별시 강북구 번동,중상사고,0,1,0,0,차대사람 - 기타,기타,포장 - 건조,맑음,기타 - 기타,이륜,남,60세,상해없음,보행자,남,48세,중상
16117,2019082300100139,2019년 8월 23일 08시,금요일,서울특별시 노원구 중계동,중상사고,0,1,0,0,차대사람 - 기타,안전운전불이행,포장 - 건조,맑음,단일로 - 기타,승용,남,55세,상해없음,보행자,여,72세,중상
16118,2019082300100176,2019년 8월 23일 09시,금요일,서울특별시 은평구 녹번동,중상사고,0,1,0,0,차대사람 - 보도통행중,기타,포장 - 건조,맑음,단일로 - 기타,승용,남,54세,상해없음,보행자,여,80세,중상
16119,2019082300100179,2019년 8월 23일 09시,금요일,서울특별시 동대문구 장안동,중상사고,0,1,0,0,차대사람 - 보도통행중,안전운전불이행,포장 - 건조,맑음,단일로 - 기타,승용,남,37세,상해없음,보행자,여,59세,중상
16120,2019082300100213,2019년 8월 23일 10시,금요일,서울특별시 동대문구 답십리동,중상사고,0,1,0,0,차대사람 - 기타,안전운전불이행,포장 - 건조,맑음,교차로 - 교차로안,화물,남,56세,상해없음,보행자,여,87세,중상
16121,2019082300100244,2019년 8월 23일 11시,금요일,서울특별시 양천구 목동,중상사고,0,1,0,0,차대사람 - 기타,안전운전불이행,포장 - 건조,맑음,단일로 - 기타,화물,남,55세,상해없음,보행자,여,74세,중상
16122,2019082300100271,2019년 8월 23일 12시,금요일,서울특별시 용산구 효창동,중상사고,0,1,0,1,차대사람 - 기타,보행자보호의무위반,포장 - 건조,맑음,교차로 - 교차로안,승용,남,43세,부상신고,보행자,남,65세,중상
16123,2019082300100272,2019년 8월 23일 12시,금요일,서울특별시 영등포구 당산동3가,중상사고,0,1,0,0,차대사람 - 기타,안전운전불이행,포장 - 건조,맑음,단일로 - 기타,승합,남,66세,상해없음,보행자,여,57세,중상
16124,2019082300100274,2019년 8월 23일 12시,금요일,서울특별시 도봉구 쌍문동,중상사고,0,1,0,0,차대사람 - 기타,안전운전불이행,포장 - 건조,맑음,교차로 - 교차로부근,이륜,남,74세,상해없음,보행자,여,51세,중상
16125,2019082300100336,2019년 8월 23일 14시,금요일,서울특별시 광진구 군자동,경상사고,0,0,1,0,차대사람 - 횡단중,보행자보호의무위반,포장 - 건조,맑음,단일로 - 기타,승용,여,36세,상해없음,보행자,남,7세,경상
16126,2019082300100340,2019년 8월 23일 14시,금요일,서울특별시 중랑구 면목동,경상사고,0,0,1,0,차대사람 - 길가장자리구역통행중,안전운전불이행,포장 - 건조,맑음,단일로 - 기타,기타불명,기타불명,미분류,기타불명,보행자,여,10세,경상
16127,2019082300100341,2019년 8월 23일 14시,금요일,서울특별시 강서구 공항동,경상사고,0,0,1,0,차대사람 - 횡단중,보행자보호의무위반,포장 - 건조,맑음,교차로 - 교차로횡단보도내,화물,남,52세,상해없음,보행자,남,52세,경상
16128,2019082300100342,2019년 8월 23일 14시,금요일,서울특별시 강동구 천호동,중상사고,0,1,0,0,차대사람 - 기타,안전운전불이행,포장 - 건조,맑음,교차로 - 교차로안,화물,남,42세,상해없음,보행자,여,4세,중상
16129,2019082300100343,2019년 8월 23일 14시,금요일,서울특별시 구로구 구로동,경상사고,0,0,1,0,차대사람 - 기타,안전운전불이행,포장 - 건조,맑음,교차로 - 교차로횡단보도내,이륜,남,44세,상해없음,보행자,여,53세,경상
16130,2019082300100371,2019년 8월 23일 15시,금요일,서울특별시 서초구 서초동,경상사고,0,0,1,0,차대사람 - 기타,불법유턴,포장 - 건조,맑음,단일로 - 기타,승용,여,62세,상해없음,보행자,남,68세,경상
16131,2019082300100372,2019년 8월 23일 15시,금요일,서울특별시 노원구 하계동,중상사고,0,1,0,0,차대사람 - 횡단중,신호위반,포장 - 건조,맑음,단일로 - 기타,이륜,남,23세,상해없음,보행자,남,16세,중상
16132,2019082300100403,2019년 8월 23일 16시,금요일,서울특별시 동대문구 답십리동,부상신고사고,0,0,0,1,차대사람 - 기타,안전운전불이행,포장 - 건조,맑음,단일로 - 기타,승용,남,63세,상해없음,보행자,남,44세,부상신고
16133,2019082300100404,2019년 8월 23일 16시,금요일,서울특별시 동대문구 청량리동,경상사고,0,0,1,0,차대사람 - 차도통행중,기타,포장 - 건조,맑음,교차로 - 교차로부근,승용,남,67세,상해없음,보행자,남,59세,경상
16134,2019082300100406,2019년 8월 23일 16시,금요일,서울특별시 성동구 금호동3가,중상사고,0,2,0,0,차대사람 - 보도통행중,기타,포장 - 건조,맑음,단일로 - 기타,승용,여,48세,상해없음,보행자,여,73세,중상
16135,2019082300100441,2019년 8월 23일 17시,금요일,서울특별시 서대문구 창천동,부상신고사고,0,0,0,1,차대사람 - 기타,안전운전불이행,포장 - 건조,맑음,단일로 - 기타,개인형이동수단(PM),여,21세,부상신고,보행자,남,31세,상해없음
16136,2019082300100442,2019년 8월 23일 17시,금요일,서울특별시 성북구 정릉동,중상사고,0,1,0,2,차대사람 - 기타,기타,포장 - 건조,맑음,단일로 - 기타,승합,남,73세,상해없음,보행자,남,58세,중상
16137,2019082300100445,2019년 8월 23일 17시,금요일,서울특별시 금천구 시흥동,경상사고,0,0,1,0,차대사람 - 횡단중,안전운전불이행,포장 - 건조,맑음,단일로 - 기타,승용,남,48세,상해없음,보행자,여,4세,경상
16138,2019082300100446,2019년 8월 23일 17시,금요일,서울특별시 금천구 시흥동,중상사고,0,1,0,0,차대사람 - 기타,안전운전불이행,포장 - 건조,맑음,단일로 - 기타,승합,남,71세,상해없음,보행자,남,41세,중상
16139,2019082300100447,2019년 8월 23일 17시,금요일,서울특별시 강남구 청담동,중상사고,0,1,0,0,차대사람 - 횡단중,안전운전불이행,포장 - 건조,맑음,단일로 - 기타,이륜,남,36세,상해없음,보행자,여,24세,중상
16140,2019082300100448,2019년 8월 23일 17시,금요일,서울특별시 강동구 성내동,중상사고,0,1,0,0,차대사람 - 보도통행중,안전운전불이행,포장 - 건조,맑음,교차로 - 교차로안,승용,여,53세,상해없음,보행자,여,27세,중상
16141,2019082300100508,2019년 8월 23일 18시,금요일,서울특별시 중구 장교동,중상사고,0,1,0,0,차대사람 - 보도통행중,기타,포장 - 건조,맑음,기타 - 기타,원동기,남,27세,상해없음,보행자,남,33세,중상
16142,2019082300100511,2019년 8월 23일 18시,금요일,서울특별시 강남구 논현동,경상사고,0,0,1,0,차대사람 - 횡단중,불법유턴,포장 - 건조,맑음,단일로 - 기타,승용,남,39세,상해없음,보행자,여,31세,경상
16143,2019082300100512,2019년 8월 23일 18시,금요일,서울특별시 서초구 양재동,경상사고,0,0,1,0,차대사람 - 보도통행중,안전운전불이행,포장 - 건조,맑음,기타 - 기타,승합,남,49세,상해없음,보행자,남,53세,경상
16144,2019082300100568,2019년 8월 23일 19시,금요일,서울특별시 마포구 상암동,중상사고,0,1,0,0,차대사람 - 기타,안전운전불이행,포장 - 건조,맑음,단일로 - 기타,승용,남,35세,상해없음,보행자,여,52세,중상
16145,2019082300100608,2019년 8월 23일 20시,금요일,서울특별시 양천구 목동,경상사고,0,0,1,0,차대사람 - 기타,안전운전불이행,포장 - 건조,맑음,주차장 - 주차장,승용,남,56세,상해없음,보행자,남,44세,경상
16146,2019082300100644,2019년 8월 23일 21시,금요일,서울특별시 양천구 신정동,경상사고,0,0,1,0,차대사람 - 기타,안전운전불이행,포장 - 건조,맑음,교차로 - 교차로부근,기타불명,기타불명,미분류,기타불명,보행자,여,43세,경상
16147,2019082300100673,2019년 8월 23일 22시,금요일,서울특별시 강남구 논현동,중상사고,0,1,0,0,차대사람 - 차도통행중,안전운전불이행,포장 - 건조,맑음,단일로 - 기타,화물,남,38세,상해없음,보행자,여,57세,중상
16148,2019082400100027,2019년 8월 24일 00시,토요일,서울특별시 종로구 돈의동,경상사고,0,0,1,0,차대사람 - 차도통행중,안전운전불이행,포장 - 건조,맑음,단일로 - 기타,승용,남,65세,상해없음,보행자,남,29세,경상
16149,2019082400100028,2019년 8월 24일 00시,토요일,서울특별시 광진구 자양동,부상신고사고,0,0,0,1,차대사람 - 기타,안전운전불이행,포장 - 건조,맑음,교차로 - 교차로부근,승용,남,24세,기타불명,보행자,남,30세,부상신고
16150,2019082400100030,2019년 8월 24일 00시,토요일,서울특별시 강남구 논현동,중상사고,0,1,0,0,차대사람 - 기타,과속,포장 - 건조,맑음,단일로 - 기타,승용,남,35세,상해없음,보행자,남,28세,중상
16151,2019082400100032,2019년 8월 24일 00시,토요일,서울특별시 양천구 신정동,경상사고,0,0,2,0,차대사람 - 기타,안전운전불이행,포장 - 건조,맑음,기타 - 기타,승용,남,49세,상해없음,보행자,남,61세,경상
16152,2019082400100047,2019년 8월 24일 01시,토요일,서울특별시 용산구 청파동3가,경상사고,0,0,1,0,차대사람 - 보도통행중,기타,포장 - 건조,맑음,단일로 - 기타,자전거,남,33세,상해없음,보행자,남,24세,경상
16153,2019082400100049,2019년 8월 24일 01시,토요일,서울특별시 강남구 논현동,경상사고,0,0,1,0,차대사람 - 기타,안전거리미확보,포장 - 건조,흐림,단일로 - 기타,승용,남,48세,상해없음,보행자,여,22세,경상
16154,2019082400100050,2019년 8월 24일 01시,토요일,서울특별시 강서구 화곡동,중상사고,0,1,0,0,차대사람 - 기타,안전운전불이행,포장 - 기타,맑음,단일로 - 기타,승용,남,39세,상해없음,보행자,여,61세,중상
16155,2019082400100065,2019년 8월 24일 02시,토요일,서울특별시 영등포구 영등포동3가,경상사고,0,0,1,0,차대사람 - 기타,안전운전불이행,포장 - 건조,맑음,단일로 - 기타,승용,남,57세,상해없음,보행자,남,38세,경상
16156,2019082400100084,2019년 8월 24일 03시,토요일,서울특별시 중구 신당동,경상사고,0,0,1,0,차대사람 - 기타,안전운전불이행,포장 - 건조,흐림,교차로 - 교차로부근,승합,남,54세,상해없음,보행자,여,54세,경상
16157,2019082400100151,2019년 8월 24일 08시,토요일,서울특별시 송파구 석촌동,경상사고,0,0,1,0,차대사람 - 길가장자리구역통행중,안전운전불이행,포장 - 건조,맑음,단일로 - 기타,기타불명,기타불명,미분류,기타불명,보행자,여,69세,경상
16158,2019082400100172,2019년 8월 24일 09시,토요일,서울특별시 동작구 흑석동,경상사고,0,0,1,0,차대사람 - 보도통행중,기타,포장 - 건조,맑음,기타 - 기타,자전거,남,32세,상해없음,보행자,남,33세,경상
16159,2019082400100226,2019년 8월 24일 11시,토요일,서울특별시 서대문구 창천동,부상신고사고,0,0,0,1,차대사람 - 기타,안전운전불이행,포장 - 건조,흐림,단일로 - 기타,이륜,남,51세,상해없음,보행자,남,48세,부상신고
16160,2019082400100229,2019년 8월 24일 11시,토요일,서울특별시 구로구 개봉동,경상사고,0,0,1,0,차대사람 - 횡단중,안전운전불이행,포장 - 건조,맑음,교차로 - 교차로부근,승용,여,31세,상해없음,보행자,남,45세,경상
16161,2019082400100263,2019년 8월 24일 12시,토요일,서울특별시 은평구 신사동,중상사고,0,1,0,0,차대사람 - 횡단중,안전운전불이행,포장 - 건조,맑음,교차로 - 교차로안,이륜,남,49세,상해없음,보행자,여,43세,중상
16162,2019082400100265,2019년 8월 24일 12시,토요일,서울특별시 영등포구 신길동,중상사고,0,1,0,0,차대사람 - 횡단중,신호위반,포장 - 건조,맑음,단일로 - 기타,승용,남,57세,상해없음,보행자,여,67세,중상
16163,2019082400100305,2019년 8월 24일 13시,토요일,서울특별시 강서구 등촌동,경상사고,0,0,1,0,차대사람 - 보도통행중,신호위반,포장 - 건조,맑음,단일로 - 기타,원동기,남,40세,상해없음,보행자,여,46세,경상
16164,2019082400100308,2019년 8월 24일 13시,토요일,서울특별시 송파구 잠실동,경상사고,0,0,1,0,차대사람 - 길가장자리구역통행중,안전운전불이행,포장 - 건조,맑음,교차로 - 교차로부근,이륜,남,44세,상해없음,보행자,여,36세,경상
16165,2019082400100336,2019년 8월 24일 14시,토요일,서울특별시 서대문구 남가좌동,경상사고,0,0,1,0,차대사람 - 보도통행중,안전운전불이행,포장 - 건조,맑음,단일로 - 기타,화물,남,70세,기타불명,보행자,여,28세,경상
16166,2019082400100343,2019년 8월 24일 14시,토요일,서울특별시 양천구 신정동,경상사고,0,0,1,0,차대사람 - 횡단중,신호위반,포장 - 건조,맑음,단일로 - 기타,승용,여,71세,상해없음,보행자,여,46세,경상
16167,2019082400100367,2019년 8월 24일 15시,토요일,서울특별시 종로구 세종로,경상사고,0,0,1,0,차대사람 - 차도통행중,안전운전불이행,포장 - 건조,맑음,교차로 - 교차로부근,승용,남,35세,상해없음,보행자,남,47세,경상
16168,2019082400100369,2019년 8월 24일 15시,토요일,서울특별시 성동구 행당동,경상사고,0,0,1,0,차대사람 - 횡단중,보행자보호의무위반,포장 - 건조,맑음,교차로 - 교차로횡단보도내,승합,남,45세,상해없음,보행자,남,90세 이상,경상
16169,2019082400100370,2019년 8월 24일 15시,토요일,서울특별시 강남구 신사동,경상사고,0,0,1,0,차대사람 - 기타,신호위반,포장 - 건조,맑음,단일로 - 기타,원동기,남,18세,상해없음,보행자,여,47세,경상
16170,2019082400100371,2019년 8월 24일 15시,토요일,서울특별시 강남구 대치동,중상사고,0,1,0,0,차대사람 - 차도통행중,기타,포장 - 건조,맑음,교차로 - 교차로부근,승용,남,78세,상해없음,보행자,여,52세,중상
16171,2019082400100507,2019년 8월 24일 19시,토요일,서울특별시 영등포구 영등포동3가,중상사고,0,1,0,0,차대사람 - 기타,안전운전불이행,포장 - 건조,맑음,단일로 - 기타,승합,남,47세,상해없음,보행자,여,78세,중상
16172,2019082400100513,2019년 8월 24일 19시,토요일,서울특별시 은평구 구산동,경상사고,0,0,1,0,차대사람 - 기타,안전운전불이행,포장 - 건조,맑음,단일로 - 기타,이륜,남,29세,상해없음,보행자,여,65세,경상
16173,2019082400100543,2019년 8월 24일 20시,토요일,서울특별시 종로구 숭인동,중상사고,0,1,0,0,차대사람 - 횡단중,안전운전불이행,포장 - 건조,맑음,단일로 - 기타,승용,여,56세,상해없음,보행자,여,64세,중상
16174,2019082400100544,2019년 8월 24일 20시,토요일,서울특별시 마포구 서교동,부상신고사고,0,0,0,1,차대사람 - 횡단중,안전거리미확보,포장 - 건조,맑음,단일로 - 기타,이륜,남,21세,상해없음,보행자,남,21세,부상신고
16175,2019082400100545,2019년 8월 24일 20시,토요일,서울특별시 영등포구 대림동,중상사고,0,1,0,0,차대사람 - 횡단중,안전운전불이행,포장 - 건조,맑음,교차로 - 교차로안,승합,남,55세,상해없음,보행자,남,43세,중상