,사고번호,사고일시,요일,시군구,사고내용,사망자수,중상자수,경상자수,부상신고자수,사고유형,법규위반,노면상태,기상상태,도로형태,가해운전자 차종,가해운전자 성별,가해운전자 연령,가해운전자 상해정도,피해운전자 차종,피해운전자 성별,피해운전자 연령,피해운전자 상해정도
16176,2019082400100576,2019년 8월 24일 21시,토요일,서울특별시 용산구 후암동,경상사고,0,0,1,0,차대사람 - 길가장자리구역통행중,안전운전불이행,포장 - 건조,맑음,교차로 - 교차로부근,승용,남,48세,상해없음,보행자,여,56세,경상
16177,2019082400100577,2019년 8월 24일 21시,토요일,서울특별시 성북구 동소문동7가,중상사고,0,1,0,0,차대사람 - 횡단중,안전운전불이행,포장 - 건조,맑음,교차로 - 교차로안,승용,남,19세,상해없음,보행자,남,66세,중상
16178,2019082400100579,2019년 8월 24일 21시,토요일,서울특별시 동작구 사당동,부상신고사고,0,0,0,1,차대사람 - 길가장자리구역통행중,안전운전불이행,포장 - 건조,맑음,단일로 - 기타,승용,남,59세,상해없음,보행자,남,69세,부상신고
16179,2019082400100581,2019년 8월 24일 21시,토요일,서울특별시 강동구 성내동,경상사고,0,0,1,0,차대사람 - 길가장자리구역통행중,안전운전불이행,포장 - 건조,맑음,단일로 - 기타,승용,남,51세,상해없음,보행자,남,66세,경상
16180,2019082400100582,2019년 8월 24일 21시,토요일,서울특별시 구로구 가리봉동,경상사고,0,0,1,0,차대사람 - 횡단중,보행자보호의무위반,포장 - 건조,맑음,교차로 - 교차로횡단보도내,화물,남,59세,상해없음,보행자,남,54세,경상
16181,2019082400100612,2019년 8월 24일 22시,토요일,서울특별시 종로구 관철동,경상사고,0,0,1,0,차대사람 - 차도통행중,안전운전불이행,포장 - 건조,맑음,교차로 - 교차로안,이륜,남,46세,상해없음,보행자,남,28세,경상
16182,2019082400100641,2019년 8월 24일 23시,토요일,서울특별시 은평구 수색동,경상사고,0,0,1,0,차대사람 - 기타,안전운전불이행,포장 - 건조,맑음,단일로 - 기타,승용,남,35세,상해없음,보행자,여,58세,경상
16183,2019082500100042,2019년 8월 25일 02시,일요일,서울특별시 서초구 반포동,경상사고,0,0,1,0,차대사람 - 기타,과속,포장 - 건조,맑음,단일로 - 기타,승용,남,37세,상해없음,보행자,남,61세,경상
16184,2019082500100111,2019년 8월 25일 09시,일요일,서울특별시 동대문구 전농동,중상사고,0,1,0,0,차대사람 - 기타,기타,포장 - 건조,맑음,단일로 - 기타,승용,여,34세,상해없음,보행자,남,82세,중상
16185,2019082500100132,2019년 8월 25일 10시,일요일,서울특별시 영등포구 여의도동,경상사고,0,0,1,2,차대사람 - 보도통행중,안전운전불이행,포장 - 건조,맑음,단일로 - 기타,자전거,남,45세,부상신고,보행자,남,30세,상해없음
16186,2019082500100135,2019년 8월 25일 10시,일요일,서울특별시 양천구 목동,중상사고,0,1,0,0,차대사람 - 기타,안전운전불이행,포장 - 건조,맑음,단일로 - 기타,승합,남,62세,상해없음,보행자,여,65세,중상
16187,2019082500100154,2019년 8월 25일 11시,일요일,서울특별시 강동구 길동,경상사고,0,0,2,0,차대사람 - 기타,안전운전불이행,포장 - 건조,맑음,교차로 - 교차로안,기타불명,기타불명,미분류,기타불명,보행자,남,30세,경상
16188,2019082500100217,2019년 8월 25일 13시,일요일,서울특별시 영등포구 당산동6가,중상사고,0,1,0,0,차대사람 - 기타,보행자보호의무위반,포장 - 건조,맑음,교차로 - 교차로횡단보도내,이륜,남,28세,상해없음,보행자,여,67세,중상
16189,2019082500100281,2019년 8월 25일 15시,일요일,서울특별시 성북구 성북동,중상사고,0,1,0,0,차대사람 - 기타,기타,포장 - 건조,맑음,기타 - 기타,승합,남,28세,상해없음,보행자,여,77세,중상
16190,2019082500100377,2019년 8월 25일 18시,일요일,서울특별시 종로구 동숭동,경상사고,0,0,1,0,차대사람 - 길가장자리구역통행중,안전운전불이행,포장 - 건조,맑음,단일로 - 기타,승용,남,72세,상해없음,보행자,여,23세,경상
16191,2019082500100378,2019년 8월 25일 18시,일요일,서울특별시 용산구 동자동,경상사고,0,0,1,0,차대사람 - 길가장자리구역통행중,안전운전불이행,포장 - 건조,맑음,단일로 - 기타,승용,남,31세,상해없음,보행자,남,43세,경상
16192,2019082500100379,2019년 8월 25일 18시,일요일,서울특별시 광진구 중곡동,경상사고,0,0,1,0,차대사람 - 기타,안전운전불이행,포장 - 건조,맑음,교차로 - 교차로부근,승용,남,54세,상해없음,보행자,여,49세,경상
16193,2019082500100382,2019년 8월 25일 18시,일요일,서울특별시 서초구 서초동,경상사고,0,0,1,0,차대사람 - 기타,안전운전불이행,포장 - 건조,맑음,단일로 - 기타,승용,여,49세,상해없음,보행자,남,59세,경상
16194,2019082500100383,2019년 8월 25일 18시,일요일,서울특별시 노원구 중계동,중상사고,0,1,0,0,차대사람 - 횡단중,안전운전불이행,포장 - 건조,맑음,교차로 - 교차로안,자전거,여,52세,상해없음,보행자,남,66세,중상
16195,2019082500100493,2019년 8월 25일 21시,일요일,서울특별시 마포구 망원동,경상사고,0,0,2,0,차대사람 - 기타,안전운전불이행,포장 - 건조,맑음,교차로 - 교차로부근,승용,남,30세,상해없음,보행자,남,46세,경상
16196,2019082500100494,2019년 8월 25일 21시,일요일,서울특별시 금천구 시흥동,경상사고,0,0,1,0,차대사람 - 보도통행중,기타,포장 - 건조,맑음,단일로 - 기타,자전거,남,48세,상해없음,보행자,여,56세,경상
16197,2019082500100511,2019년 8월 25일 22시,일요일,서울특별시 강서구 공항동,중상사고,0,1,0,0,차대사람 - 기타,기타,포장 - 건조,맑음,단일로 - 기타,승합,남,59세,상해없음,보행자,남,63세,중상
16198,2019082500100529,2019년 8월 25일 23시,일요일,서울특별시 성북구 하월곡동,경상사고,0,0,1,0,차대사람 - 횡단중,신호위반,포장 - 건조,맑음,교차로 - 교차로횡단보도내,이륜,남,21세,상해없음,보행자,여,59세,경상
16199,2019082600100046,2019년 8월 26일 02시,월요일,서울특별시 금천구 독산동,경상사고,0,0,1,0,차대사람 - 기타,안전운전불이행,포장 - 건조,맑음,교차로 - 교차로부근,승용,남,33세,상해없음,보행자,남,50세,경상
16200,2019082600100054,2019년 8월 26일 03시,월요일,서울특별시 성북구 석관동,경상사고,0,0,1,0,차대사람 - 기타,안전운전불이행,포장 - 건조,맑음,단일로 - 기타,승용,남,66세,상해없음,보행자,여,41세,경상
16201,2019082600100082,2019년 8월 26일 06시,월요일,서울특별시 영등포구 문래동1가,경상사고,0,0,1,0,차대사람 - 기타,안전운전불이행,포장 - 건조,맑음,교차로 - 교차로부근,승용,남,47세,상해없음,보행자,남,43세,경상
16202,2019082600100109,2019년 8월 26일 07시,월요일,서울특별시 구로구 구로동,부상신고사고,0,0,0,1,차대사람 - 기타,안전운전불이행,포장 - 건조,맑음,단일로 - 기타,승용,남,29세,상해없음,보행자,여,54세,부상신고
16203,2019082600100135,2019년 8월 26일 08시,월요일,서울특별시 서대문구 홍제동,경상사고,0,0,1,0,차대사람 - 길가장자리구역통행중,안전운전불이행,포장 - 건조,맑음,단일로 - 기타,승용,여,47세,상해없음,보행자,여,41세,경상
16204,2019082600100141,2019년 8월 26일 08시,월요일,서울특별시 송파구 삼전동,경상사고,0,0,1,0,차대사람 - 차도통행중,안전운전불이행,포장 - 건조,맑음,단일로 - 기타,승용,여,48세,상해없음,보행자,남,37세,경상
16205,2019082600100221,2019년 8월 26일 10시,월요일,서울특별시 종로구 숭인동,경상사고,0,0,1,0,차대사람 - 횡단중,보행자보호의무위반,포장 - 건조,맑음,교차로 - 교차로횡단보도내,화물,남,41세,상해없음,보행자,여,70세,경상
16206,2019082600100223,2019년 8월 26일 10시,월요일,서울특별시 중랑구 묵동,중상사고,0,1,0,0,차대사람 - 횡단중,보행자보호의무위반,포장 - 건조,맑음,교차로 - 교차로횡단보도내,화물,남,33세,상해없음,보행자,남,53세,중상
16207,2019082600100226,2019년 8월 26일 10시,월요일,서울특별시 강동구 천호동,경상사고,0,0,1,0,차대사람 - 기타,안전운전불이행,포장 - 건조,맑음,단일로 - 기타,승합,여,59세,상해없음,보행자,남,28세,경상
16208,2019082600100227,2019년 8월 26일 10시,월요일,서울특별시 송파구 방이동,경상사고,0,0,1,0,차대사람 - 길가장자리구역통행중,안전운전불이행,포장 - 건조,맑음,교차로 - 교차로안,승용,남,28세,상해없음,보행자,여,31세,경상
16209,2019082600100301,2019년 8월 26일 12시,월요일,서울특별시 영등포구 여의도동,부상신고사고,0,0,0,1,차대사람 - 횡단중,안전운전불이행,포장 - 건조,맑음,교차로 - 교차로안,화물,남,37세,상해없음,보행자,여,44세,부상신고
16210,2019082600100304,2019년 8월 26일 12시,월요일,서울특별시 구로구 개봉동,중상사고,0,1,0,0,차대사람 - 횡단중,안전운전불이행,포장 - 건조,맑음,교차로 - 교차로안,승용,여,36세,상해없음,보행자,여,21세,중상
16211,2019082600100407,2019년 8월 26일 15시,월요일,서울특별시 중구 황학동,경상사고,0,0,1,0,차대사람 - 기타,안전운전불이행,포장 - 건조,맑음,단일로 - 기타,승용,남,58세,상해없음,보행자,남,50세,경상
16212,2019082600100448,2019년 8월 26일 16시,월요일,서울특별시 마포구 용강동,경상사고,0,0,1,0,차대사람 - 횡단중,신호위반,포장 - 건조,맑음,교차로 - 교차로횡단보도내,승용,남,58세,상해없음,보행자,남,38세,경상
16213,2019082600100449,2019년 8월 26일 16시,월요일,서울특별시 중랑구 신내동,중상사고,0,1,0,0,차대사람 - 기타,안전운전불이행,포장 - 건조,맑음,단일로 - 기타,승합,남,57세,상해없음,보행자,여,66세,중상
16214,2019082600100453,2019년 8월 26일 16시,월요일,서울특별시 노원구 중계동,경상사고,0,0,1,0,차대사람 - 기타,안전운전불이행,포장 - 건조,맑음,기타 - 기타,승용,남,53세,기타불명,보행자,남,68세,경상
16215,2019082600100499,2019년 8월 26일 17시,월요일,서울특별시 서대문구 남가좌동,중상사고,0,1,0,0,차대사람 - 길가장자리구역통행중,안전운전불이행,포장 - 건조,맑음,단일로 - 기타,승용,여,46세,상해없음,보행자,남,13세,중상
16216,2019082600100507,2019년 8월 26일 17시,월요일,서울특별시 강남구 도곡동,중상사고,0,1,0,0,차대사람 - 횡단중,보행자보호의무위반,포장 - 건조,맑음,교차로 - 교차로부근,승용,여,44세,상해없음,보행자,남,40세,중상
16217,2019082600100584,2019년 8월 26일 19시,월요일,서울특별시 관악구 봉천동,경상사고,0,0,1,0,차대사람 - 길가장자리구역통행중,안전운전불이행,포장 - 건조,맑음,교차로 - 교차로부근,승용,남,64세,상해없음,보행자,여,72세,경상
16218,2019082600100616,2019년 8월 26일 20시,월요일,서울특별시 강북구 미아동,경상사고,0,0,1,0,차대사람 - 횡단중,신호위반,포장 - 건조,맑음,단일로 - 기타,자전거,남,63세,상해없음,보행자,남,43세,경상
16219,2019082600100617,2019년 8월 26일 20시,월요일,서울특별시 동대문구 제기동,부상신고사고,0,0,0,1,차대사람 - 기타,안전운전불이행,포장 - 건조,맑음,교차로 - 교차로안,승용,남,62세,상해없음,보행자,남,42세,부상신고
16220,2019082600100621,2019년 8월 26일 20시,월요일,서울특별시 노원구 하계동,경상사고,0,0,1,0,차대사람 - 기타,기타,포장 - 건조,맑음,기타 - 기타,자전거,남,17세,상해없음,보행자,여,50세,경상
16221,2019082600100654,2019년 8월 26일 21시,월요일,서울특별시 강남구 역삼동,경상사고,0,0,1,0,차대사람 - 기타,안전운전불이행,포장 - 건조,맑음,단일로 - 기타,화물,남,62세,상해없음,보행자,여,29세,경상
16222,2019082600100657,2019년 8월 26일 21시,월요일,서울특별시 은평구 불광동,중상사고,0,1,0,0,차대사람 - 기타,안전운전불이행,포장 - 건조,맑음,단일로 - 기타,승합,남,65세,상해없음,보행자,여,59세,중상
16223,2019082600100707,2019년 8월 26일 23시,월요일,서울특별시 송파구 문정동,중상사고,0,1,0,0,차대사람 - 횡단중,안전운전불이행,포장 - 건조,맑음,교차로 - 교차로안,승용,여,27세,상해없음,보행자,남,34세,중상
16224,2019082600100708,2019년 8월 26일 23시,월요일,서울특별시 양천구 신월동,경상사고,0,0,1,0,차대사람 - 보도통행중,보행자보호의무위반,포장 - 건조,맑음,교차로 - 교차로횡단보도내,승용,남,62세,상해없음,보행자,남,62세,경상
16225,2019082700100065,2019년 8월 27일 03시,화요일,서울특별시 강남구 논현동,경상사고,0,0,1,0,차대사람 - 기타,보행자보호의무위반,포장 - 건조,맑음,기타 - 기타,승용,남,63세,상해없음,보행자,남,43세,경상
16226,2019082700100070,2019년 8월 27일 04시,화요일,서울특별시 관악구 신림동,경상사고,0,0,1,0,차대사람 - 횡단중,신호위반,포장 - 젖음/습기,비,단일로 - 기타,승용,남,62세,상해없음,보행자,남,25세,경상
16227,2019082700100080,2019년 8월 27일 05시,화요일,서울특별시 종로구 세종로,경상사고,0,0,1,0,차대사람 - 기타,안전운전불이행,포장 - 건조,맑음,기타 - 기타,승용,남,65세,상해없음,보행자,여,63세,경상
16228,2019082700100084,2019년 8월 27일 05시,화요일,서울특별시 송파구 송파동,중상사고,0,1,0,0,차대사람 - 횡단중,보행자보호의무위반,포장 - 건조,맑음,단일로 - 기타,승용,남,61세,상해없음,보행자,남,70세,중상
16229,2019082700100138,2019년 8월 27일 08시,화요일,서울특별시 강남구 삼성동,경상사고,0,0,1,0,차대사람 - 길가장자리구역통행중,안전운전불이행,포장 - 건조,맑음,단일로 - 기타,승용,남,28세,상해없음,보행자,여,29세,경상
16230,2019082700100140,2019년 8월 27일 08시,화요일,서울특별시 서초구 서초동,중상사고,0,1,0,0,차대사람 - 횡단중,보행자보호의무위반,포장 - 건조,흐림,교차로 - 교차로부근,승용,남,37세,상해없음,보행자,여,11세,중상
16231,2019082700100191,2019년 8월 27일 09시,화요일,서울특별시 성북구 하월곡동,경상사고,0,0,1,0,차대사람 - 횡단중,안전운전불이행,포장 - 건조,맑음,단일로 - 기타,승용,남,67세,상해없음,보행자,남,23세,경상
16232,2019082700100221,2019년 8월 27일 10시,화요일,서울특별시 중구 무교동,중상사고,0,1,0,0,차대사람 - 기타,보행자보호의무위반,포장 - 건조,맑음,교차로 - 교차로안,승용,남,56세,상해없음,보행자,남,65세,중상
16233,2019082700100254,2019년 8월 27일 11시,화요일,서울특별시 강남구 역삼동,경상사고,0,0,1,0,차대사람 - 기타,안전운전불이행,포장 - 건조,맑음,단일로 - 기타,승용,남,33세,상해없음,보행자,남,60세,경상
16234,2019082700100282,2019년 8월 27일 12시,화요일,서울특별시 강서구 등촌동,경상사고,0,0,1,0,차대사람 - 기타,안전운전불이행,포장 - 건조,맑음,기타 - 기타,자전거,남,78세,상해없음,보행자,여,80세,경상
16235,2019082700100305,2019년 8월 27일 13시,화요일,서울특별시 강서구 염창동,중상사고,0,1,0,0,차대사람 - 차도통행중,안전운전불이행,포장 - 건조,맑음,교차로 - 교차로안,승용,남,71세,상해없음,보행자,여,54세,중상
16236,2019082700100340,2019년 8월 27일 14시,화요일,서울특별시 관악구 신림동,중상사고,0,1,0,0,차대사람 - 길가장자리구역통행중,안전운전불이행,포장 - 건조,맑음,단일로 - 기타,승용,남,29세,상해없음,보행자,여,70세,중상
16237,2019082700100341,2019년 8월 27일 14시,화요일,서울특별시 강동구 성내동,경상사고,0,0,1,0,차대사람 - 횡단중,보행자보호의무위반,포장 - 건조,맑음,교차로 - 교차로안,화물,남,43세,상해없음,보행자,여,43세,경상
16238,2019082700100417,2019년 8월 27일 16시,화요일,서울특별시 중구 충무로5가,경상사고,0,0,1,0,차대사람 - 보도통행중,기타,포장 - 건조,맑음,기타 - 기타,승용,남,54세,상해없음,보행자,여,48세,경상
16239,2019082700100421,2019년 8월 27일 16시,화요일,서울특별시 강서구 내발산동,중상사고,0,1,0,0,차대사람 - 차도통행중,안전운전불이행,포장 - 건조,맑음,단일로 - 기타,승용,여,28세,상해없음,보행자,여,62세,중상
16240,2019082700100448,2019년 8월 27일 17시,화요일,서울특별시 종로구 삼청동,중상사고,0,1,0,0,차대사람 - 횡단중,보행자보호의무위반,포장 - 건조,맑음,단일로 - 지하차도(도로)내,승용,남,59세,상해없음,보행자,여,37세,중상
16241,2019082700100450,2019년 8월 27일 17시,화요일,서울특별시 금천구 시흥동,중상사고,0,1,0,0,차대사람 - 횡단중,안전운전불이행,포장 - 건조,맑음,단일로 - 기타,이륜,남,27세,상해없음,보행자,여,57세,중상
16242,2019082700100451,2019년 8월 27일 17시,화요일,서울특별시 금천구 독산동,중상사고,0,1,0,0,차대사람 - 차도통행중,안전운전불이행,포장 - 건조,맑음,교차로 - 교차로안,승용,남,37세,상해없음,보행자,여,62세,중상
16243,2019082700100492,2019년 8월 27일 18시,화요일,서울특별시 강북구 미아동,부상신고사고,0,0,0,1,차대사람 - 기타,안전운전불이행,포장 - 건조,맑음,단일로 - 기타,승합,남,60세,상해없음,보행자,남,53세,부상신고
16244,2019082700100534,2019년 8월 27일 19시,화요일,서울특별시 강서구 화곡동,경상사고,0,0,1,0,차대사람 - 길가장자리구역통행중,안전운전불이행,포장 - 건조,맑음,단일로 - 기타,승용,남,69세,기타불명,보행자,여,51세,경상
16245,2019082700100537,2019년 8월 27일 19시,화요일,서울특별시 송파구 석촌동,경상사고,0,0,1,0,차대사람 - 기타,안전운전불이행,포장 - 건조,맑음,교차로 - 교차로안,승용,남,57세,상해없음,보행자,남,74세,경상
16246,2019082700100579,2019년 8월 27일 20시,화요일,서울특별시 동대문구 답십리동,경상사고,0,0,1,0,차대사람 - 기타,안전운전불이행,포장 - 건조,맑음,단일로 - 기타,승용,여,27세,상해없음,보행자,남,60세,경상
16247,2019082700100581,2019년 8월 27일 20시,화요일,서울특별시 동작구 신대방동,경상사고,0,0,1,0,차대사람 - 차도통행중,안전운전불이행,포장 - 건조,맑음,기타 - 기타,화물,남,36세,상해없음,보행자,남,16세,경상
16248,2019082700100582,2019년 8월 27일 20시,화요일,서울특별시 강서구 등촌동,경상사고,0,0,1,0,차대사람 - 기타,신호위반,포장 - 건조,맑음,단일로 - 기타,이륜,남,24세,상해없음,보행자,남,55세,경상
16249,2019082700100586,2019년 8월 27일 20시,화요일,서울특별시 양천구 신정동,중상사고,0,1,0,0,차대사람 - 횡단중,신호위반,포장 - 건조,맑음,단일로 - 기타,승용,남,65세,상해없음,보행자,여,38세,중상
16250,2019082700100587,2019년 8월 27일 20시,화요일,서울특별시 양천구 신정동,중상사고,0,1,0,0,차대사람 - 횡단중,안전운전불이행,포장 - 건조,맑음,단일로 - 기타,이륜,남,34세,기타불명,보행자,여,44세,중상
16251,2019082700100617,2019년 8월 27일 21시,화요일,서울특별시 노원구 상계동,경상사고,0,0,1,0,차대사람 - 기타,안전운전불이행,포장 - 건조,맑음,교차로 - 교차로부근,승용,여,48세,상해없음,보행자,남,27세,경상
16252,2019082800100025,2019년 8월 28일 00시,수요일,서울특별시 동대문구 휘경동,중상사고,0,1,0,0,차대사람 - 횡단중,안전운전불이행,포장 - 건조,맑음,단일로 - 기타,승용,남,74세,상해없음,보행자,여,90세 이상,중상
16253,2019082800100026,2019년 8월 28일 00시,수요일,서울특별시 강남구 논현동,경상사고,0,0,1,0,차대사람 - 기타,안전운전불이행,포장 - 건조,맑음,기타 - 기타,기타불명,기타불명,미분류,기타불명,보행자,남,39세,경상
16254,2019082800100052,2019년 8월 28일 03시,수요일,서울특별시 영등포구 영등포동3가,부상신고사고,0,0,0,1,차대사람 - 차도통행중,안전운전불이행,포장 - 건조,맑음,단일로 - 기타,승용,남,50세,상해없음,보행자,남,28세,부상신고
16255,2019082800100060,2019년 8월 28일 04시,수요일,서울특별시 송파구 석촌동,경상사고,0,0,1,0,차대사람 - 기타,안전운전불이행,포장 - 건조,맑음,단일로 - 기타,승용,남,57세,상해없음,보행자,남,27세,경상
16256,2019082800100061,2019년 8월 28일 04시,수요일,서울특별시 서초구 서초동,경상사고,0,0,1,0,차대사람 - 길가장자리구역통행중,안전운전불이행,포장 - 건조,맑음,단일로 - 기타,승용,여,25세,상해없음,보행자,남,25세,경상
16257,2019082800100113,2019년 8월 28일 08시,수요일,서울특별시 서대문구 창천동,중상사고,0,1,0,0,차대사람 - 횡단중,신호위반,포장 - 건조,맑음,단일로 - 기타,이륜,남,22세,상해없음,보행자,남,31세,중상
16258,2019082800100120,2019년 8월 28일 08시,수요일,서울특별시 노원구 상계동,경상사고,0,0,1,0,차대사람 - 횡단중,안전운전불이행,포장 - 건조,맑음,교차로 - 교차로횡단보도내,기타불명,기타불명,미분류,기타불명,보행자,여,32세,경상
16259,2019082800100199,2019년 8월 28일 10시,수요일,서울특별시 서대문구 연희동,중상사고,0,1,0,0,차대사람 - 기타,안전운전불이행,포장 - 건조,맑음,단일로 - 기타,승용,남,66세,상해없음,보행자,여,56세,중상
16260,2019082800100231,2019년 8월 28일 11시,수요일,서울특별시 관악구 신림동,중상사고,0,2,0,0,차대사람 - 기타,안전운전불이행,포장 - 건조,맑음,교차로 - 교차로부근,승용,남,65세,상해없음,보행자,여,90세 이상,중상
16261,2019082800100260,2019년 8월 28일 12시,수요일,서울특별시 서초구 우면동,경상사고,0,0,1,0,차대사람 - 기타,안전운전불이행,포장 - 건조,맑음,단일로 - 기타,승합,남,56세,상해없음,보행자,남,54세,경상
16262,2019082800100287,2019년 8월 28일 13시,수요일,서울특별시 종로구 종로5가,중상사고,0,1,0,0,차대사람 - 횡단중,보행자보호의무위반,포장 - 건조,맑음,교차로 - 교차로횡단보도내,화물,남,27세,상해없음,보행자,여,68세,중상
16263,2019082800100290,2019년 8월 28일 13시,수요일,서울특별시 송파구 풍납동,경상사고,0,0,2,0,차대사람 - 기타,안전운전불이행,포장 - 건조,맑음,단일로 - 기타,자전거,남,64세,경상,보행자,여,54세,경상
16264,2019082800100293,2019년 8월 28일 13시,수요일,서울특별시 도봉구 쌍문동,경상사고,0,0,2,0,차대사람 - 횡단중,안전운전불이행,포장 - 건조,맑음,교차로 - 교차로횡단보도내,화물,남,56세,상해없음,보행자,여,45세,경상
16265,2019082800100359,2019년 8월 28일 15시,수요일,서울특별시 양천구 목동,경상사고,0,0,1,0,차대사람 - 기타,안전운전불이행,포장 - 건조,맑음,단일로 - 기타,승용,여,48세,상해없음,보행자,여,31세,경상
16266,2019082800100387,2019년 8월 28일 16시,수요일,서울특별시 강북구 미아동,경상사고,0,0,2,0,차대사람 - 기타,안전운전불이행,포장 - 건조,맑음,단일로 - 기타,승합,남,51세,상해없음,보행자,여,52세,경상
16267,2019082800100389,2019년 8월 28일 16시,수요일,서울특별시 관악구 봉천동,경상사고,0,0,1,0,차대사람 - 길가장자리구역통행중,안전운전불이행,포장 - 건조,맑음,단일로 - 기타,승용,여,51세,상해없음,보행자,남,67세,경상
16268,2019082800100391,2019년 8월 28일 16시,수요일,서울특별시 강서구 화곡동,경상사고,0,0,3,0,차대사람 - 기타,안전운전불이행,포장 - 기타,맑음,기타 - 기타,자전거,여,33세,상해없음,보행자,여,33세,경상
16269,2019082800100463,2019년 8월 28일 18시,수요일,서울특별시 동대문구 장안동,경상사고,0,0,1,0,차대사람 - 차도통행중,안전운전불이행,포장 - 건조,맑음,교차로 - 교차로부근,승합,남,65세,상해없음,보행자,남,57세,경상
16270,2019082800100464,2019년 8월 28일 18시,수요일,서울특별시 마포구 서교동,중상사고,0,1,0,0,차대사람 - 횡단중,안전운전불이행,포장 - 건조,맑음,단일로 - 기타,승용,여,31세,상해없음,보행자,여,57세,중상
16271,2019082800100468,2019년 8월 28일 18시,수요일,서울특별시 구로구 개봉동,부상신고사고,0,0,0,1,차대사람 - 횡단중,안전운전불이행,포장 - 건조,맑음,단일로 - 기타,승용,남,67세,상해없음,보행자,여,9세,부상신고
16272,2019082800100514,2019년 8월 28일 19시,수요일,서울특별시 종로구 와룡동,중상사고,0,1,0,0,차대사람 - 횡단중,안전운전불이행,포장 - 건조,맑음,단일로 - 기타,원동기,남,40세,상해없음,보행자,여,76세,중상
16273,2019082800100519,2019년 8월 28일 19시,수요일,서울특별시 구로구 구로동,경상사고,0,0,1,0,차대사람 - 횡단중,안전운전불이행,포장 - 건조,맑음,단일로 - 기타,승용,여,62세,상해없음,보행자,여,37세,경상
16274,2019082800100567,2019년 8월 28일 20시,수요일,서울특별시 서초구 서초동,경상사고,0,0,2,0,차대사람 - 횡단중,안전운전불이행,포장 - 건조,맑음,교차로 - 교차로부근,승용,남,46세,상해없음,보행자,여,21세,경상
16275,2019082800100634,2019년 8월 28일 23시,수요일,서울특별시 동작구 대방동,경상사고,0,0,1,0,차대사람 - 횡단중,신호위반,포장 - 건조,맑음,교차로 - 교차로횡단보도내,자전거,남,56세,상해없음,보행자,남,25세,경상
16276,2019082900100027,2019년 8월 29일 00시,목요일,서울특별시 동대문구 휘경동,경상사고,0,0,2,0,차대사람 - 기타,기타,포장 - 건조,맑음,교차로 - 교차로부근,이륜,여,29세,상해없음,보행자,남,26세,경상
16277,2019082900100081,2019년 8월 29일 07시,목요일,서울특별시 강서구 등촌동,사망사고,1,0,0,0,차대사람 - 차도통행중,안전운전불이행,포장 - 건조,맑음,단일로 - 기타,승용,남,50세,상해없음,보행자,여,69세,사망
16278,2019082900100093,2019년 8월 29일 08시,목요일,서울특별시 용산구 보광동,경상사고,0,0,1,0,차대사람 - 길가장자리구역통행중,안전운전불이행,포장 - 건조,맑음,단일로 - 기타,승용,남,44세,기타불명,보행자,여,27세,경상
16279,2019082900100098,2019년 8월 29일 08시,목요일,서울특별시 구로구 구로동,중상사고,0,1,0,0,차대사람 - 기타,기타,포장 - 건조,맑음,단일로 - 기타,승용,남,49세,상해없음,보행자,남,69세,중상
16280,2019082900100142,2019년 8월 29일 09시,목요일,서울특별시 성북구 정릉동,경상사고,0,0,1,0,차대사람 - 길가장자리구역통행중,안전운전불이행,포장 - 건조,맑음,단일로 - 기타,화물,남,46세,상해없음,보행자,남,82세,경상
16281,2019082900100173,2019년 8월 29일 10시,목요일,서울특별시 강동구 천호동,경상사고,0,0,1,0,차대사람 - 기타,안전운전불이행,포장 - 젖음/습기,비,단일로 - 기타,화물,남,71세,상해없음,보행자,남,49세,경상
16282,2019082900100193,2019년 8월 29일 11시,목요일,서울특별시 동대문구 용두동,경상사고,0,0,1,0,차대사람 - 횡단중,보행자보호의무위반,포장 - 젖음/습기,비,단일로 - 기타,화물,남,48세,상해없음,보행자,여,28세,경상
16283,2019082900100197,2019년 8월 29일 11시,목요일,서울특별시 관악구 신림동,경상사고,0,0,1,0,차대사람 - 길가장자리구역통행중,교차로운행방법위반,포장 - 젖음/습기,비,교차로 - 교차로부근,승용,남,54세,상해없음,보행자,남,70세,경상
16284,2019082900100225,2019년 8월 29일 12시,목요일,서울특별시 양천구 신월동,경상사고,0,0,1,0,차대사람 - 기타,신호위반,포장 - 젖음/습기,비,교차로 - 교차로안,화물,남,46세,상해없음,보행자,남,53세,경상
16285,2019082900100286,2019년 8월 29일 14시,목요일,서울특별시 서대문구 홍제동,사망사고,1,0,1,0,차대사람 - 기타,안전운전불이행,포장 - 건조,맑음,단일로 - 기타,승용,여,79세,상해없음,보행자,여,72세,사망
16286,2019082900100287,2019년 8월 29일 14시,목요일,서울특별시 성북구 안암동5가,경상사고,0,0,2,0,차대사람 - 기타,기타,포장 - 건조,맑음,기타 - 기타,이륜,남,76세,상해없음,보행자,남,84세,경상
16287,2019082900100292,2019년 8월 29일 14시,목요일,서울특별시 노원구 상계동,중상사고,0,1,0,0,차대사람 - 차도통행중,안전운전불이행,포장 - 건조,맑음,교차로 - 교차로안,화물,남,56세,상해없음,보행자,여,79세,중상