,사고번호,사고일시,요일,시군구,사고내용,사망자수,중상자수,경상자수,부상신고자수,사고유형,법규위반,노면상태,기상상태,도로형태,가해운전자 차종,가해운전자 성별,가해운전자 연령,가해운전자 상해정도,피해운전자 차종,피해운전자 성별,피해운전자 연령,피해운전자 상해정도
16288,2019082900100320,2019년 8월 29일 15시,목요일,서울특별시 중구 예관동,경상사고,0,0,1,0,차대사람 - 횡단중,안전운전불이행,포장 - 건조,맑음,단일로 - 기타,화물,남,29세,상해없음,보행자,남,49세,경상
16289,2019082900100326,2019년 8월 29일 15시,목요일,서울특별시 강남구 수서동,경상사고,0,0,1,0,차대사람 - 기타,안전운전불이행,포장 - 건조,맑음,단일로 - 기타,승용,남,42세,상해없음,보행자,남,41세,경상
16290,2019082900100357,2019년 8월 29일 16시,목요일,서울특별시 강남구 역삼동,중상사고,0,1,0,0,차대사람 - 보도통행중,기타,포장 - 건조,맑음,교차로 - 교차로부근,화물,남,47세,상해없음,보행자,여,37세,중상
16291,2019082900100360,2019년 8월 29일 16시,목요일,서울특별시 송파구 석촌동,부상신고사고,0,0,0,1,차대사람 - 횡단중,안전운전불이행,포장 - 젖음/습기,흐림,단일로 - 기타,승용,남,32세,상해없음,보행자,남,6세,부상신고
16292,2019082900100400,2019년 8월 29일 17시,목요일,서울특별시 영등포구 여의도동,경상사고,0,0,1,0,차대사람 - 횡단중,보행자보호의무위반,포장 - 건조,맑음,단일로 - 기타,승용,남,37세,상해없음,보행자,남,29세,경상
16293,2019082900100449,2019년 8월 29일 18시,목요일,서울특별시 송파구 장지동,경상사고,0,0,1,0,차대사람 - 횡단중,보행자보호의무위반,포장 - 건조,맑음,교차로 - 교차로안,화물,남,71세,상해없음,보행자,여,42세,경상
16294,2019082900100450,2019년 8월 29일 18시,목요일,서울특별시 송파구 가락동,중상사고,0,1,0,0,차대사람 - 횡단중,신호위반,포장 - 건조,맑음,단일로 - 기타,승용,남,69세,상해없음,보행자,여,69세,중상
16295,2019082900100506,2019년 8월 29일 19시,목요일,서울특별시 서대문구 남가좌동,중상사고,0,1,0,0,차대사람 - 횡단중,보행자보호의무위반,포장 - 건조,흐림,교차로 - 교차로안,승용,여,41세,상해없음,보행자,남,10세,중상
16296,2019082900100561,2019년 8월 29일 20시,목요일,서울특별시 관악구 신림동,중상사고,0,1,1,0,차대사람 - 기타,신호위반,포장 - 젖음/습기,흐림,교차로 - 교차로안,승합,남,65세,상해없음,보행자,남,13세,중상
16297,2019082900100562,2019년 8월 29일 20시,목요일,서울특별시 관악구 봉천동,중상사고,0,1,0,0,차대사람 - 기타,안전운전불이행,포장 - 건조,맑음,단일로 - 기타,화물,남,66세,상해없음,보행자,남,47세,중상
16298,2019082900100601,2019년 8월 29일 21시,목요일,서울특별시 노원구 공릉동,경상사고,0,0,1,0,차대사람 - 차도통행중,안전운전불이행,포장 - 건조,맑음,단일로 - 기타,이륜,남,18세,상해없음,보행자,남,23세,경상
16299,2019082900100638,2019년 8월 29일 22시,목요일,서울특별시 영등포구 영등포동2가,경상사고,0,0,1,0,차대사람 - 기타,안전운전불이행,포장 - 건조,맑음,단일로 - 기타,화물,남,61세,상해없음,보행자,남,64세,경상
16300,2019082900100642,2019년 8월 29일 22시,목요일,서울특별시 송파구 잠실동,중상사고,0,1,0,0,차대사람 - 기타,안전운전불이행,포장 - 건조,맑음,기타 - 기타,승합,남,63세,상해없음,보행자,남,41세,중상
16301,2019082900100667,2019년 8월 29일 23시,목요일,서울특별시 서대문구 영천동,경상사고,0,0,1,0,차대사람 - 기타,안전운전불이행,포장 - 건조,맑음,단일로 - 기타,승용,남,57세,상해없음,보행자,여,26세,경상
16302,2019082900100668,2019년 8월 29일 23시,목요일,서울특별시 서대문구 창천동,중상사고,0,1,0,0,차대사람 - 차도통행중,안전운전불이행,포장 - 건조,맑음,단일로 - 기타,승용,남,62세,상해없음,보행자,남,21세,중상
16303,2019083000100081,2019년 8월 30일 06시,금요일,서울특별시 중랑구 중화동,부상신고사고,0,0,0,1,차대사람 - 기타,안전운전불이행,포장 - 건조,맑음,단일로 - 기타,승용,남,61세,상해없음,보행자,남,53세,부상신고
16304,2019083000100096,2019년 8월 30일 07시,금요일,서울특별시 강서구 가양동,중상사고,0,1,0,0,차대사람 - 기타,안전운전불이행,포장 - 기타,맑음,단일로 - 기타,자전거,남,36세,상해없음,보행자,여,69세,중상
16305,2019083000100130,2019년 8월 30일 08시,금요일,서울특별시 강남구 역삼동,경상사고,0,0,1,0,차대사람 - 횡단중,보행자보호의무위반,포장 - 건조,맑음,단일로 - 기타,승용,여,58세,상해없음,보행자,여,47세,경상
16306,2019083000100205,2019년 8월 30일 10시,금요일,서울특별시 양천구 신월동,중상사고,0,1,0,0,차대사람 - 기타,안전운전불이행,포장 - 건조,맑음,단일로 - 기타,화물,남,37세,상해없음,보행자,남,75세,중상
16307,2019083000100206,2019년 8월 30일 10시,금요일,서울특별시 은평구 역촌동,경상사고,0,0,1,0,차대사람 - 기타,안전운전불이행,포장 - 건조,맑음,단일로 - 기타,승용,남,36세,상해없음,보행자,여,77세,경상
16308,2019083000100245,2019년 8월 30일 11시,금요일,서울특별시 성북구 정릉동,경상사고,0,0,1,0,차대사람 - 기타,안전운전불이행,포장 - 건조,맑음,단일로 - 기타,화물,남,39세,상해없음,보행자,여,32세,경상
16309,2019083000100278,2019년 8월 30일 12시,금요일,서울특별시 종로구 계동,중상사고,0,1,0,0,차대사람 - 차도통행중,안전운전불이행,포장 - 건조,맑음,단일로 - 기타,승용,남,71세,상해없음,보행자,남,56세,중상
16310,2019083000100311,2019년 8월 30일 13시,금요일,서울특별시 동대문구 용두동,부상신고사고,0,0,0,1,차대사람 - 기타,직진우회전진행방해,포장 - 건조,맑음,교차로 - 교차로안,자전거,여,63세,부상신고,보행자,여,60세,상해없음
16311,2019083000100353,2019년 8월 30일 14시,금요일,서울특별시 중구 을지로5가,경상사고,0,0,1,0,차대사람 - 기타,보행자보호의무위반,포장 - 건조,맑음,단일로 - 기타,기타불명,기타불명,미분류,기타불명,보행자,남,26세,경상
16312,2019083000100354,2019년 8월 30일 14시,금요일,서울특별시 은평구 신사동,중상사고,0,1,0,0,차대사람 - 보도통행중,기타,포장 - 건조,맑음,기타 - 기타,자전거,남,8세,상해없음,보행자,여,65세,중상
16313,2019083000100355,2019년 8월 30일 14시,금요일,서울특별시 동대문구 장안동,경상사고,0,0,1,0,차대사람 - 길가장자리구역통행중,안전운전불이행,포장 - 건조,맑음,단일로 - 기타,승용,남,65세,상해없음,보행자,남,43세,경상
16314,2019083000100357,2019년 8월 30일 14시,금요일,서울특별시 마포구 서교동,경상사고,0,0,1,0,차대사람 - 기타,기타,포장 - 건조,맑음,단일로 - 기타,원동기,남,23세,상해없음,보행자,여,29세,경상
16315,2019083000100358,2019년 8월 30일 14시,금요일,서울특별시 강서구 화곡동,중상사고,0,1,0,0,차대사람 - 차도통행중,안전운전불이행,포장 - 건조,맑음,단일로 - 기타,이륜,남,29세,상해없음,보행자,여,79세,중상
16316,2019083000100361,2019년 8월 30일 14시,금요일,서울특별시 강남구 도곡동,경상사고,0,0,1,0,차대사람 - 횡단중,안전운전불이행,포장 - 건조,맑음,교차로 - 교차로부근,승용,남,52세,상해없음,보행자,남,41세,경상
16317,2019083000100405,2019년 8월 30일 15시,금요일,서울특별시 서대문구 남가좌동,경상사고,0,0,1,0,차대사람 - 차도통행중,안전운전불이행,포장 - 건조,맑음,교차로 - 교차로안,화물,남,51세,상해없음,보행자,남,69세,경상
16318,2019083000100408,2019년 8월 30일 15시,금요일,서울특별시 영등포구 여의도동,중상사고,0,2,0,0,차대사람 - 횡단중,보행자보호의무위반,포장 - 건조,맑음,교차로 - 교차로횡단보도내,화물,남,66세,상해없음,보행자,남,51세,중상
16319,2019083000100457,2019년 8월 30일 16시,금요일,서울특별시 서대문구 북아현동,경상사고,0,0,1,0,차대사람 - 기타,안전운전불이행,포장 - 건조,맑음,교차로 - 교차로안,승용,남,45세,상해없음,보행자,남,11세,경상
16320,2019083000100458,2019년 8월 30일 16시,금요일,서울특별시 마포구 성산동,부상신고사고,0,0,0,1,차대사람 - 차도통행중,안전운전불이행,포장 - 건조,맑음,단일로 - 기타,승용,여,52세,상해없음,보행자,여,15세,부상신고
16321,2019083000100462,2019년 8월 30일 16시,금요일,서울특별시 관악구 봉천동,중상사고,0,1,0,0,차대사람 - 보도통행중,안전운전불이행,포장 - 건조,맑음,기타 - 기타,승용,여,28세,상해없음,보행자,여,27세,중상
16322,2019083000100509,2019년 8월 30일 17시,금요일,서울특별시 영등포구 대림동,경상사고,0,0,1,0,차대사람 - 횡단중,안전운전불이행,포장 - 건조,맑음,단일로 - 기타,기타불명,기타불명,미분류,기타불명,보행자,여,56세,경상
16323,2019083000100510,2019년 8월 30일 17시,금요일,서울특별시 관악구 신림동,경상사고,0,0,1,0,차대사람 - 기타,안전운전불이행,포장 - 건조,맑음,단일로 - 기타,승용,여,51세,기타불명,보행자,남,41세,경상
16324,2019083000100513,2019년 8월 30일 17시,금요일,서울특별시 서초구 서초동,경상사고,0,0,1,0,차대사람 - 횡단중,안전운전불이행,포장 - 건조,맑음,단일로 - 기타,승용,여,45세,기타불명,보행자,남,14세,경상
16325,2019083000100514,2019년 8월 30일 17시,금요일,서울특별시 양천구 신정동,부상신고사고,0,0,0,1,차대사람 - 횡단중,안전운전불이행,포장 - 건조,맑음,교차로 - 교차로부근,승용,남,61세,상해없음,보행자,남,9세,부상신고
16326,2019083000100571,2019년 8월 30일 18시,금요일,서울특별시 광진구 화양동,경상사고,0,0,1,0,차대사람 - 길가장자리구역통행중,안전운전불이행,포장 - 건조,맑음,단일로 - 기타,승용,여,49세,상해없음,보행자,남,24세,경상
16327,2019083000100574,2019년 8월 30일 18시,금요일,서울특별시 송파구 오금동,부상신고사고,0,0,0,1,차대사람 - 기타,안전운전불이행,포장 - 건조,맑음,단일로 - 기타,승용,여,48세,상해없음,보행자,여,27세,부상신고
16328,2019083000100636,2019년 8월 30일 19시,금요일,서울특별시 중랑구 면목동,중상사고,0,1,0,0,차대사람 - 길가장자리구역통행중,안전운전불이행,포장 - 건조,맑음,교차로 - 교차로부근,승용,남,25세,상해없음,보행자,남,56세,중상
16329,2019083000100637,2019년 8월 30일 19시,금요일,서울특별시 중랑구 중화동,중상사고,0,1,0,0,차대사람 - 기타,안전운전불이행,포장 - 건조,맑음,단일로 - 기타,승용,남,54세,상해없음,보행자,남,45세,중상
16330,2019083000100642,2019년 8월 30일 19시,금요일,서울특별시 노원구 중계동,경상사고,0,0,1,0,차대사람 - 차도통행중,안전운전불이행,포장 - 건조,맑음,단일로 - 기타,자전거,남,52세,상해없음,보행자,여,70세,경상
16331,2019083000100731,2019년 8월 30일 21시,금요일,서울특별시 송파구 문정동,경상사고,0,0,1,0,차대사람 - 횡단중,신호위반,포장 - 건조,맑음,교차로 - 교차로안,승용,여,58세,상해없음,보행자,여,18세,경상
16332,2019083000100763,2019년 8월 30일 22시,금요일,서울특별시 성북구 삼선동3가,경상사고,0,0,1,0,차대사람 - 차도통행중,안전운전불이행,포장 - 건조,맑음,단일로 - 기타,승용,남,70세,상해없음,보행자,여,32세,경상
16333,2019083000100794,2019년 8월 30일 23시,금요일,서울특별시 중구 광희동1가,경상사고,0,0,1,0,차대사람 - 기타,안전운전불이행,포장 - 건조,맑음,단일로 - 기타,승용,남,38세,상해없음,보행자,남,63세,경상
16334,2019083000100795,2019년 8월 30일 23시,금요일,서울특별시 은평구 증산동,사망사고,1,0,0,0,차대사람 - 횡단중,안전운전불이행,포장 - 건조,맑음,단일로 - 기타,화물,여,49세,상해없음,보행자,여,58세,사망
16335,2019083000100796,2019년 8월 30일 23시,금요일,서울특별시 강북구 수유동,경상사고,0,0,1,0,차대사람 - 횡단중,신호위반,포장 - 건조,맑음,교차로 - 교차로부근,승용,남,27세,상해없음,보행자,여,16세,경상
16336,2019083000100797,2019년 8월 30일 23시,금요일,서울특별시 광진구 화양동,경상사고,0,0,1,0,차대사람 - 기타,안전운전불이행,포장 - 건조,맑음,단일로 - 기타,승용,남,25세,상해없음,보행자,남,29세,경상
16337,2019083000100799,2019년 8월 30일 23시,금요일,서울특별시 관악구 봉천동,중상사고,0,1,0,0,차대사람 - 횡단중,안전운전불이행,포장 - 건조,맑음,교차로 - 교차로횡단보도내,승용,남,67세,상해없음,보행자,남,50세,중상
16338,2019083100100029,2019년 8월 31일 00시,토요일,서울특별시 동대문구 전농동,중상사고,0,1,1,0,차대사람 - 횡단중,신호위반,포장 - 건조,맑음,단일로 - 기타,이륜,남,17세,상해없음,보행자,여,22세,경상
16339,2019083100100030,2019년 8월 31일 00시,토요일,서울특별시 광진구 군자동,중상사고,0,1,0,0,차대사람 - 차도통행중,안전운전불이행,포장 - 건조,맑음,단일로 - 기타,승용,여,20세,상해없음,보행자,남,31세,중상
16340,2019083100100074,2019년 8월 31일 02시,토요일,서울특별시 동대문구 답십리동,경상사고,0,0,1,1,차대사람 - 횡단중,안전운전불이행,포장 - 건조,흐림,교차로 - 교차로안,이륜,남,32세,부상신고,보행자,남,33세,경상
16341,2019083100100078,2019년 8월 31일 02시,토요일,서울특별시 서초구 서초동,경상사고,0,0,1,0,차대사람 - 기타,안전운전불이행,포장 - 건조,맑음,교차로 - 교차로안,승용,여,39세,상해없음,보행자,남,16세,경상
16342,2019083100100092,2019년 8월 31일 03시,토요일,서울특별시 마포구 합정동,경상사고,0,0,1,0,차대사람 - 기타,안전운전불이행,포장 - 건조,맑음,교차로 - 교차로안,승용,남,65세,상해없음,보행자,남,27세,경상
16343,2019083100100158,2019년 8월 31일 07시,토요일,서울특별시 노원구 공릉동,경상사고,0,0,1,0,차대사람 - 기타,안전운전불이행,포장 - 건조,맑음,교차로 - 교차로안,화물,남,41세,상해없음,보행자,여,61세,경상
16344,2019083100100180,2019년 8월 31일 08시,토요일,서울특별시 중구 쌍림동,중상사고,0,1,0,0,차대사람 - 횡단중,안전운전불이행,포장 - 건조,맑음,교차로 - 교차로안,승합,남,58세,상해없음,보행자,여,66세,중상
16345,2019083100100242,2019년 8월 31일 10시,토요일,서울특별시 중구 중림동,경상사고,0,0,1,0,차대사람 - 기타,안전운전불이행,포장 - 건조,맑음,교차로 - 교차로안,화물,남,72세,상해없음,보행자,남,52세,경상
16346,2019083100100243,2019년 8월 31일 10시,토요일,서울특별시 광진구 구의동,경상사고,0,0,1,0,차대사람 - 횡단중,안전운전불이행,포장 - 건조,맑음,기타 - 기타,승용,남,50세,상해없음,보행자,여,25세,경상
16347,2019083100100248,2019년 8월 31일 10시,토요일,서울특별시 강동구 암사동,중상사고,0,1,0,0,차대사람 - 기타,안전운전불이행,포장 - 건조,맑음,단일로 - 기타,승용,여,59세,상해없음,보행자,여,76세,중상
16348,2019083100100249,2019년 8월 31일 10시,토요일,서울특별시 노원구 상계동,중상사고,0,1,1,0,차대사람 - 횡단중,안전운전불이행,포장 - 건조,맑음,교차로 - 교차로안,자전거,남,49세,경상,보행자,남,18세,중상
16349,2019083100100354,2019년 8월 31일 13시,토요일,서울특별시 광진구 자양동,중상사고,0,1,0,0,차대사람 - 차도통행중,안전운전불이행,포장 - 건조,맑음,단일로 - 기타,승용,남,57세,상해없음,보행자,남,58세,중상
16350,2019083100100357,2019년 8월 31일 13시,토요일,서울특별시 금천구 독산동,중상사고,0,1,0,0,차대사람 - 기타,안전운전불이행,포장 - 건조,맑음,단일로 - 기타,이륜,남,46세,상해없음,보행자,여,7세,중상
16351,2019083100100360,2019년 8월 31일 13시,토요일,서울특별시 양천구 목동,경상사고,0,0,1,0,차대사람 - 횡단중,신호위반,포장 - 건조,맑음,교차로 - 교차로안,승용,여,47세,상해없음,보행자,남,20세,경상
16352,2019083100100364,2019년 8월 31일 13시,토요일,서울특별시 서초구 반포동,중상사고,0,1,0,0,차대사람 - 횡단중,보행자보호의무위반,포장 - 건조,맑음,단일로 - 기타,승용,남,60세,상해없음,보행자,남,30세,중상
16353,2019083100100365,2019년 8월 31일 13시,토요일,서울특별시 강남구 도곡동,중상사고,0,1,0,0,차대사람 - 횡단중,보행자보호의무위반,포장 - 건조,맑음,교차로 - 교차로횡단보도내,승용,남,34세,상해없음,보행자,여,66세,중상
16354,2019083100100446,2019년 8월 31일 15시,토요일,서울특별시 강북구 미아동,경상사고,0,0,2,0,차대사람 - 횡단중,보행자보호의무위반,포장 - 건조,맑음,교차로 - 교차로횡단보도내,승용,여,53세,상해없음,보행자,여,39세,경상
16355,2019083100100449,2019년 8월 31일 15시,토요일,서울특별시 강동구 천호동,부상신고사고,0,0,0,1,차대사람 - 기타,안전운전불이행,포장 - 건조,맑음,기타 - 기타,자전거,여,53세,상해없음,보행자,여,6세,부상신고
16356,2019083100100482,2019년 8월 31일 16시,토요일,서울특별시 종로구 창성동,중상사고,0,1,0,0,차대사람 - 기타,안전운전불이행,포장 - 건조,맑음,단일로 - 기타,승용,남,53세,상해없음,보행자,남,30세,중상
16357,2019083100100483,2019년 8월 31일 16시,토요일,서울특별시 용산구 한남동,경상사고,0,0,2,0,차대사람 - 기타,안전운전불이행,포장 - 건조,맑음,기타 - 기타,승합,남,56세,상해없음,보행자,여,19세,경상
16358,2019083100100523,2019년 8월 31일 17시,토요일,서울특별시 광진구 광장동,경상사고,0,0,1,0,차대사람 - 기타,안전운전불이행,포장 - 기타,맑음,기타 - 기타,화물,남,50세,상해없음,보행자,남,26세,경상
16359,2019083100100526,2019년 8월 31일 17시,토요일,서울특별시 강동구 고덕동,경상사고,0,0,1,0,차대사람 - 횡단중,보행자보호의무위반,포장 - 건조,맑음,단일로 - 기타,자전거,남,12세,상해없음,보행자,남,33세,경상
16360,2019083100100568,2019년 8월 31일 18시,토요일,서울특별시 마포구 연남동,중상사고,0,1,0,0,차대사람 - 기타,신호위반,포장 - 건조,맑음,교차로 - 교차로부근,승용,남,29세,상해없음,보행자,남,46세,중상
16361,2019083100100570,2019년 8월 31일 18시,토요일,서울특별시 강서구 방화동,경상사고,0,0,1,0,차대사람 - 기타,안전운전불이행,포장 - 건조,맑음,단일로 - 기타,승합,남,53세,상해없음,보행자,여,74세,경상
16362,2019083100100606,2019년 8월 31일 19시,토요일,서울특별시 용산구 후암동,경상사고,0,0,1,0,차대사람 - 횡단중,보행자보호의무위반,포장 - 건조,맑음,교차로 - 교차로횡단보도내,승용,남,66세,상해없음,보행자,남,12세,경상
16363,2019083100100609,2019년 8월 31일 19시,토요일,서울특별시 중랑구 중화동,중상사고,0,1,0,0,차대사람 - 보도통행중,안전운전불이행,포장 - 건조,맑음,교차로 - 교차로안,승용,남,26세,상해없음,보행자,남,5세,중상
16364,2019083100100611,2019년 8월 31일 19시,토요일,서울특별시 구로구 개봉동,경상사고,0,0,1,0,차대사람 - 기타,안전운전불이행,포장 - 건조,맑음,단일로 - 기타,승용,남,28세,상해없음,보행자,남,6세,경상
16365,2019083100100612,2019년 8월 31일 19시,토요일,서울특별시 양천구 신정동,경상사고,0,0,1,0,차대사람 - 기타,안전운전불이행,포장 - 건조,맑음,교차로 - 교차로안,승용,남,27세,상해없음,보행자,여,61세,경상
16366,2019083100100656,2019년 8월 31일 20시,토요일,서울특별시 강북구 수유동,중상사고,0,1,0,0,차대사람 - 횡단중,안전운전불이행,포장 - 건조,맑음,교차로 - 교차로안,승용,여,46세,상해없음,보행자,남,69세,중상
16367,2019083100100660,2019년 8월 31일 20시,토요일,서울특별시 영등포구 양평동3가,부상신고사고,0,0,0,1,차대사람 - 보도통행중,기타,포장 - 건조,맑음,단일로 - 기타,이륜,남,56세,상해없음,보행자,여,54세,부상신고
16368,2019083100100690,2019년 8월 31일 21시,토요일,서울특별시 종로구 종로3가,중상사고,0,1,0,0,차대사람 - 횡단중,신호위반,포장 - 건조,맑음,교차로 - 교차로횡단보도내,승용,남,68세,상해없음,보행자,남,24세,중상
16369,2019083100100715,2019년 8월 31일 22시,토요일,서울특별시 마포구 합정동,중상사고,0,2,1,0,차대사람 - 횡단중,신호위반,포장 - 건조,맑음,교차로 - 교차로부근,승용,여,25세,상해없음,보행자,남,25세,중상
16370,2019090100100032,2019년 9월 1일 01시,일요일,서울특별시 동대문구 장안동,경상사고,0,0,1,0,차대사람 - 차도통행중,안전운전불이행,포장 - 건조,맑음,교차로 - 교차로안,승용,여,56세,상해없음,보행자,남,59세,경상
16371,2019090100100052,2019년 9월 1일 02시,일요일,서울특별시 서초구 서초동,경상사고,0,0,1,0,차대사람 - 기타,안전운전불이행,포장 - 건조,맑음,단일로 - 기타,승용,남,65세,상해없음,보행자,남,37세,경상
16372,2019090100100109,2019년 9월 1일 08시,일요일,서울특별시 송파구 신천동,중상사고,0,1,0,0,차대사람 - 기타,중앙선침범,포장 - 건조,맑음,교차로 - 교차로부근,승용,남,65세,상해없음,보행자,남,51세,중상
16373,2019090100100148,2019년 9월 1일 10시,일요일,서울특별시 광진구 화양동,경상사고,0,0,2,0,차대사람 - 기타,안전거리미확보,포장 - 건조,맑음,교차로 - 교차로부근,승용,남,32세,상해없음,보행자,여,20세,경상
16374,2019090100100149,2019년 9월 1일 10시,일요일,서울특별시 중랑구 신내동,중상사고,0,1,0,0,차대사람 - 기타,보행자보호의무위반,포장 - 건조,맑음,교차로 - 교차로횡단보도내,승용,남,43세,상해없음,보행자,여,51세,중상
16375,2019090100100167,2019년 9월 1일 11시,일요일,서울특별시 은평구 응암동,중상사고,0,1,0,0,차대사람 - 기타,안전운전불이행,포장 - 건조,맑음,교차로 - 교차로안,승합,남,56세,상해없음,보행자,여,76세,중상
16376,2019090100100188,2019년 9월 1일 12시,일요일,서울특별시 노원구 중계동,중상사고,0,1,0,0,차대사람 - 기타,안전운전불이행,포장 - 건조,맑음,단일로 - 기타,승용,여,34세,상해없음,보행자,남,21세,중상
16377,2019090100100215,2019년 9월 1일 13시,일요일,서울특별시 강남구 도곡동,경상사고,0,0,1,0,차대사람 - 보도통행중,기타,포장 - 건조,맑음,단일로 - 기타,개인형이동수단(PM),여,28세,상해없음,보행자,남,26세,경상
16378,2019090100100244,2019년 9월 1일 14시,일요일,서울특별시 성북구 동선동1가,중상사고,0,1,0,0,차대사람 - 기타,안전운전불이행,포장 - 건조,맑음,단일로 - 기타,화물,남,41세,상해없음,보행자,남,56세,중상
16379,2019090100100274,2019년 9월 1일 15시,일요일,서울특별시 서대문구 홍제동,중상사고,0,1,0,0,차대사람 - 기타,안전운전불이행,포장 - 건조,흐림,단일로 - 기타,승용,여,68세,상해없음,보행자,남,22세,중상
16380,2019090100100278,2019년 9월 1일 15시,일요일,서울특별시 강남구 수서동,경상사고,0,0,1,0,차대사람 - 기타,안전운전불이행,포장 - 건조,맑음,기타 - 기타,화물,남,64세,상해없음,보행자,남,6세,경상
16381,2019090100100306,2019년 9월 1일 16시,일요일,서울특별시 중구 신당동,부상신고사고,0,0,0,1,차대사람 - 기타,안전운전불이행,포장 - 건조,맑음,교차로 - 교차로횡단보도내,승용,남,62세,상해없음,보행자,남,8세,부상신고
16382,2019090100100310,2019년 9월 1일 16시,일요일,서울특별시 강남구 논현동,중상사고,0,1,0,0,차대사람 - 기타,신호위반,포장 - 건조,맑음,교차로 - 교차로횡단보도내,이륜,남,32세,상해없음,보행자,남,41세,중상
16383,2019090100100312,2019년 9월 1일 16시,일요일,서울특별시 양천구 신월동,중상사고,0,1,0,0,차대사람 - 횡단중,보행자보호의무위반,포장 - 건조,맑음,교차로 - 교차로횡단보도내,승용,남,60세,상해없음,보행자,남,10세,중상
16384,2019090100100401,2019년 9월 1일 19시,일요일,서울특별시 동작구 대방동,경상사고,0,0,1,0,차대사람 - 횡단중,보행자보호의무위반,포장 - 건조,맑음,교차로 - 교차로횡단보도내,승용,여,47세,상해없음,보행자,여,60세,경상
16385,2019090100100402,2019년 9월 1일 19시,일요일,서울특별시 중랑구 면목동,경상사고,0,0,1,0,차대사람 - 기타,안전운전불이행,포장 - 건조,맑음,단일로 - 지하차도(도로)내,승용,남,46세,상해없음,보행자,여,44세,경상
16386,2019090100100404,2019년 9월 1일 19시,일요일,서울특별시 양천구 신월동,경상사고,0,0,1,0,차대사람 - 보도통행중,보행자보호의무위반,포장 - 건조,맑음,단일로 - 기타,승용,남,62세,상해없음,보행자,여,62세,경상
16387,2019090100100446,2019년 9월 1일 20시,일요일,서울특별시 강북구 미아동,경상사고,0,0,1,0,차대사람 - 횡단중,신호위반,포장 - 건조,흐림,교차로 - 교차로횡단보도내,이륜,남,44세,상해없음,보행자,남,53세,경상
16388,2019090100100447,2019년 9월 1일 20시,일요일,서울특별시 성동구 금호동4가,경상사고,0,0,1,0,차대사람 - 횡단중,보행자보호의무위반,포장 - 건조,맑음,교차로 - 교차로안,승용,남,29세,상해없음,보행자,여,17세,경상
16389,2019090100100449,2019년 9월 1일 20시,일요일,서울특별시 송파구 거여동,경상사고,0,0,1,0,차대사람 - 횡단중,신호위반,포장 - 건조,기타,단일로 - 기타,승용,여,43세,상해없음,보행자,남,9세,경상
16390,2019090100100450,2019년 9월 1일 20시,일요일,서울특별시 양천구 신월동,부상신고사고,0,0,0,1,차대사람 - 기타,안전운전불이행,포장 - 건조,맑음,단일로 - 기타,기타불명,기타불명,미분류,기타불명,보행자,남,67세,부상신고
16391,2019090100100481,2019년 9월 1일 21시,일요일,서울특별시 도봉구 창동,경상사고,0,0,1,0,차대사람 - 기타,안전운전불이행,포장 - 건조,맑음,단일로 - 기타,승용,남,46세,기타불명,보행자,남,52세,경상
16392,2019090100100513,2019년 9월 1일 23시,일요일,서울특별시 동작구 노량진동,부상신고사고,0,0,0,1,차대사람 - 기타,안전운전불이행,포장 - 건조,맑음,단일로 - 기타,화물,남,57세,상해없음,보행자,남,28세,부상신고
16393,2019090100100514,2019년 9월 1일 23시,일요일,서울특별시 중랑구 중화동,경상사고,0,0,1,0,차대사람 - 기타,안전운전불이행,포장 - 건조,맑음,단일로 - 기타,자전거,남,56세,상해없음,보행자,남,30세,경상
16394,2019090200100058,2019년 9월 2일 05시,월요일,서울특별시 강동구 길동,사망사고,1,0,0,0,차대사람 - 횡단중,신호위반,포장 - 건조,맑음,교차로 - 교차로안,화물,남,67세,상해없음,보행자,남,47세,사망
16395,2019090200100066,2019년 9월 2일 06시,월요일,서울특별시 중랑구 면목동,경상사고,0,0,1,0,차대사람 - 기타,기타,포장 - 건조,맑음,기타 - 기타,개인형이동수단(PM),여,33세,상해없음,보행자,남,19세,경상
16396,2019090200100109,2019년 9월 2일 08시,월요일,서울특별시 서대문구 신촌동,경상사고,0,0,1,0,차대사람 - 횡단중,보행자보호의무위반,포장 - 건조,맑음,교차로 - 교차로부근,승용,남,36세,상해없음,보행자,여,24세,경상
16397,2019090200100111,2019년 9월 2일 08시,월요일,서울특별시 영등포구 당산동4가,경상사고,0,0,1,0,차대사람 - 기타,안전운전불이행,포장 - 건조,맑음,단일로 - 기타,승합,남,59세,기타불명,보행자,남,82세,경상
16398,2019090200100118,2019년 9월 2일 08시,월요일,서울특별시 양천구 신월동,중상사고,0,1,0,0,차대사람 - 기타,안전운전불이행,포장 - 건조,맑음,단일로 - 기타,승용,여,27세,상해없음,보행자,여,10세,중상
16399,2019090200100173,2019년 9월 2일 09시,월요일,서울특별시 성북구 돈암동,경상사고,0,0,1,0,차대사람 - 기타,안전운전불이행,포장 - 건조,맑음,기타 - 기타,승용,남,58세,상해없음,보행자,여,66세,경상
16400,2019090200100175,2019년 9월 2일 09시,월요일,서울특별시 금천구 독산동,중상사고,0,1,0,0,차대사람 - 기타,안전운전불이행,포장 - 건조,맑음,단일로 - 기타,승용,여,58세,상해없음,보행자,여,54세,중상