,사고번호,사고일시,요일,시군구,사고내용,사망자수,중상자수,경상자수,부상신고자수,사고유형,법규위반,노면상태,기상상태,도로형태,가해운전자 차종,가해운전자 성별,가해운전자 연령,가해운전자 상해정도,피해운전자 차종,피해운전자 성별,피해운전자 연령,피해운전자 상해정도
16401,2019090200100177,2019년 9월 2일 09시,월요일,서울특별시 노원구 하계동,중상사고,0,1,0,0,차대사람 - 횡단중,안전운전불이행,포장 - 건조,맑음,교차로 - 교차로안,화물,남,38세,상해없음,보행자,남,83세,중상
16402,2019090200100216,2019년 9월 2일 10시,월요일,서울특별시 마포구 창전동,중상사고,0,1,0,0,차대사람 - 횡단중,안전운전불이행,포장 - 건조,맑음,단일로 - 기타,승용,남,62세,상해없음,보행자,여,79세,중상
16403,2019090200100250,2019년 9월 2일 11시,월요일,서울특별시 강북구 수유동,경상사고,0,0,1,0,차대사람 - 기타,안전운전불이행,포장 - 건조,맑음,교차로 - 교차로부근,승용,여,41세,기타불명,보행자,여,59세,경상
16404,2019090200100252,2019년 9월 2일 11시,월요일,서울특별시 영등포구 당산동3가,경상사고,0,0,1,0,차대사람 - 차도통행중,안전운전불이행,포장 - 건조,맑음,교차로 - 교차로안,승용,남,56세,상해없음,보행자,남,64세,경상
16405,2019090200100254,2019년 9월 2일 11시,월요일,서울특별시 중랑구 면목동,경상사고,0,0,1,0,차대사람 - 길가장자리구역통행중,안전운전불이행,포장 - 건조,맑음,교차로 - 교차로안,화물,남,61세,상해없음,보행자,여,75세,경상
16406,2019090200100291,2019년 9월 2일 12시,월요일,서울특별시 영등포구 양평동1가,경상사고,0,0,2,0,차대사람 - 횡단중,보행자보호의무위반,포장 - 건조,맑음,단일로 - 기타,승용,여,48세,상해없음,보행자,여,38세,경상
16407,2019090200100329,2019년 9월 2일 13시,월요일,서울특별시 강동구 성내동,중상사고,0,1,0,0,차대사람 - 기타,안전운전불이행,포장 - 건조,맑음,교차로 - 교차로안,화물,남,28세,상해없음,보행자,여,70세,중상
16408,2019090200100366,2019년 9월 2일 14시,월요일,서울특별시 중랑구 신내동,경상사고,0,0,1,0,차대사람 - 기타,기타,포장 - 건조,맑음,단일로 - 기타,승합,남,40세,상해없음,보행자,여,65세,경상
16409,2019090200100369,2019년 9월 2일 14시,월요일,서울특별시 강동구 암사동,중상사고,0,1,0,0,차대사람 - 기타,안전운전불이행,포장 - 건조,맑음,단일로 - 기타,이륜,남,48세,상해없음,보행자,여,80세,중상
16410,2019090200100403,2019년 9월 2일 15시,월요일,서울특별시 중구 을지로6가,중상사고,0,1,0,0,차대사람 - 기타,안전운전불이행,포장 - 건조,맑음,단일로 - 기타,승용,남,46세,상해없음,보행자,여,86세,중상
16411,2019090200100438,2019년 9월 2일 16시,월요일,서울특별시 중랑구 상봉동,경상사고,0,0,1,0,차대사람 - 횡단중,보행자보호의무위반,포장 - 건조,맑음,단일로 - 기타,승용,여,69세,상해없음,보행자,여,59세,경상
16412,2019090200100472,2019년 9월 2일 17시,월요일,서울특별시 성북구 길음동,부상신고사고,0,0,0,1,차대사람 - 기타,안전운전불이행,포장 - 건조,맑음,기타 - 기타,자전거,남,13세,상해없음,보행자,여,34세,부상신고
16413,2019090200100510,2019년 9월 2일 18시,월요일,서울특별시 서대문구 북가좌동,중상사고,0,1,0,0,차대사람 - 기타,보행자보호의무위반,포장 - 건조,맑음,교차로 - 교차로횡단보도내,화물,남,61세,상해없음,보행자,여,72세,중상
16414,2019090200100514,2019년 9월 2일 18시,월요일,서울특별시 강남구 신사동,경상사고,0,0,1,0,차대사람 - 기타,안전운전불이행,포장 - 건조,기타,단일로 - 기타,승용,남,47세,기타불명,보행자,여,30세,경상
16415,2019090200100559,2019년 9월 2일 19시,월요일,서울특별시 강북구 미아동,중상사고,0,1,0,0,차대사람 - 길가장자리구역통행중,안전운전불이행,포장 - 건조,맑음,교차로 - 교차로안,승용,남,55세,상해없음,보행자,여,69세,중상
16416,2019090200100560,2019년 9월 2일 19시,월요일,서울특별시 동대문구 장안동,중상사고,0,1,1,0,차대사람 - 차도통행중,안전운전불이행,포장 - 건조,맑음,단일로 - 기타,이륜,남,24세,경상,보행자,남,58세,중상
16417,2019090200100565,2019년 9월 2일 19시,월요일,서울특별시 송파구 삼전동,중상사고,0,1,0,0,차대사람 - 횡단중,신호위반,포장 - 건조,흐림,단일로 - 기타,승용,남,45세,상해없음,보행자,남,67세,중상
16418,2019090200100569,2019년 9월 2일 19시,월요일,서울특별시 노원구 월계동,경상사고,0,0,1,0,차대사람 - 차도통행중,안전운전불이행,포장 - 건조,맑음,단일로 - 기타,화물,남,77세,상해없음,보행자,남,24세,경상
16419,2019090200100623,2019년 9월 2일 20시,월요일,서울특별시 중구 황학동,경상사고,0,0,1,0,차대사람 - 기타,안전운전불이행,포장 - 건조,맑음,단일로 - 기타,이륜,여,41세,기타불명,보행자,남,42세,경상
16420,2019090200100627,2019년 9월 2일 20시,월요일,서울특별시 송파구 마천동,중상사고,0,1,0,0,차대사람 - 기타,안전운전불이행,포장 - 건조,맑음,기타 - 기타,화물,남,66세,상해없음,보행자,남,47세,중상
16421,2019090200100628,2019년 9월 2일 20시,월요일,서울특별시 구로구 구로동,경상사고,0,0,1,0,차대사람 - 보도통행중,기타,포장 - 건조,맑음,기타 - 기타,개인형이동수단(PM),남,36세,상해없음,보행자,여,54세,경상
16422,2019090200100630,2019년 9월 2일 20시,월요일,서울특별시 노원구 중계동,중상사고,0,1,0,0,차대사람 - 기타,안전운전불이행,포장 - 건조,맑음,단일로 - 기타,승용,여,41세,상해없음,보행자,여,77세,중상
16423,2019090200100702,2019년 9월 2일 22시,월요일,서울특별시 강북구 미아동,경상사고,0,0,1,0,차대사람 - 횡단중,신호위반,포장 - 건조,맑음,교차로 - 교차로부근,승합,남,68세,상해없음,보행자,여,58세,경상
16424,2019090200100703,2019년 9월 2일 22시,월요일,서울특별시 마포구 아현동,중상사고,0,1,1,0,차대사람 - 기타,신호위반,포장 - 건조,기타,기타 - 기타,이륜,남,39세,경상,보행자,여,30세,중상
16425,2019090300100079,2019년 9월 3일 06시,화요일,서울특별시 종로구 창신동,경상사고,0,0,1,0,차대사람 - 기타,안전운전불이행,포장 - 건조,맑음,단일로 - 기타,승용,남,50세,상해없음,보행자,남,57세,경상
16426,2019090300100094,2019년 9월 3일 07시,화요일,서울특별시 서대문구 홍은동,중상사고,0,1,0,0,차대사람 - 횡단중,안전운전불이행,포장 - 건조,맑음,교차로 - 교차로횡단보도내,화물,남,55세,상해없음,보행자,여,82세,중상
16427,2019090300100121,2019년 9월 3일 08시,화요일,서울특별시 관악구 봉천동,중상사고,0,1,0,0,차대사람 - 길가장자리구역통행중,안전운전불이행,포장 - 건조,맑음,교차로 - 교차로부근,승용,남,46세,상해없음,보행자,여,77세,중상
16428,2019090300100124,2019년 9월 3일 08시,화요일,서울특별시 성북구 하월곡동,중상사고,0,1,0,0,차대사람 - 기타,안전운전불이행,포장 - 건조,흐림,교차로 - 교차로부근,승용,남,72세,상해없음,보행자,남,58세,중상
16429,2019090300100126,2019년 9월 3일 08시,화요일,서울특별시 양천구 목동,경상사고,0,0,1,0,차대사람 - 기타,안전운전불이행,포장 - 건조,맑음,기타 - 기타,승용,여,50세,상해없음,보행자,남,38세,경상
16430,2019090300100127,2019년 9월 3일 08시,화요일,서울특별시 노원구 상계동,사망사고,1,0,1,0,차대사람 - 횡단중,안전운전불이행,포장 - 건조,맑음,단일로 - 기타,건설기계,남,56세,상해없음,보행자,여,67세,사망
16431,2019090300100128,2019년 9월 3일 08시,화요일,서울특별시 강남구 도곡동,중상사고,0,1,0,0,차대사람 - 횡단중,보행자보호의무위반,포장 - 건조,맑음,교차로 - 교차로부근,승용,여,48세,상해없음,보행자,남,68세,중상
16432,2019090300100165,2019년 9월 3일 09시,화요일,서울특별시 강북구 번동,중상사고,0,1,0,0,차대사람 - 차도통행중,안전운전불이행,포장 - 건조,맑음,단일로 - 기타,승용,여,68세,상해없음,보행자,남,53세,중상
16433,2019090300100166,2019년 9월 3일 09시,화요일,서울특별시 동대문구 제기동,경상사고,0,0,1,0,차대사람 - 기타,안전운전불이행,포장 - 건조,맑음,교차로 - 교차로안,화물,남,59세,상해없음,보행자,남,2세,경상
16434,2019090300100168,2019년 9월 3일 09시,화요일,서울특별시 동작구 노량진동,경상사고,0,0,1,0,차대사람 - 기타,안전운전불이행,포장 - 건조,맑음,단일로 - 기타,승용,남,55세,상해없음,보행자,여,28세,경상
16435,2019090300100196,2019년 9월 3일 10시,화요일,서울특별시 구로구 오류동,중상사고,0,1,0,0,차대사람 - 길가장자리구역통행중,안전운전불이행,포장 - 건조,맑음,교차로 - 교차로부근,승용,남,66세,상해없음,보행자,여,64세,중상
16436,2019090300100222,2019년 9월 3일 11시,화요일,서울특별시 동대문구 전농동,경상사고,0,0,1,0,차대사람 - 길가장자리구역통행중,안전운전불이행,포장 - 건조,맑음,단일로 - 기타,승용,남,40세,상해없음,보행자,남,47세,경상
16437,2019090300100225,2019년 9월 3일 11시,화요일,서울특별시 양천구 목동,경상사고,0,0,1,0,차대사람 - 기타,안전운전불이행,포장 - 건조,맑음,단일로 - 기타,승용,남,25세,상해없음,보행자,여,59세,경상
16438,2019090300100288,2019년 9월 3일 13시,화요일,서울특별시 마포구 도화동,경상사고,0,0,1,0,차대사람 - 차도통행중,안전운전불이행,포장 - 건조,맑음,단일로 - 기타,승용,남,31세,상해없음,보행자,여,22세,경상
16439,2019090300100325,2019년 9월 3일 14시,화요일,서울특별시 서대문구 북아현동,경상사고,0,0,1,0,차대사람 - 횡단중,보행자보호의무위반,포장 - 건조,맑음,교차로 - 교차로횡단보도내,이륜,남,60세,상해없음,보행자,여,76세,경상
16440,2019090300100364,2019년 9월 3일 15시,화요일,서울특별시 광진구 중곡동,중상사고,0,1,0,0,차대사람 - 횡단중,신호위반,포장 - 건조,맑음,교차로 - 교차로횡단보도내,승용,남,57세,상해없음,보행자,여,53세,중상
16441,2019090300100366,2019년 9월 3일 15시,화요일,서울특별시 송파구 방이동,경상사고,0,0,1,0,차대사람 - 기타,안전운전불이행,포장 - 건조,맑음,단일로 - 기타,승용,남,30세,상해없음,보행자,남,39세,경상
16442,2019090300100399,2019년 9월 3일 16시,화요일,서울특별시 서대문구 남가좌동,경상사고,0,0,1,0,차대사람 - 차도통행중,안전운전불이행,포장 - 건조,맑음,단일로 - 기타,화물,남,58세,상해없음,보행자,여,88세,경상
16443,2019090300100402,2019년 9월 3일 16시,화요일,서울특별시 동대문구 장안동,경상사고,0,0,1,0,차대사람 - 횡단중,안전운전불이행,포장 - 건조,맑음,단일로 - 기타,화물,남,44세,기타불명,보행자,여,36세,경상
16444,2019090300100405,2019년 9월 3일 16시,화요일,서울특별시 관악구 신림동,중상사고,0,2,0,0,차대사람 - 횡단중,보행자보호의무위반,포장 - 건조,맑음,교차로 - 교차로횡단보도내,화물,남,41세,상해없음,보행자,여,61세,중상
16445,2019090300100408,2019년 9월 3일 16시,화요일,서울특별시 구로구 구로동,중상사고,0,1,0,0,차대사람 - 길가장자리구역통행중,안전운전불이행,포장 - 건조,맑음,단일로 - 기타,승용,남,56세,상해없음,보행자,여,50세,중상
16446,2019090300100411,2019년 9월 3일 16시,화요일,서울특별시 도봉구 도봉동,경상사고,0,0,1,0,차대사람 - 기타,안전운전불이행,포장 - 건조,맑음,단일로 - 기타,승용,남,60세,상해없음,보행자,여,66세,경상
16447,2019090300100457,2019년 9월 3일 17시,화요일,서울특별시 은평구 응암동,경상사고,0,0,1,0,차대사람 - 횡단중,안전운전불이행,포장 - 건조,맑음,교차로 - 교차로부근,승용,여,56세,상해없음,보행자,여,8세,경상
16448,2019090300100500,2019년 9월 3일 18시,화요일,서울특별시 성동구 성수동2가,중상사고,0,1,0,0,차대사람 - 보도통행중,보행자보호의무위반,포장 - 젖음/습기,비,교차로 - 교차로횡단보도내,자전거,남,13세,상해없음,보행자,남,51세,중상
16449,2019090300100504,2019년 9월 3일 18시,화요일,서울특별시 강서구 마곡동,중상사고,0,1,0,0,차대사람 - 기타,안전운전불이행,포장 - 건조,맑음,교차로 - 교차로안,승용,남,46세,상해없음,보행자,여,10세,중상
16450,2019090300100508,2019년 9월 3일 18시,화요일,서울특별시 도봉구 쌍문동,경상사고,0,0,1,0,차대사람 - 기타,안전운전불이행,포장 - 건조,맑음,단일로 - 기타,승용,여,35세,상해없음,보행자,남,64세,경상
16451,2019090300100557,2019년 9월 3일 19시,화요일,서울특별시 동대문구 청량리동,중상사고,0,1,0,0,차대사람 - 횡단중,안전운전불이행,포장 - 젖음/습기,비,단일로 - 기타,승용,남,43세,상해없음,보행자,여,53세,중상
16452,2019090300100562,2019년 9월 3일 19시,화요일,서울특별시 성북구 하월곡동,경상사고,0,0,1,0,차대사람 - 횡단중,안전운전불이행,포장 - 젖음/습기,비,단일로 - 기타,이륜,남,82세,상해없음,보행자,여,53세,경상
16453,2019090300100564,2019년 9월 3일 19시,화요일,서울특별시 양천구 신월동,경상사고,0,0,1,0,차대사람 - 기타,보행자보호의무위반,포장 - 건조,맑음,교차로 - 교차로안,승용,여,48세,상해없음,보행자,여,72세,경상
16454,2019090300100629,2019년 9월 3일 20시,화요일,서울특별시 동작구 상도동,경상사고,0,0,1,0,차대사람 - 횡단중,안전운전불이행,포장 - 젖음/습기,비,단일로 - 기타,승용,남,59세,상해없음,보행자,남,33세,경상
16455,2019090300100632,2019년 9월 3일 20시,화요일,서울특별시 송파구 방이동,중상사고,0,1,0,0,차대사람 - 기타,안전운전불이행,포장 - 건조,맑음,단일로 - 기타,자전거,남,64세,상해없음,보행자,여,39세,중상
16456,2019090300100663,2019년 9월 3일 21시,화요일,서울특별시 동대문구 장안동,중상사고,0,1,0,0,차대사람 - 차도통행중,안전운전불이행,포장 - 건조,맑음,단일로 - 기타,이륜,남,17세,상해없음,보행자,남,59세,중상
16457,2019090300100664,2019년 9월 3일 21시,화요일,서울특별시 금천구 가산동,경상사고,0,0,1,0,차대사람 - 기타,안전운전불이행,포장 - 건조,맑음,교차로 - 교차로부근,승용,남,43세,상해없음,보행자,남,57세,경상
16458,2019090300100667,2019년 9월 3일 21시,화요일,서울특별시 중랑구 면목동,경상사고,0,0,1,0,차대사람 - 횡단중,신호위반,포장 - 건조,맑음,교차로 - 교차로횡단보도내,승용,남,29세,상해없음,보행자,여,23세,경상
16459,2019090300100688,2019년 9월 3일 22시,화요일,서울특별시 종로구 관철동,중상사고,0,1,0,0,차대사람 - 기타,안전운전불이행,포장 - 건조,맑음,교차로 - 교차로부근,승합,남,44세,상해없음,보행자,여,42세,중상
16460,2019090300100707,2019년 9월 3일 23시,화요일,서울특별시 강서구 방화동,경상사고,0,0,1,0,차대사람 - 기타,안전운전불이행,포장 - 젖음/습기,비,단일로 - 기타,화물,남,52세,상해없음,보행자,남,23세,경상
16461,2019090400100018,2019년 9월 4일 00시,수요일,서울특별시 서대문구 충정로3가,중상사고,0,1,0,0,차대사람 - 기타,안전운전불이행,포장 - 건조,흐림,단일로 - 기타,승합,남,51세,상해없음,보행자,남,65세,중상
16462,2019090400100019,2019년 9월 4일 00시,수요일,서울특별시 광진구 자양동,경상사고,0,0,1,0,차대사람 - 기타,안전운전불이행,포장 - 건조,맑음,단일로 - 기타,이륜,남,25세,상해없음,보행자,남,25세,경상
16463,2019090400100067,2019년 9월 4일 06시,수요일,서울특별시 중구 황학동,경상사고,0,0,1,0,차대사람 - 차도통행중,안전운전불이행,포장 - 건조,맑음,단일로 - 기타,승용,남,62세,상해없음,보행자,여,27세,경상
16464,2019090400100110,2019년 9월 4일 08시,수요일,서울특별시 강서구 화곡동,경상사고,0,0,1,0,차대사람 - 기타,보행자보호의무위반,포장 - 젖음/습기,흐림,단일로 - 기타,승용,남,49세,상해없음,보행자,남,50세,경상
16465,2019090400100111,2019년 9월 4일 08시,수요일,서울특별시 강서구 방화동,중상사고,0,1,0,0,차대사람 - 횡단중,신호위반,포장 - 젖음/습기,비,교차로 - 교차로횡단보도내,승용,여,60세,상해없음,보행자,남,45세,중상
16466,2019090400100193,2019년 9월 4일 10시,수요일,서울특별시 서대문구 북가좌동,중상사고,0,1,0,0,차대사람 - 기타,안전운전불이행,포장 - 젖음/습기,흐림,교차로 - 교차로부근,승용,남,42세,상해없음,보행자,여,79세,중상
16467,2019090400100294,2019년 9월 4일 13시,수요일,서울특별시 강북구 수유동,부상신고사고,0,0,0,1,차대사람 - 기타,안전운전불이행,포장 - 젖음/습기,비,단일로 - 기타,화물,남,49세,기타불명,보행자,남,47세,부상신고
16468,2019090400100318,2019년 9월 4일 14시,수요일,서울특별시 성북구 삼선동2가,경상사고,0,0,1,0,차대사람 - 보도통행중,안전운전불이행,포장 - 건조,맑음,단일로 - 기타,승합,남,60세,상해없음,보행자,여,21세,경상
16469,2019090400100323,2019년 9월 4일 14시,수요일,서울특별시 서초구 반포동,경상사고,0,0,1,0,차대사람 - 횡단중,보행자보호의무위반,포장 - 젖음/습기,비,단일로 - 기타,승용,남,48세,상해없음,보행자,여,9세,경상
16470,2019090400100336,2019년 9월 4일 15시,수요일,서울특별시 종로구 내수동,경상사고,0,0,1,0,차대사람 - 보도통행중,보행자보호의무위반,포장 - 건조,흐림,교차로 - 교차로횡단보도내,승용,남,41세,상해없음,보행자,남,59세,경상
16471,2019090400100339,2019년 9월 4일 15시,수요일,서울특별시 서대문구 대현동,중상사고,0,1,0,0,차대사람 - 횡단중,안전운전불이행,포장 - 건조,맑음,기타 - 기타,승합,남,56세,상해없음,보행자,여,24세,중상
16472,2019090400100383,2019년 9월 4일 16시,수요일,서울특별시 강남구 청담동,경상사고,0,0,1,0,차대사람 - 횡단중,중앙선침범,포장 - 건조,흐림,단일로 - 기타,화물,남,64세,상해없음,보행자,여,44세,경상
16473,2019090400100384,2019년 9월 4일 16시,수요일,서울특별시 송파구 가락동,중상사고,0,1,0,0,차대사람 - 기타,안전운전불이행,포장 - 건조,맑음,교차로 - 교차로부근,화물,남,43세,상해없음,보행자,여,72세,중상
16474,2019090400100417,2019년 9월 4일 17시,수요일,서울특별시 중구 남창동,경상사고,0,0,1,0,차대사람 - 기타,안전운전불이행,포장 - 건조,맑음,기타 - 기타,승합,남,51세,기타불명,보행자,여,24세,경상
16475,2019090400100420,2019년 9월 4일 17시,수요일,서울특별시 구로구 구로동,경상사고,0,0,1,0,차대사람 - 보도통행중,기타,포장 - 젖음/습기,흐림,기타 - 기타,기타불명,기타불명,미분류,기타불명,보행자,여,10세,경상
16476,2019090400100461,2019년 9월 4일 18시,수요일,서울특별시 중랑구 망우동,부상신고사고,0,0,0,1,차대사람 - 횡단중,안전운전불이행,포장 - 건조,맑음,교차로 - 교차로안,승용,남,39세,상해없음,보행자,여,72세,부상신고
16477,2019090400100509,2019년 9월 4일 19시,수요일,서울특별시 종로구 당주동,중상사고,0,1,0,0,차대사람 - 차도통행중,보행자보호의무위반,포장 - 젖음/습기,맑음,교차로 - 교차로횡단보도내,승용,여,44세,상해없음,보행자,남,34세,중상
16478,2019090400100514,2019년 9월 4일 19시,수요일,서울특별시 강서구 방화동,경상사고,0,0,1,0,차대사람 - 횡단중,보행자보호의무위반,포장 - 젖음/습기,비,단일로 - 기타,자전거,남,13세,상해없음,보행자,여,61세,경상
16479,2019090400100516,2019년 9월 4일 19시,수요일,서울특별시 노원구 상계동,경상사고,0,0,1,0,차대사람 - 기타,안전운전불이행,포장 - 젖음/습기,비,주차장 - 주차장,승용,여,59세,상해없음,보행자,남,69세,경상
16480,2019090400100567,2019년 9월 4일 20시,수요일,서울특별시 구로구 구로동,경상사고,0,0,1,0,차대사람 - 횡단중,보행자보호의무위반,포장 - 젖음/습기,비,단일로 - 기타,승용,남,73세,상해없음,보행자,여,32세,경상
16481,2019090400100568,2019년 9월 4일 20시,수요일,서울특별시 양천구 신정동,중상사고,0,1,0,0,차대사람 - 기타,보행자보호의무위반,포장 - 젖음/습기,비,교차로 - 교차로횡단보도내,승용,남,59세,상해없음,보행자,여,71세,중상
16482,2019090400100606,2019년 9월 4일 21시,수요일,서울특별시 강북구 미아동,경상사고,0,0,1,0,차대사람 - 기타,기타,포장 - 건조,맑음,단일로 - 기타,승용,남,63세,상해없음,보행자,남,53세,경상
16483,2019090400100609,2019년 9월 4일 21시,수요일,서울특별시 강서구 등촌동,중상사고,0,1,0,0,차대사람 - 보도통행중,안전운전불이행,포장 - 건조,맑음,교차로 - 교차로횡단보도내,승용,남,47세,상해없음,보행자,남,61세,중상
16484,2019090400100611,2019년 9월 4일 21시,수요일,서울특별시 구로구 고척동,경상사고,0,0,1,0,차대사람 - 길가장자리구역통행중,보행자보호의무위반,포장 - 젖음/습기,비,교차로 - 교차로안,승용,남,56세,상해없음,보행자,여,47세,경상
16485,2019090400100639,2019년 9월 4일 22시,수요일,서울특별시 마포구 연남동,경상사고,0,0,1,0,차대사람 - 기타,안전운전불이행,포장 - 젖음/습기,비,기타 - 기타,승용,남,25세,상해없음,보행자,여,25세,경상
16486,2019090400100641,2019년 9월 4일 22시,수요일,서울특별시 성북구 하월곡동,경상사고,0,0,1,0,차대사람 - 횡단중,안전운전불이행,포장 - 젖음/습기,비,단일로 - 기타,이륜,남,29세,상해없음,보행자,여,44세,경상
16487,2019090400100672,2019년 9월 4일 23시,수요일,서울특별시 은평구 대조동,중상사고,0,1,0,0,차대사람 - 기타,안전운전불이행,포장 - 건조,맑음,교차로 - 교차로안,승용,여,31세,상해없음,보행자,남,22세,중상
16488,2019090500100042,2019년 9월 5일 01시,목요일,서울특별시 서초구 서초동,중상사고,0,1,0,0,차대사람 - 횡단중,안전운전불이행,포장 - 건조,흐림,기타 - 기타,승합,남,73세,상해없음,보행자,남,34세,중상
16489,2019090500100043,2019년 9월 5일 01시,목요일,서울특별시 강서구 화곡동,경상사고,0,0,1,0,차대사람 - 횡단중,신호위반,포장 - 건조,맑음,단일로 - 기타,기타불명,기타불명,미분류,기타불명,보행자,남,64세,경상
16490,2019090500100060,2019년 9월 5일 03시,목요일,서울특별시 서대문구 창천동,경상사고,0,0,1,0,차대사람 - 차도통행중,안전운전불이행,포장 - 젖음/습기,비,단일로 - 기타,승용,여,30세,상해없음,보행자,남,19세,경상
16491,2019090500100134,2019년 9월 5일 08시,목요일,서울특별시 서대문구 남가좌동,경상사고,0,0,1,0,차대사람 - 횡단중,보행자보호의무위반,포장 - 젖음/습기,흐림,교차로 - 교차로횡단보도내,승용,여,42세,상해없음,보행자,남,14세,경상
16492,2019090500100137,2019년 9월 5일 08시,목요일,서울특별시 동작구 상도1동,경상사고,0,0,1,0,차대사람 - 횡단중,보행자보호의무위반,포장 - 건조,맑음,단일로 - 기타,승용,남,71세,상해없음,보행자,남,37세,경상
16493,2019090500100142,2019년 9월 5일 08시,목요일,서울특별시 노원구 공릉동,경상사고,0,0,1,0,차대사람 - 차도통행중,안전운전불이행,포장 - 건조,맑음,기타 - 기타,승용,여,37세,상해없음,보행자,여,28세,경상
16494,2019090500100143,2019년 9월 5일 08시,목요일,서울특별시 노원구 월계동,중상사고,0,1,0,0,차대사람 - 보도통행중,기타,포장 - 건조,맑음,기타 - 기타,승용,남,72세,기타불명,보행자,여,57세,중상
16495,2019090500100196,2019년 9월 5일 09시,목요일,서울특별시 동대문구 답십리동,중상사고,0,1,0,0,차대사람 - 횡단중,보행자보호의무위반,포장 - 젖음/습기,비,교차로 - 교차로안,승용,여,35세,상해없음,보행자,여,29세,중상
16496,2019090500100199,2019년 9월 5일 09시,목요일,서울특별시 강서구 방화동,경상사고,0,0,1,0,차대사람 - 횡단중,안전운전불이행,포장 - 건조,맑음,교차로 - 교차로부근,승용,남,50세,기타불명,보행자,여,53세,경상
16497,2019090500100235,2019년 9월 5일 10시,목요일,서울특별시 도봉구 방학동,중상사고,0,1,0,0,차대사람 - 기타,안전운전불이행,포장 - 건조,흐림,단일로 - 기타,화물,남,45세,상해없음,보행자,여,77세,중상
16498,2019090500100259,2019년 9월 5일 11시,목요일,서울특별시 노원구 상계동,중상사고,0,1,0,0,차대사람 - 기타,안전운전불이행,포장 - 건조,맑음,단일로 - 기타,승용,남,33세,상해없음,보행자,여,90세 이상,중상
16499,2019090500100310,2019년 9월 5일 13시,목요일,서울특별시 용산구 후암동,중상사고,0,1,0,0,차대사람 - 횡단중,신호위반,포장 - 젖음/습기,비,교차로 - 교차로횡단보도내,승용,여,20세,상해없음,보행자,남,37세,중상
16500,2019090500100312,2019년 9월 5일 13시,목요일,서울특별시 중랑구 상봉동,경상사고,0,0,1,0,차대사람 - 기타,안전운전불이행,포장 - 젖음/습기,비,단일로 - 기타,기타불명,기타불명,미분류,기타불명,보행자,남,81세,경상
16501,2019090500100313,2019년 9월 5일 13시,목요일,서울특별시 강동구 암사동,경상사고,0,0,1,0,차대사람 - 횡단중,안전운전불이행,포장 - 젖음/습기,비,교차로 - 교차로안,승용,남,48세,상해없음,보행자,남,60세,경상
16502,2019090500100314,2019년 9월 5일 13시,목요일,서울특별시 성북구 종암동,중상사고,0,1,0,0,차대사람 - 기타,기타,포장 - 젖음/습기,흐림,단일로 - 기타,승합,남,58세,상해없음,보행자,여,78세,중상
16503,2019090500100315,2019년 9월 5일 13시,목요일,서울특별시 노원구 상계동,중상사고,0,1,0,0,차대사람 - 기타,보행자보호의무위반,포장 - 젖음/습기,비,교차로 - 교차로횡단보도내,승용,여,46세,상해없음,보행자,여,42세,중상
16504,2019090500100342,2019년 9월 5일 14시,목요일,서울특별시 광진구 자양동,중상사고,0,1,0,0,차대사람 - 기타,안전운전불이행,포장 - 젖음/습기,비,단일로 - 기타,승합,남,42세,상해없음,보행자,여,77세,중상
16505,2019090500100381,2019년 9월 5일 15시,목요일,서울특별시 양천구 신정동,경상사고,0,0,1,0,차대사람 - 횡단중,보행자보호의무위반,포장 - 젖음/습기,비,교차로 - 교차로횡단보도내,승용,남,60세,상해없음,보행자,남,9세,경상
16506,2019090500100427,2019년 9월 5일 16시,목요일,서울특별시 중구 남대문로5가,중상사고,0,1,0,0,차대사람 - 횡단중,안전운전불이행,포장 - 젖음/습기,비,단일로 - 기타,승용,여,60세,상해없음,보행자,여,22세,중상
16507,2019090500100430,2019년 9월 5일 16시,목요일,서울특별시 중랑구 면목동,경상사고,0,0,1,0,차대사람 - 기타,안전운전불이행,포장 - 건조,맑음,단일로 - 기타,승용,남,72세,상해없음,보행자,남,18세,경상
16508,2019090500100432,2019년 9월 5일 16시,목요일,서울특별시 서초구 잠원동,경상사고,0,0,1,0,차대사람 - 기타,안전운전불이행,포장 - 건조,맑음,단일로 - 기타,승용,남,31세,상해없음,보행자,남,75세,경상
16509,2019090500100467,2019년 9월 5일 17시,목요일,서울특별시 종로구 부암동,경상사고,0,0,1,0,차대사람 - 횡단중,신호위반,포장 - 젖음/습기,비,교차로 - 교차로안,승용,여,53세,기타불명,보행자,여,40세,경상
16510,2019090500100565,2019년 9월 5일 19시,목요일,서울특별시 양천구 신정동,부상신고사고,0,0,0,1,차대사람 - 차도통행중,안전운전불이행,포장 - 건조,흐림,단일로 - 기타,승용,여,38세,상해없음,보행자,남,65세,부상신고
16511,2019090500100604,2019년 9월 5일 20시,목요일,서울특별시 동대문구 전농동,중상사고,0,1,0,0,차대사람 - 기타,안전운전불이행,포장 - 건조,맑음,교차로 - 교차로안,이륜,남,18세,상해없음,보행자,여,6세,중상
16512,2019090500100667,2019년 9월 5일 22시,목요일,서울특별시 강서구 화곡동,경상사고,0,0,1,0,차대사람 - 기타,안전운전불이행,포장 - 젖음/습기,흐림,단일로 - 기타,승합,남,53세,상해없음,보행자,남,37세,경상
16513,2019090600100021,2019년 9월 6일 00시,금요일,서울특별시 서대문구 홍제동,중상사고,0,1,0,0,차대사람 - 횡단중,안전운전불이행,포장 - 건조,맑음,교차로 - 교차로부근,승용,남,71세,상해없음,보행자,남,32세,중상