,사고번호,사고일시,요일,시군구,사고내용,사망자수,중상자수,경상자수,부상신고자수,사고유형,법규위반,노면상태,기상상태,도로형태,가해운전자 차종,가해운전자 성별,가해운전자 연령,가해운전자 상해정도,피해운전자 차종,피해운전자 성별,피해운전자 연령,피해운전자 상해정도
16514,2019090600100022,2019년 9월 6일 00시,금요일,서울특별시 마포구 성산동,중상사고,0,1,0,0,차대사람 - 기타,안전운전불이행,포장 - 건조,맑음,단일로 - 기타,기타불명,기타불명,미분류,기타불명,보행자,남,40세,중상
16515,2019090600100046,2019년 9월 6일 02시,금요일,서울특별시 중랑구 상봉동,사망사고,1,0,0,0,차대사람 - 횡단중,과속,포장 - 건조,흐림,교차로 - 교차로횡단보도내,승합,남,44세,상해없음,보행자,남,65세,사망
16516,2019090600100057,2019년 9월 6일 04시,금요일,서울특별시 금천구 독산동,부상신고사고,0,0,0,1,차대사람 - 횡단중,안전운전불이행,포장 - 건조,맑음,교차로 - 교차로횡단보도내,기타불명,기타불명,미분류,기타불명,보행자,남,26세,부상신고
16517,2019090600100062,2019년 9월 6일 05시,금요일,서울특별시 중랑구 면목동,경상사고,0,0,1,0,차대사람 - 차도통행중,안전운전불이행,포장 - 건조,맑음,단일로 - 기타,승용,남,54세,기타불명,보행자,남,34세,경상
16518,2019090600100080,2019년 9월 6일 07시,금요일,서울특별시 금천구 시흥동,중상사고,0,1,0,0,차대사람 - 기타,안전운전불이행,포장 - 건조,맑음,단일로 - 기타,승용,남,52세,상해없음,보행자,남,69세,중상
16519,2019090600100134,2019년 9월 6일 09시,금요일,서울특별시 강남구 개포동,경상사고,0,0,1,0,차대사람 - 횡단중,안전운전불이행,포장 - 건조,맑음,단일로 - 기타,승용,남,29세,상해없음,보행자,남,39세,경상
16520,2019090600100223,2019년 9월 6일 12시,금요일,서울특별시 용산구 용산동2가,경상사고,0,0,1,0,차대사람 - 길가장자리구역통행중,안전운전불이행,포장 - 건조,맑음,교차로 - 교차로부근,승용,남,71세,상해없음,보행자,여,71세,경상
16521,2019090600100227,2019년 9월 6일 12시,금요일,서울특별시 동작구 노량진동,경상사고,0,0,1,0,차대사람 - 횡단중,보행자보호의무위반,포장 - 건조,맑음,교차로 - 교차로횡단보도내,화물,남,39세,상해없음,보행자,남,19세,경상
16522,2019090600100232,2019년 9월 6일 12시,금요일,서울특별시 강서구 방화동,중상사고,0,1,0,0,차대사람 - 횡단중,안전운전불이행,포장 - 건조,맑음,단일로 - 기타,이륜,남,40세,중상,보행자,여,70세,상해없음
16523,2019090600100289,2019년 9월 6일 14시,금요일,서울특별시 강동구 암사동,경상사고,0,0,1,0,차대사람 - 기타,안전운전불이행,포장 - 건조,흐림,단일로 - 기타,승용,남,61세,상해없음,보행자,남,8세,경상
16524,2019090600100324,2019년 9월 6일 15시,금요일,서울특별시 성북구 정릉동,경상사고,0,0,1,0,차대사람 - 횡단중,안전운전불이행,포장 - 건조,맑음,단일로 - 기타,승합,남,49세,상해없음,보행자,남,60세,경상
16525,2019090600100325,2019년 9월 6일 15시,금요일,서울특별시 강북구 미아동,경상사고,0,0,1,0,차대사람 - 기타,기타,포장 - 건조,흐림,단일로 - 기타,승용,남,68세,상해없음,보행자,남,9세,경상
16526,2019090600100328,2019년 9월 6일 15시,금요일,서울특별시 송파구 장지동,경상사고,0,0,1,0,차대사람 - 횡단중,신호위반,포장 - 건조,맑음,교차로 - 교차로횡단보도내,승용,여,64세,상해없음,보행자,남,8세,경상
16527,2019090600100329,2019년 9월 6일 15시,금요일,서울특별시 구로구 오류동,경상사고,0,0,1,0,차대사람 - 기타,안전운전불이행,포장 - 건조,맑음,단일로 - 기타,승용,남,68세,상해없음,보행자,남,10세,경상
16528,2019090600100367,2019년 9월 6일 16시,금요일,서울특별시 성북구 안암동1가,경상사고,0,0,1,0,차대사람 - 횡단중,보행자보호의무위반,포장 - 건조,맑음,교차로 - 교차로횡단보도내,이륜,남,18세,상해없음,보행자,남,16세,경상
16529,2019090600100369,2019년 9월 6일 16시,금요일,서울특별시 영등포구 영등포동3가,경상사고,0,0,3,0,차대사람 - 기타,안전운전불이행,포장 - 건조,맑음,단일로 - 기타,승용,남,57세,상해없음,보행자,남,47세,경상
16530,2019090600100370,2019년 9월 6일 16시,금요일,서울특별시 동작구 상도동,중상사고,0,1,0,0,차대사람 - 차도통행중,안전운전불이행,포장 - 건조,맑음,단일로 - 기타,승용,남,66세,상해없음,보행자,여,25세,중상
16531,2019090600100371,2019년 9월 6일 16시,금요일,서울특별시 관악구 봉천동,중상사고,0,1,0,0,차대사람 - 기타,안전운전불이행,포장 - 건조,맑음,단일로 - 기타,이륜,남,58세,상해없음,보행자,여,51세,중상
16532,2019090600100374,2019년 9월 6일 16시,금요일,서울특별시 양천구 목동,경상사고,0,0,1,0,차대사람 - 횡단중,안전운전불이행,포장 - 건조,맑음,단일로 - 기타,승용,여,53세,상해없음,보행자,남,7세,경상
16533,2019090600100421,2019년 9월 6일 17시,금요일,서울특별시 강서구 마곡동,경상사고,0,0,1,0,차대사람 - 보도통행중,안전운전불이행,포장 - 젖음/습기,비,교차로 - 교차로부근,승용,남,39세,상해없음,보행자,여,26세,경상
16534,2019090600100425,2019년 9월 6일 17시,금요일,서울특별시 서초구 우면동,중상사고,0,1,0,0,차대사람 - 횡단중,안전운전불이행,포장 - 건조,맑음,단일로 - 기타,승용,남,32세,상해없음,보행자,남,14세,중상
16535,2019090600100426,2019년 9월 6일 17시,금요일,서울특별시 양천구 목동,경상사고,0,0,1,0,차대사람 - 기타,안전운전불이행,포장 - 건조,맑음,단일로 - 기타,승용,남,58세,상해없음,보행자,여,51세,경상
16536,2019090600100427,2019년 9월 6일 17시,금요일,서울특별시 노원구 상계동,경상사고,0,0,1,0,차대사람 - 횡단중,보행자보호의무위반,포장 - 건조,맑음,교차로 - 교차로횡단보도내,승용,여,50세,상해없음,보행자,남,46세,경상
16537,2019090600100475,2019년 9월 6일 18시,금요일,서울특별시 강서구 마곡동,경상사고,0,0,1,0,차대사람 - 횡단중,보행자보호의무위반,포장 - 젖음/습기,비,교차로 - 교차로횡단보도내,승용,남,46세,상해없음,보행자,남,6세,경상
16538,2019090600100517,2019년 9월 6일 19시,금요일,서울특별시 동대문구 제기동,중상사고,0,1,0,0,차대사람 - 기타,안전운전불이행,포장 - 건조,맑음,단일로 - 기타,승용,남,59세,상해없음,보행자,남,76세,중상
16539,2019090600100582,2019년 9월 6일 20시,금요일,서울특별시 중랑구 망우동,중상사고,0,1,0,0,차대사람 - 횡단중,안전운전불이행,포장 - 젖음/습기,비,단일로 - 기타,승용,남,23세,상해없음,보행자,남,61세,중상
16540,2019090600100583,2019년 9월 6일 20시,금요일,서울특별시 중랑구 면목동,중상사고,0,1,0,0,차대사람 - 횡단중,신호위반,포장 - 젖음/습기,비,교차로 - 교차로부근,이륜,남,54세,상해없음,보행자,여,57세,중상
16541,2019090600100586,2019년 9월 6일 20시,금요일,서울특별시 강동구 천호동,경상사고,0,0,1,0,차대사람 - 길가장자리구역통행중,안전운전불이행,포장 - 건조,맑음,단일로 - 기타,승용,남,46세,상해없음,보행자,남,27세,경상
16542,2019090600100590,2019년 9월 6일 20시,금요일,서울특별시 은평구 갈현동,경상사고,0,0,1,0,차대사람 - 기타,안전운전불이행,포장 - 젖음/습기,비,교차로 - 교차로부근,승용,남,47세,상해없음,보행자,여,41세,경상
16543,2019090600100623,2019년 9월 6일 21시,금요일,서울특별시 동대문구 용두동,경상사고,0,0,1,0,차대사람 - 기타,안전운전불이행,포장 - 젖음/습기,흐림,단일로 - 기타,승용,남,19세,상해없음,보행자,여,40세,경상
16544,2019090600100624,2019년 9월 6일 21시,금요일,서울특별시 마포구 상암동,중상사고,0,1,0,0,차대사람 - 기타,보행자보호의무위반,포장 - 젖음/습기,비,교차로 - 교차로부근,승용,남,67세,상해없음,보행자,여,37세,중상
16545,2019090600100661,2019년 9월 6일 22시,금요일,서울특별시 성북구 돈암동,경상사고,0,0,1,0,차대사람 - 기타,안전운전불이행,포장 - 젖음/습기,비,단일로 - 기타,승용,남,61세,상해없음,보행자,남,38세,경상
16546,2019090600100663,2019년 9월 6일 22시,금요일,서울특별시 중랑구 중화동,중상사고,0,1,0,0,차대사람 - 기타,안전운전불이행,포장 - 건조,맑음,교차로 - 교차로안,승합,남,51세,상해없음,보행자,여,55세,중상
16547,2019090600100700,2019년 9월 6일 23시,금요일,서울특별시 중구 장충동2가,중상사고,0,1,0,0,차대사람 - 횡단중,신호위반,포장 - 젖음/습기,비,교차로 - 교차로횡단보도내,승용,남,33세,상해없음,보행자,여,55세,중상
16548,2019090700100022,2019년 9월 7일 00시,토요일,서울특별시 용산구 동빙고동,경상사고,0,0,1,0,차대사람 - 횡단중,안전운전불이행,포장 - 젖음/습기,비,단일로 - 기타,승용,남,61세,상해없음,보행자,남,26세,경상
16549,2019090700100024,2019년 9월 7일 00시,토요일,서울특별시 서초구 서초동,경상사고,0,0,1,0,차대사람 - 기타,안전운전불이행,포장 - 건조,기타,단일로 - 기타,기타불명,기타불명,미분류,기타불명,보행자,남,23세,경상
16550,2019090700100055,2019년 9월 7일 01시,토요일,서울특별시 강남구 삼성동,중상사고,0,1,0,0,차대사람 - 횡단중,신호위반,포장 - 젖음/습기,비,교차로 - 교차로안,승용,남,76세,상해없음,보행자,남,58세,중상
16551,2019090700100113,2019년 9월 7일 05시,토요일,서울특별시 강동구 천호동,부상신고사고,0,0,0,1,차대사람 - 보도통행중,기타,포장 - 건조,맑음,기타 - 기타,자전거,남,33세,상해없음,보행자,남,66세,부상신고
16552,2019090700100185,2019년 9월 7일 10시,토요일,서울특별시 동대문구 이문동,경상사고,0,0,2,0,차대사람 - 기타,기타,포장 - 건조,맑음,교차로 - 교차로부근,자전거,남,82세,경상,보행자,여,77세,경상
16553,2019090700100186,2019년 9월 7일 10시,토요일,서울특별시 강남구 논현동,경상사고,0,0,1,0,차대사람 - 기타,기타,포장 - 건조,맑음,단일로 - 기타,승용,남,69세,상해없음,보행자,여,67세,경상
16554,2019090700100247,2019년 9월 7일 12시,토요일,서울특별시 동대문구 청량리동,중상사고,0,1,0,0,차대사람 - 횡단중,신호위반,포장 - 젖음/습기,비,교차로 - 교차로횡단보도내,이륜,남,32세,상해없음,보행자,여,77세,중상
16555,2019090700100277,2019년 9월 7일 13시,토요일,서울특별시 중구 신당동,중상사고,0,1,0,0,차대사람 - 횡단중,안전운전불이행,포장 - 젖음/습기,비,교차로 - 교차로안,승용,남,45세,상해없음,보행자,여,73세,중상
16556,2019090700100329,2019년 9월 7일 16시,토요일,서울특별시 은평구 갈현동,부상신고사고,0,0,0,1,차대사람 - 차도통행중,안전운전불이행,포장 - 젖음/습기,비,교차로 - 교차로안,승용,남,70세,상해없음,보행자,여,80세,부상신고
16557,2019090700100386,2019년 9월 7일 18시,토요일,서울특별시 동작구 사당동,경상사고,0,0,1,0,차대사람 - 길가장자리구역통행중,안전운전불이행,포장 - 젖음/습기,비,단일로 - 기타,승용,여,38세,상해없음,보행자,남,62세,경상
16558,2019090700100404,2019년 9월 7일 19시,토요일,서울특별시 서대문구 연희동,중상사고,0,1,0,0,차대사람 - 횡단중,안전운전불이행,포장 - 건조,기타,단일로 - 기타,승용,남,62세,상해없음,보행자,여,65세,중상
16559,2019090700100405,2019년 9월 7일 19시,토요일,서울특별시 서대문구 충정로3가,중상사고,0,1,0,1,차대사람 - 기타,신호위반,포장 - 건조,맑음,단일로 - 기타,원동기,남,33세,부상신고,보행자,남,37세,중상
16560,2019090700100407,2019년 9월 7일 19시,토요일,서울특별시 강서구 공항동,사망사고,1,0,0,0,차대사람 - 횡단중,안전운전불이행,포장 - 젖음/습기,기타,교차로 - 교차로안,화물,남,58세,상해없음,보행자,남,52세,사망
16561,2019090700100437,2019년 9월 7일 20시,토요일,서울특별시 중랑구 면목동,중상사고,0,1,0,0,차대사람 - 횡단중,보행자보호의무위반,포장 - 젖음/습기,비,교차로 - 교차로횡단보도내,승용,남,33세,상해없음,보행자,여,66세,중상
16562,2019090700100442,2019년 9월 7일 20시,토요일,서울특별시 강서구 화곡동,경상사고,0,0,1,0,차대사람 - 기타,안전운전불이행,포장 - 건조,맑음,단일로 - 기타,승용,여,54세,상해없음,보행자,남,20세,경상
16563,2019090700100482,2019년 9월 7일 22시,토요일,서울특별시 은평구 갈현동,중상사고,0,1,0,0,차대사람 - 기타,안전운전불이행,포장 - 젖음/습기,흐림,교차로 - 교차로안,승용,남,26세,상해없음,보행자,남,56세,중상
16564,2019090800100019,2019년 9월 8일 00시,일요일,서울특별시 광진구 화양동,중상사고,0,1,0,0,차대사람 - 기타,교차로운행방법위반,포장 - 건조,맑음,교차로 - 교차로안,승용,남,48세,상해없음,보행자,남,17세,중상
16565,2019090800100057,2019년 9월 8일 04시,일요일,서울특별시 서대문구 창천동,중상사고,0,1,1,0,차대사람 - 기타,안전운전불이행,포장 - 건조,흐림,단일로 - 기타,이륜,남,19세,상해없음,보행자,남,33세,중상
16566,2019090800100085,2019년 9월 8일 07시,일요일,서울특별시 성북구 길음동,중상사고,0,1,0,0,차대사람 - 횡단중,신호위반,포장 - 건조,맑음,교차로 - 교차로횡단보도내,승용,남,36세,상해없음,보행자,남,34세,중상
16567,2019090800100147,2019년 9월 8일 11시,일요일,서울특별시 종로구 동숭동,경상사고,0,0,1,0,차대사람 - 기타,신호위반,포장 - 건조,맑음,기타 - 기타,승용,남,37세,기타불명,보행자,여,23세,경상
16568,2019090800100151,2019년 9월 8일 11시,일요일,서울특별시 은평구 갈현동,경상사고,0,0,1,0,차대사람 - 길가장자리구역통행중,안전운전불이행,포장 - 건조,맑음,교차로 - 교차로안,화물,남,71세,상해없음,보행자,남,88세,경상
16569,2019090800100169,2019년 9월 8일 12시,일요일,서울특별시 동대문구 신설동,경상사고,0,0,1,0,차대사람 - 기타,안전운전불이행,포장 - 건조,맑음,교차로 - 교차로안,승용,남,70세,상해없음,보행자,남,66세,경상
16570,2019090800100170,2019년 9월 8일 12시,일요일,서울특별시 중랑구 중화동,경상사고,0,0,1,0,차대사람 - 기타,안전운전불이행,포장 - 건조,맑음,기타 - 기타,자전거,남,26세,상해없음,보행자,여,27세,경상
16571,2019090800100174,2019년 9월 8일 12시,일요일,서울특별시 도봉구 창동,중상사고,0,1,0,0,차대사람 - 기타,안전운전불이행,포장 - 건조,맑음,교차로 - 교차로안,화물,남,57세,상해없음,보행자,여,90세 이상,중상
16572,2019090800100201,2019년 9월 8일 13시,일요일,서울특별시 성북구 보문동2가,경상사고,0,0,1,0,차대사람 - 기타,안전운전불이행,포장 - 건조,맑음,단일로 - 기타,원동기,남,18세,상해없음,보행자,여,27세,경상
16573,2019090800100235,2019년 9월 8일 14시,일요일,서울특별시 강서구 공항동,중상사고,0,1,0,0,차대사람 - 기타,안전운전불이행,포장 - 건조,맑음,교차로 - 교차로부근,승합,남,52세,상해없음,보행자,여,60세,중상
16574,2019090800100269,2019년 9월 8일 15시,일요일,서울특별시 동작구 신대방동,경상사고,0,0,1,0,차대사람 - 기타,기타,포장 - 건조,맑음,기타 - 기타,기타불명,기타불명,미분류,기타불명,보행자,여,22세,경상
16575,2019090800100271,2019년 9월 8일 15시,일요일,서울특별시 양천구 신정동,부상신고사고,0,0,0,1,차대사람 - 기타,안전운전불이행,포장 - 건조,맑음,단일로 - 기타,승용,여,38세,상해없음,보행자,남,70세,부상신고
16576,2019090800100376,2019년 9월 8일 18시,일요일,서울특별시 구로구 구로동,중상사고,0,1,0,0,차대사람 - 기타,안전운전불이행,포장 - 건조,맑음,교차로 - 교차로부근,승용,남,78세,상해없음,보행자,남,63세,중상
16577,2019090800100379,2019년 9월 8일 18시,일요일,서울특별시 서초구 서초동,부상신고사고,0,0,0,1,차대사람 - 기타,안전운전불이행,포장 - 건조,맑음,단일로 - 기타,승용,남,31세,기타불명,보행자,여,20세,부상신고
16578,2019090800100381,2019년 9월 8일 18시,일요일,서울특별시 은평구 불광동,중상사고,0,1,0,0,차대사람 - 기타,안전운전불이행,포장 - 건조,맑음,단일로 - 기타,승용,남,26세,상해없음,보행자,남,71세,중상
16579,2019090800100403,2019년 9월 8일 19시,일요일,서울특별시 동작구 흑석동,경상사고,0,0,1,0,차대사람 - 보도통행중,기타,포장 - 건조,맑음,기타 - 기타,승용,남,37세,상해없음,보행자,남,38세,경상
16580,2019090800100404,2019년 9월 8일 19시,일요일,서울특별시 은평구 갈현동,경상사고,0,0,1,0,차대사람 - 차도통행중,안전운전불이행,포장 - 건조,맑음,단일로 - 기타,자전거,남,74세,상해없음,보행자,남,59세,경상
16581,2019090800100436,2019년 9월 8일 20시,일요일,서울특별시 마포구 연남동,중상사고,0,1,1,0,차대사람 - 횡단중,안전운전불이행,포장 - 건조,맑음,단일로 - 기타,이륜,남,16세,경상,보행자,여,69세,중상
16582,2019090800100438,2019년 9월 8일 20시,일요일,서울특별시 성동구 마장동,경상사고,0,0,1,0,차대사람 - 횡단중,보행자보호의무위반,포장 - 건조,맑음,교차로 - 교차로횡단보도내,승합,남,45세,상해없음,보행자,남,60세,경상
16583,2019090800100439,2019년 9월 8일 20시,일요일,서울특별시 강남구 논현동,경상사고,0,0,1,0,차대사람 - 기타,안전거리미확보,포장 - 건조,흐림,기타 - 기타,승용,남,29세,상해없음,보행자,여,28세,경상
16584,2019090800100440,2019년 9월 8일 20시,일요일,서울특별시 강서구 화곡동,중상사고,0,1,0,0,차대사람 - 기타,안전운전불이행,포장 - 건조,맑음,교차로 - 교차로안,승용,남,64세,상해없음,보행자,여,70세,중상
16585,2019090800100441,2019년 9월 8일 20시,일요일,서울특별시 노원구 하계동,경상사고,0,0,2,0,차대사람 - 차도통행중,안전운전불이행,포장 - 건조,맑음,교차로 - 교차로부근,승합,남,57세,상해없음,보행자,여,33세,경상
16586,2019090800100476,2019년 9월 8일 21시,일요일,서울특별시 서초구 반포동,중상사고,0,1,0,0,차대사람 - 보도통행중,기타,포장 - 건조,맑음,기타 - 기타,승용,남,60세,상해없음,보행자,여,24세,중상
16587,2019090800100501,2019년 9월 8일 22시,일요일,서울특별시 은평구 구산동,부상신고사고,0,0,0,1,차대사람 - 길가장자리구역통행중,안전운전불이행,포장 - 건조,맑음,단일로 - 기타,기타불명,기타불명,미분류,기타불명,보행자,남,47세,부상신고
16588,2019090800100515,2019년 9월 8일 23시,일요일,서울특별시 마포구 아현동,중상사고,0,1,0,0,차대사람 - 기타,기타,포장 - 건조,맑음,단일로 - 기타,승합,남,51세,상해없음,보행자,여,27세,중상
16589,2019090900100052,2019년 9월 9일 04시,월요일,서울특별시 서대문구 연희동,경상사고,0,0,1,0,차대사람 - 기타,안전운전불이행,포장 - 건조,맑음,단일로 - 기타,승용,남,59세,상해없음,보행자,남,60세,경상
16590,2019090900100059,2019년 9월 9일 05시,월요일,서울특별시 서대문구 영천동,중상사고,0,1,0,0,차대사람 - 횡단중,안전운전불이행,포장 - 건조,맑음,단일로 - 기타,승용,남,64세,상해없음,보행자,여,79세,중상
16591,2019090900100097,2019년 9월 9일 07시,월요일,서울특별시 강동구 명일동,중상사고,0,1,0,0,차대사람 - 보도통행중,보행자보호의무위반,포장 - 건조,맑음,교차로 - 교차로안,승용,남,83세,상해없음,보행자,여,65세,중상
16592,2019090900100120,2019년 9월 9일 08시,월요일,서울특별시 광진구 능동,중상사고,0,1,0,0,차대사람 - 횡단중,안전운전불이행,포장 - 건조,맑음,교차로 - 교차로부근,승용,남,49세,상해없음,보행자,여,35세,중상
16593,2019090900100170,2019년 9월 9일 09시,월요일,서울특별시 서대문구 홍제동,경상사고,0,0,1,0,차대사람 - 기타,신호위반,포장 - 건조,흐림,교차로 - 교차로부근,화물,남,48세,상해없음,보행자,남,64세,경상
16594,2019090900100171,2019년 9월 9일 09시,월요일,서울특별시 성동구 성수동2가,중상사고,0,1,1,0,차대사람 - 기타,안전운전불이행,포장 - 건조,맑음,단일로 - 기타,화물,남,39세,상해없음,보행자,남,25세,중상
16595,2019090900100178,2019년 9월 9일 09시,월요일,서울특별시 은평구 불광동,경상사고,0,0,1,0,차대사람 - 기타,안전운전불이행,포장 - 건조,맑음,단일로 - 기타,승용,남,41세,기타불명,보행자,여,39세,경상
16596,2019090900100179,2019년 9월 9일 09시,월요일,서울특별시 강남구 역삼동,경상사고,0,0,1,0,차대사람 - 보도통행중,기타,포장 - 건조,맑음,기타 - 기타,개인형이동수단(PM),남,26세,상해없음,보행자,여,36세,경상
16597,2019090900100213,2019년 9월 9일 10시,월요일,서울특별시 강남구 삼성동,경상사고,0,0,1,0,차대사람 - 기타,안전운전불이행,포장 - 건조,맑음,교차로 - 교차로안,화물,남,53세,상해없음,보행자,남,33세,경상
16598,2019090900100251,2019년 9월 9일 11시,월요일,서울특별시 성북구 돈암동,중상사고,0,1,0,0,차대사람 - 횡단중,신호위반,포장 - 건조,맑음,교차로 - 교차로횡단보도내,승용,여,39세,상해없음,보행자,남,13세,중상
16599,2019090900100252,2019년 9월 9일 11시,월요일,서울특별시 금천구 독산동,경상사고,0,0,1,0,차대사람 - 기타,안전운전불이행,포장 - 건조,흐림,단일로 - 기타,기타불명,기타불명,미분류,기타불명,보행자,남,80세,경상
16600,2019090900100253,2019년 9월 9일 11시,월요일,서울특별시 동작구 노량진동,부상신고사고,0,0,0,1,차대사람 - 보도통행중,기타,포장 - 건조,맑음,기타 - 기타,자전거,남,77세,상해없음,보행자,여,33세,부상신고
16601,2019090900100254,2019년 9월 9일 11시,월요일,서울특별시 동작구 사당동,경상사고,0,0,1,0,차대사람 - 기타,안전운전불이행,포장 - 건조,흐림,교차로 - 교차로부근,승용,여,63세,상해없음,보행자,여,43세,경상
16602,2019090900100305,2019년 9월 9일 12시,월요일,서울특별시 동대문구 장안동,중상사고,0,1,0,0,차대사람 - 기타,안전운전불이행,포장 - 건조,맑음,교차로 - 교차로안,자전거,남,90세 이상,상해없음,보행자,여,67세,중상
16603,2019090900100311,2019년 9월 9일 12시,월요일,서울특별시 양천구 신월동,경상사고,0,0,1,0,차대사람 - 기타,안전운전불이행,포장 - 건조,맑음,단일로 - 기타,승용,남,62세,상해없음,보행자,여,31세,경상
16604,2019090900100352,2019년 9월 9일 13시,월요일,서울특별시 광진구 중곡동,중상사고,0,1,0,0,차대사람 - 횡단중,안전운전불이행,포장 - 건조,맑음,단일로 - 기타,승용,남,76세,상해없음,보행자,여,58세,중상
16605,2019090900100354,2019년 9월 9일 13시,월요일,서울특별시 동작구 상도동,중상사고,0,1,0,0,차대사람 - 차도통행중,안전운전불이행,포장 - 건조,맑음,교차로 - 교차로부근,승용,남,65세,상해없음,보행자,남,71세,중상
16606,2019090900100384,2019년 9월 9일 14시,월요일,서울특별시 종로구 낙원동,경상사고,0,0,1,0,차대사람 - 기타,안전운전불이행,포장 - 건조,흐림,교차로 - 교차로안,승용,남,54세,상해없음,보행자,남,49세,경상
16607,2019090900100385,2019년 9월 9일 14시,월요일,서울특별시 영등포구 영등포동6가,경상사고,0,0,1,0,차대사람 - 기타,보행자보호의무위반,포장 - 건조,맑음,단일로 - 기타,자전거,남,59세,상해없음,보행자,남,74세,경상
16608,2019090900100414,2019년 9월 9일 15시,월요일,서울특별시 영등포구 영등포동4가,중상사고,0,1,0,0,차대사람 - 기타,안전운전불이행,포장 - 건조,맑음,단일로 - 기타,화물,남,49세,상해없음,보행자,남,42세,중상
16609,2019090900100417,2019년 9월 9일 15시,월요일,서울특별시 중랑구 망우동,경상사고,0,0,1,0,차대사람 - 기타,안전운전불이행,포장 - 건조,맑음,교차로 - 교차로안,승합,남,65세,상해없음,보행자,여,43세,경상
16610,2019090900100463,2019년 9월 9일 16시,월요일,서울특별시 용산구 청파동3가,경상사고,0,0,1,0,차대사람 - 길가장자리구역통행중,안전운전불이행,포장 - 건조,맑음,단일로 - 기타,승용,여,57세,기타불명,보행자,남,17세,경상
16611,2019090900100467,2019년 9월 9일 16시,월요일,서울특별시 관악구 봉천동,경상사고,0,0,1,0,차대사람 - 기타,안전운전불이행,포장 - 건조,맑음,교차로 - 교차로안,승용,남,56세,상해없음,보행자,남,35세,경상
16612,2019090900100469,2019년 9월 9일 16시,월요일,서울특별시 강동구 성내동,경상사고,0,0,1,0,차대사람 - 길가장자리구역통행중,안전운전불이행,포장 - 건조,맑음,단일로 - 기타,승용,여,57세,상해없음,보행자,남,50세,경상
16613,2019090900100470,2019년 9월 9일 16시,월요일,서울특별시 은평구 진관동,경상사고,0,0,1,0,차대사람 - 횡단중,보행자보호의무위반,포장 - 건조,맑음,단일로 - 기타,승용,남,55세,상해없음,보행자,남,5세,경상
16614,2019090900100548,2019년 9월 9일 18시,월요일,서울특별시 중구 충무로2가,중상사고,0,1,0,0,차대사람 - 기타,안전운전불이행,포장 - 건조,맑음,단일로 - 기타,승용,여,26세,상해없음,보행자,여,49세,중상
16615,2019090900100549,2019년 9월 9일 18시,월요일,서울특별시 영등포구 여의도동,중상사고,0,1,0,0,차대사람 - 기타,안전운전불이행,포장 - 건조,맑음,단일로 - 기타,이륜,남,64세,상해없음,보행자,여,24세,중상
16616,2019090900100551,2019년 9월 9일 18시,월요일,서울특별시 강동구 성내동,중상사고,0,1,0,0,차대사람 - 횡단중,보행자보호의무위반,포장 - 건조,맑음,교차로 - 교차로횡단보도내,자전거,남,15세,상해없음,보행자,여,33세,중상
16617,2019090900100552,2019년 9월 9일 18시,월요일,서울특별시 송파구 삼전동,경상사고,0,0,1,0,차대사람 - 기타,기타,포장 - 건조,맑음,기타 - 기타,이륜,남,49세,상해없음,보행자,남,5세,경상
16618,2019090900100554,2019년 9월 9일 18시,월요일,서울특별시 성북구 장위동,경상사고,0,0,1,0,차대사람 - 기타,안전운전불이행,포장 - 건조,맑음,단일로 - 기타,승용,남,47세,상해없음,보행자,남,62세,경상
16619,2019090900100555,2019년 9월 9일 18시,월요일,서울특별시 서초구 서초동,부상신고사고,0,0,0,1,차대사람 - 기타,안전운전불이행,포장 - 건조,맑음,교차로 - 교차로안,승용,여,33세,상해없음,보행자,여,22세,부상신고
16620,2019090900100556,2019년 9월 9일 18시,월요일,서울특별시 양천구 신월동,중상사고,0,1,0,0,차대사람 - 기타,안전운전불이행,포장 - 건조,맑음,단일로 - 기타,승용,남,50세,상해없음,보행자,남,66세,중상
16621,2019090900100605,2019년 9월 9일 19시,월요일,서울특별시 동작구 본동,중상사고,0,1,0,0,차대사람 - 횡단중,안전운전불이행,포장 - 건조,맑음,기타 - 기타,승용,남,62세,상해없음,보행자,여,80세,중상
16622,2019090900100610,2019년 9월 9일 19시,월요일,서울특별시 송파구 가락동,중상사고,0,1,0,0,차대사람 - 길가장자리구역통행중,안전운전불이행,포장 - 건조,맑음,교차로 - 교차로안,승용,남,35세,상해없음,보행자,남,86세,중상
16623,2019090900100613,2019년 9월 9일 19시,월요일,서울특별시 노원구 공릉동,경상사고,0,0,1,0,차대사람 - 기타,기타,포장 - 건조,맑음,주차장 - 주차장,승용,남,65세,상해없음,보행자,남,33세,경상
16624,2019090900100665,2019년 9월 9일 20시,월요일,서울특별시 강동구 길동,중상사고,0,1,0,0,차대사람 - 횡단중,안전운전불이행,포장 - 젖음/습기,흐림,교차로 - 교차로안,화물,남,57세,상해없음,보행자,여,51세,중상
16625,2019090900100685,2019년 9월 9일 20시,월요일,서울특별시 송파구 장지동,경상사고,0,0,1,0,차대사람 - 기타,안전운전불이행,포장 - 건조,맑음,단일로 - 기타,승용,여,38세,상해없음,보행자,남,72세,경상
16626,2019090900100764,2019년 9월 9일 23시,월요일,서울특별시 금천구 시흥동,경상사고,0,0,1,0,차대사람 - 기타,안전운전불이행,포장 - 건조,흐림,단일로 - 기타,승용,남,67세,상해없음,보행자,여,31세,경상
16627,2019090900100765,2019년 9월 9일 23시,월요일,서울특별시 성동구 행당동,중상사고,0,1,1,0,차대사람 - 차도통행중,안전운전불이행,포장 - 젖음/습기,맑음,교차로 - 교차로부근,이륜,남,24세,경상,보행자,남,51세,중상