,사고번호,사고일시,요일,시군구,사고내용,사망자수,중상자수,경상자수,부상신고자수,사고유형,법규위반,노면상태,기상상태,도로형태,가해운전자 차종,가해운전자 성별,가해운전자 연령,가해운전자 상해정도,피해운전자 차종,피해운전자 성별,피해운전자 연령,피해운전자 상해정도
17189,2019100100100246,2019년 10월 1일 11시,화요일,서울특별시 송파구 가락동,경상사고,0,0,1,0,차대사람 - 기타,안전운전불이행,포장 - 건조,맑음,단일로 - 기타,승용,여,51세,상해없음,보행자,남,67세,경상
17190,2019100100100298,2019년 10월 1일 13시,화요일,서울특별시 영등포구 영등포동7가,경상사고,0,0,1,0,차대사람 - 기타,보행자보호의무위반,포장 - 건조,맑음,교차로 - 교차로횡단보도내,화물,남,26세,상해없음,보행자,여,71세,경상
17191,2019100100100340,2019년 10월 1일 14시,화요일,서울특별시 동작구 본동,중상사고,0,1,0,0,차대사람 - 횡단중,안전운전불이행,포장 - 건조,맑음,단일로 - 기타,승용,남,28세,상해없음,보행자,여,73세,중상
17192,2019100100100342,2019년 10월 1일 14시,화요일,서울특별시 중랑구 면목동,경상사고,0,0,1,0,차대사람 - 보도통행중,안전운전불이행,포장 - 건조,맑음,단일로 - 기타,승용,여,69세,상해없음,보행자,여,45세,경상
17193,2019100100100344,2019년 10월 1일 14시,화요일,서울특별시 은평구 역촌동,중상사고,0,1,0,0,차대사람 - 보도통행중,보행자보호의무위반,포장 - 건조,맑음,교차로 - 교차로횡단보도내,화물,남,37세,상해없음,보행자,여,81세,중상
17194,2019100100100367,2019년 10월 1일 15시,화요일,서울특별시 중구 서소문동,중상사고,0,1,0,0,차대사람 - 차도통행중,안전운전불이행,포장 - 건조,맑음,단일로 - 기타,승용,남,72세,상해없음,보행자,여,60세,중상
17195,2019100100100373,2019년 10월 1일 15시,화요일,서울특별시 은평구 불광동,중상사고,0,1,0,0,차대사람 - 기타,안전운전불이행,포장 - 건조,맑음,교차로 - 교차로부근,화물,남,61세,상해없음,보행자,여,71세,중상
17196,2019100100100411,2019년 10월 1일 16시,화요일,서울특별시 강서구 마곡동,경상사고,0,0,1,0,차대사람 - 횡단중,보행자보호의무위반,포장 - 건조,맑음,단일로 - 기타,승용,여,41세,상해없음,보행자,여,7세,경상
17197,2019100100100437,2019년 10월 1일 17시,화요일,서울특별시 성북구 안암동5가,경상사고,0,0,1,0,차대사람 - 기타,기타,포장 - 건조,맑음,단일로 - 기타,승합,남,70세,상해없음,보행자,여,67세,경상
17198,2019100100100439,2019년 10월 1일 17시,화요일,서울특별시 동작구 상도동,경상사고,0,0,1,0,차대사람 - 기타,안전운전불이행,포장 - 건조,맑음,단일로 - 기타,승용,남,28세,상해없음,보행자,남,66세,경상
17199,2019100100100441,2019년 10월 1일 17시,화요일,서울특별시 강동구 암사동,경상사고,0,0,1,0,차대사람 - 기타,안전운전불이행,포장 - 건조,맑음,단일로 - 기타,승합,남,59세,상해없음,보행자,여,59세,경상
17200,2019100100100494,2019년 10월 1일 18시,화요일,서울특별시 동작구 상도동,경상사고,0,0,1,0,차대사람 - 기타,안전운전불이행,포장 - 건조,맑음,단일로 - 기타,승합,남,73세,상해없음,보행자,여,8세,경상
17201,2019100100100559,2019년 10월 1일 19시,화요일,서울특별시 서대문구 연희동,중상사고,0,1,0,0,차대사람 - 기타,안전운전불이행,포장 - 건조,맑음,교차로 - 교차로안,화물,남,46세,상해없음,보행자,남,32세,중상
17202,2019100100100564,2019년 10월 1일 19시,화요일,서울특별시 구로구 신도림동,경상사고,0,0,1,0,차대사람 - 횡단중,보행자보호의무위반,포장 - 젖음/습기,비,교차로 - 교차로부근,승용,남,59세,상해없음,보행자,남,23세,경상
17203,2019100100100613,2019년 10월 1일 20시,화요일,서울특별시 동대문구 전농동,경상사고,0,0,1,0,차대사람 - 기타,안전운전불이행,포장 - 건조,맑음,단일로 - 기타,기타불명,기타불명,미분류,기타불명,보행자,여,62세,경상
17204,2019100100100614,2019년 10월 1일 20시,화요일,서울특별시 중랑구 중화동,경상사고,0,0,1,0,차대사람 - 보도통행중,기타,포장 - 건조,맑음,기타 - 기타,승합,남,51세,상해없음,보행자,여,70세,경상
17205,2019100100100656,2019년 10월 1일 21시,화요일,서울특별시 노원구 공릉동,경상사고,0,0,1,0,차대사람 - 횡단중,안전운전불이행,포장 - 건조,맑음,교차로 - 교차로부근,자전거,남,42세,상해없음,보행자,남,40세,경상
17206,2019100100100676,2019년 10월 1일 22시,화요일,서울특별시 성북구 길음동,경상사고,0,0,1,0,차대사람 - 횡단중,보행자보호의무위반,포장 - 건조,맑음,교차로 - 교차로부근,승용,남,23세,상해없음,보행자,여,15세,경상
17207,2019100100100679,2019년 10월 1일 22시,화요일,서울특별시 도봉구 방학동,중상사고,0,1,0,0,차대사람 - 횡단중,안전운전불이행,포장 - 기타,맑음,단일로 - 기타,승용,여,60세,상해없음,보행자,남,60세,중상
17208,2019100100100704,2019년 10월 1일 23시,화요일,서울특별시 강동구 성내동,부상신고사고,0,0,0,1,차대사람 - 기타,안전운전불이행,포장 - 건조,맑음,단일로 - 기타,승용,여,49세,상해없음,보행자,남,59세,부상신고
17209,2019100100100705,2019년 10월 1일 23시,화요일,서울특별시 송파구 신천동,경상사고,0,0,1,0,차대사람 - 기타,안전운전불이행,포장 - 건조,맑음,단일로 - 기타,자전거,남,36세,상해없음,보행자,여,55세,경상
17210,2019100100100707,2019년 10월 1일 23시,화요일,서울특별시 노원구 상계동,경상사고,0,0,1,0,차대사람 - 횡단중,신호위반,포장 - 건조,맑음,단일로 - 기타,원동기,남,18세,상해없음,보행자,여,53세,경상
17211,2019100200100104,2019년 10월 2일 07시,수요일,서울특별시 양천구 목동,중상사고,0,1,0,0,차대사람 - 횡단중,보행자보호의무위반,포장 - 건조,맑음,교차로 - 교차로부근,승용,여,69세,상해없음,보행자,여,42세,중상
17212,2019100200100123,2019년 10월 2일 08시,수요일,서울특별시 구로구 구로동,중상사고,0,1,0,0,차대사람 - 횡단중,안전운전불이행,포장 - 건조,맑음,교차로 - 교차로횡단보도내,승용,남,68세,상해없음,보행자,여,54세,중상
17213,2019100200100125,2019년 10월 2일 08시,수요일,서울특별시 성북구 하월곡동,중상사고,0,1,0,0,차대사람 - 기타,안전운전불이행,포장 - 건조,맑음,단일로 - 기타,승용,남,45세,기타불명,보행자,여,85세,중상
17214,2019100200100126,2019년 10월 2일 08시,수요일,서울특별시 노원구 상계동,중상사고,0,1,0,0,차대사람 - 횡단중,안전운전불이행,포장 - 건조,맑음,기타 - 기타,승용,여,36세,기타불명,보행자,남,86세,중상
17215,2019100200100177,2019년 10월 2일 09시,수요일,서울특별시 서대문구 신촌동,중상사고,0,1,0,0,차대사람 - 횡단중,보행자보호의무위반,포장 - 건조,맑음,교차로 - 교차로안,승용,남,73세,상해없음,보행자,남,48세,중상
17216,2019100200100244,2019년 10월 2일 11시,수요일,서울특별시 동대문구 제기동,경상사고,0,0,1,0,차대사람 - 기타,안전운전불이행,포장 - 건조,맑음,교차로 - 교차로안,승용,남,74세,상해없음,보행자,남,48세,경상
17217,2019100200100399,2019년 10월 2일 15시,수요일,서울특별시 은평구 응암동,경상사고,0,0,1,0,차대사람 - 길가장자리구역통행중,안전운전불이행,포장 - 젖음/습기,맑음,교차로 - 교차로안,승용,남,61세,상해없음,보행자,여,74세,경상
17218,2019100200100400,2019년 10월 2일 15시,수요일,서울특별시 성북구 길음동,경상사고,0,0,1,0,차대사람 - 횡단중,보행자보호의무위반,포장 - 젖음/습기,비,교차로 - 교차로횡단보도내,승용,여,63세,상해없음,보행자,여,8세,경상
17219,2019100200100404,2019년 10월 2일 15시,수요일,서울특별시 서초구 방배동,경상사고,0,0,1,0,차대사람 - 기타,안전운전불이행,포장 - 건조,맑음,단일로 - 지하차도(도로)내,승용,남,22세,상해없음,보행자,남,32세,경상
17220,2019100200100537,2019년 10월 2일 18시,수요일,서울특별시 강북구 미아동,부상신고사고,0,0,0,1,차대사람 - 차도통행중,안전운전불이행,포장 - 젖음/습기,비,교차로 - 교차로부근,승용,남,49세,상해없음,보행자,여,46세,부상신고
17221,2019100200100539,2019년 10월 2일 18시,수요일,서울특별시 영등포구 당산동4가,경상사고,0,0,2,0,차대사람 - 횡단중,보행자보호의무위반,포장 - 젖음/습기,비,기타 - 기타,승용,남,66세,상해없음,보행자,여,59세,경상
17222,2019100200100543,2019년 10월 2일 18시,수요일,서울특별시 중랑구 상봉동,경상사고,0,0,1,0,차대사람 - 횡단중,신호위반,포장 - 젖음/습기,비,교차로 - 교차로안,승용,남,64세,상해없음,보행자,여,58세,경상
17223,2019100200100549,2019년 10월 2일 18시,수요일,서울특별시 성북구 하월곡동,경상사고,0,0,1,0,차대사람 - 횡단중,보행자보호의무위반,포장 - 젖음/습기,비,단일로 - 기타,승합,남,38세,상해없음,보행자,남,23세,경상
17224,2019100200100552,2019년 10월 2일 18시,수요일,서울특별시 양천구 신월동,중상사고,0,1,0,0,차대사람 - 횡단중,안전운전불이행,포장 - 젖음/습기,비,기타 - 기타,승용,남,45세,상해없음,보행자,남,63세,중상
17225,2019100200100555,2019년 10월 2일 18시,수요일,서울특별시 강남구 수서동,부상신고사고,0,0,0,1,차대사람 - 기타,안전운전불이행,포장 - 건조,기타,단일로 - 기타,승용,남,61세,상해없음,보행자,남,58세,부상신고
17226,2019100200100630,2019년 10월 2일 19시,수요일,서울특별시 성북구 삼선동5가,중상사고,0,1,0,0,차대사람 - 기타,안전운전불이행,포장 - 젖음/습기,비,단일로 - 기타,승용,남,56세,상해없음,보행자,여,24세,중상
17227,2019100200100631,2019년 10월 2일 19시,수요일,서울특별시 동대문구 용두동,중상사고,0,1,0,0,차대사람 - 기타,신호위반,포장 - 건조,맑음,교차로 - 교차로안,이륜,남,39세,상해없음,보행자,남,46세,중상
17228,2019100200100639,2019년 10월 2일 19시,수요일,서울특별시 도봉구 도봉동,중상사고,0,1,0,0,차대사람 - 횡단중,안전운전불이행,포장 - 젖음/습기,비,교차로 - 교차로안,승용,남,40세,상해없음,보행자,여,67세,중상
17229,2019100200100640,2019년 10월 2일 19시,수요일,서울특별시 강남구 도곡동,중상사고,0,1,0,0,차대사람 - 횡단중,보행자보호의무위반,포장 - 건조,맑음,단일로 - 기타,승용,여,45세,상해없음,보행자,남,69세,중상
17230,2019100200100726,2019년 10월 2일 20시,수요일,서울특별시 동작구 상도동,부상신고사고,0,0,0,1,차대사람 - 횡단중,보행자보호의무위반,포장 - 건조,맑음,단일로 - 기타,승합,남,66세,상해없음,보행자,남,71세,부상신고
17231,2019100200100728,2019년 10월 2일 20시,수요일,서울특별시 강남구 논현동,중상사고,0,1,0,0,차대사람 - 기타,안전운전불이행,포장 - 젖음/습기,비,단일로 - 기타,승용,남,28세,상해없음,보행자,남,66세,중상
17232,2019100200100730,2019년 10월 2일 20시,수요일,서울특별시 송파구 신천동,경상사고,0,0,1,0,차대사람 - 횡단중,안전운전불이행,포장 - 젖음/습기,비,단일로 - 기타,승용,남,49세,상해없음,보행자,남,26세,경상
17233,2019100200100733,2019년 10월 2일 20시,수요일,서울특별시 노원구 공릉동,중상사고,0,1,0,0,차대사람 - 횡단중,신호위반,포장 - 젖음/습기,비,교차로 - 교차로횡단보도내,이륜,남,23세,상해없음,보행자,남,29세,중상
17234,2019100200100793,2019년 10월 2일 21시,수요일,서울특별시 성북구 동선동3가,경상사고,0,0,2,0,차대사람 - 횡단중,안전운전불이행,포장 - 젖음/습기,비,교차로 - 교차로안,승용,남,48세,상해없음,보행자,남,24세,경상
17235,2019100200100794,2019년 10월 2일 21시,수요일,서울특별시 동대문구 용두동,경상사고,0,0,1,0,차대사람 - 횡단중,신호위반,포장 - 젖음/습기,비,단일로 - 기타,이륜,남,18세,상해없음,보행자,여,26세,경상
17236,2019100200100798,2019년 10월 2일 21시,수요일,서울특별시 강남구 도곡동,중상사고,0,1,0,0,차대사람 - 횡단중,안전운전불이행,포장 - 건조,맑음,교차로 - 교차로부근,승용,남,30세,상해없음,보행자,남,47세,중상
17237,2019100200100841,2019년 10월 2일 22시,수요일,서울특별시 종로구 숭인동,경상사고,0,0,1,0,차대사람 - 기타,안전운전불이행,포장 - 젖음/습기,비,단일로 - 기타,승용,남,68세,상해없음,보행자,남,40세,경상
17238,2019100200100843,2019년 10월 2일 22시,수요일,서울특별시 중랑구 묵동,경상사고,0,0,1,0,차대사람 - 횡단중,안전운전불이행,포장 - 젖음/습기,비,교차로 - 교차로부근,이륜,남,55세,상해없음,보행자,남,64세,경상
17239,2019100200100844,2019년 10월 2일 22시,수요일,서울특별시 중랑구 묵동,중상사고,0,1,0,0,차대사람 - 횡단중,보행자보호의무위반,포장 - 젖음/습기,비,교차로 - 교차로횡단보도내,승용,남,54세,상해없음,보행자,여,55세,중상
17240,2019100200100850,2019년 10월 2일 22시,수요일,서울특별시 서초구 양재동,경상사고,0,0,1,0,차대사람 - 횡단중,보행자보호의무위반,포장 - 젖음/습기,비,교차로 - 교차로횡단보도내,승용,남,27세,상해없음,보행자,남,43세,경상
17241,2019100200100891,2019년 10월 2일 23시,수요일,서울특별시 종로구 관철동,경상사고,0,0,1,0,차대사람 - 횡단중,안전운전불이행,포장 - 건조,맑음,교차로 - 교차로안,승용,남,64세,상해없음,보행자,남,48세,경상
17242,2019100200100895,2019년 10월 2일 23시,수요일,서울특별시 강서구 가양동,경상사고,0,0,1,0,차대사람 - 횡단중,신호위반,포장 - 젖음/습기,비,교차로 - 교차로부근,승용,여,50세,상해없음,보행자,남,40세,경상
17243,2019100200100897,2019년 10월 2일 23시,수요일,서울특별시 구로구 구로동,중상사고,0,1,0,0,차대사람 - 기타,불법유턴,포장 - 젖음/습기,비,단일로 - 기타,화물,남,51세,상해없음,보행자,남,30세,중상
17244,2019100200100899,2019년 10월 2일 23시,수요일,서울특별시 서초구 방배동,중상사고,0,1,2,0,차대사람 - 횡단중,안전운전불이행,포장 - 젖음/습기,비,단일로 - 기타,승용,남,61세,상해없음,보행자,남,71세,중상
17245,2019100300100022,2019년 10월 3일 00시,목요일,서울특별시 영등포구 영등포동,경상사고,0,0,1,0,차대사람 - 기타,안전운전불이행,포장 - 젖음/습기,비,기타 - 기타,승용,남,57세,상해없음,보행자,남,22세,경상
17246,2019100300100024,2019년 10월 3일 00시,목요일,서울특별시 송파구 가락동,중상사고,0,1,0,0,차대사람 - 보도통행중,신호위반,포장 - 젖음/습기,비,교차로 - 교차로안,승용,남,46세,상해없음,보행자,남,34세,중상
17247,2019100300100027,2019년 10월 3일 00시,목요일,서울특별시 강남구 역삼동,사망사고,1,0,0,0,차대사람 - 기타,안전운전불이행,포장 - 젖음/습기,비,단일로 - 기타,승용,남,70세,상해없음,보행자,남,68세,사망
17248,2019100300100066,2019년 10월 3일 01시,목요일,서울특별시 성북구 하월곡동,중상사고,0,2,0,0,차대사람 - 기타,안전운전불이행,포장 - 젖음/습기,비,단일로 - 기타,이륜,남,40세,상해없음,보행자,여,33세,중상
17249,2019100300100069,2019년 10월 3일 01시,목요일,서울특별시 강남구 역삼동,중상사고,0,1,0,0,차대사람 - 횡단중,과속,포장 - 젖음/습기,비,단일로 - 기타,승용,남,44세,상해없음,보행자,여,16세,중상
17250,2019100300100096,2019년 10월 3일 02시,목요일,서울특별시 마포구 성산동,중상사고,0,1,0,0,차대사람 - 기타,안전운전불이행,포장 - 젖음/습기,비,단일로 - 기타,승용,남,22세,상해없음,보행자,남,60세,중상
17251,2019100300100098,2019년 10월 3일 02시,목요일,서울특별시 송파구 방이동,중상사고,0,1,0,0,차대사람 - 기타,안전운전불이행,포장 - 젖음/습기,비,교차로 - 교차로안,승용,남,42세,상해없음,보행자,남,46세,중상
17252,2019100300100122,2019년 10월 3일 03시,목요일,서울특별시 서대문구 영천동,중상사고,0,1,0,0,차대사람 - 기타,안전운전불이행,포장 - 젖음/습기,비,단일로 - 기타,승용,여,53세,상해없음,보행자,남,27세,중상
17253,2019100300100128,2019년 10월 3일 03시,목요일,서울특별시 강남구 역삼동,경상사고,0,0,1,0,차대사람 - 횡단중,안전운전불이행,포장 - 젖음/습기,비,교차로 - 교차로부근,승용,남,46세,상해없음,보행자,남,44세,경상
17254,2019100300100136,2019년 10월 3일 04시,목요일,서울특별시 마포구 신수동,부상신고사고,0,0,0,1,차대사람 - 기타,안전운전불이행,포장 - 건조,맑음,단일로 - 기타,승용,남,46세,상해없음,보행자,남,24세,부상신고
17255,2019100300100138,2019년 10월 3일 04시,목요일,서울특별시 강서구 등촌동,중상사고,0,1,0,0,차대사람 - 기타,안전운전불이행,포장 - 젖음/습기,비,교차로 - 교차로부근,화물,남,66세,상해없음,보행자,남,45세,중상
17256,2019100300100155,2019년 10월 3일 05시,목요일,서울특별시 관악구 신림동,중상사고,0,2,0,0,차대사람 - 기타,중앙선침범,포장 - 젖음/습기,비,기타 - 기타,승용,남,28세,상해없음,보행자,남,60세,중상
17257,2019100300100156,2019년 10월 3일 05시,목요일,서울특별시 강남구 역삼동,경상사고,0,0,2,0,차대사람 - 기타,안전운전불이행,포장 - 젖음/습기,비,단일로 - 기타,이륜,남,50세,경상,보행자,남,34세,경상
17258,2019100300100157,2019년 10월 3일 05시,목요일,서울특별시 강남구 역삼동,중상사고,0,1,0,0,차대사람 - 횡단중,안전운전불이행,포장 - 젖음/습기,흐림,교차로 - 교차로안,승용,남,48세,상해없음,보행자,남,25세,중상
17259,2019100300100167,2019년 10월 3일 06시,목요일,서울특별시 성동구 용답동,경상사고,0,0,1,0,차대사람 - 기타,보행자보호의무위반,포장 - 건조,흐림,교차로 - 교차로횡단보도내,승용,남,58세,상해없음,보행자,남,51세,경상
17260,2019100300100216,2019년 10월 3일 09시,목요일,서울특별시 영등포구 양평동3가,경상사고,0,0,1,0,차대사람 - 기타,안전운전불이행,포장 - 건조,맑음,기타 - 기타,승용,남,29세,상해없음,보행자,남,44세,경상
17261,2019100300100274,2019년 10월 3일 12시,목요일,서울특별시 중랑구 면목동,중상사고,0,1,0,0,차대사람 - 횡단중,안전운전불이행,포장 - 건조,맑음,교차로 - 교차로안,이륜,여,63세,상해없음,보행자,여,75세,중상
17262,2019100300100301,2019년 10월 3일 13시,목요일,서울특별시 동작구 노량진동,경상사고,0,0,1,0,차대사람 - 기타,안전운전불이행,포장 - 건조,맑음,기타 - 기타,이륜,남,22세,상해없음,보행자,여,28세,경상
17263,2019100300100329,2019년 10월 3일 14시,목요일,서울특별시 중구 다동,경상사고,0,0,1,0,차대사람 - 보도통행중,보행자보호의무위반,포장 - 건조,맑음,교차로 - 교차로부근,승용,남,35세,상해없음,보행자,남,32세,경상
17264,2019100300100330,2019년 10월 3일 14시,목요일,서울특별시 성북구 정릉동,경상사고,0,0,1,0,차대사람 - 기타,안전운전불이행,포장 - 건조,맑음,단일로 - 기타,승용,남,31세,상해없음,보행자,남,49세,경상
17265,2019100300100334,2019년 10월 3일 14시,목요일,서울특별시 송파구 신천동,경상사고,0,0,1,0,차대사람 - 기타,안전운전불이행,포장 - 건조,맑음,기타 - 기타,자전거,남,26세,경상,보행자,남,6세,상해없음
17266,2019100300100434,2019년 10월 3일 17시,목요일,서울특별시 강북구 수유동,중상사고,0,1,0,0,차대사람 - 기타,안전운전불이행,포장 - 건조,맑음,단일로 - 기타,화물,남,42세,상해없음,보행자,여,86세,중상
17267,2019100300100504,2019년 10월 3일 19시,목요일,서울특별시 종로구 세종로,경상사고,0,0,1,0,차대사람 - 기타,안전운전불이행,포장 - 건조,맑음,단일로 - 기타,승용,여,39세,상해없음,보행자,남,22세,경상
17268,2019100300100556,2019년 10월 3일 21시,목요일,서울특별시 은평구 신사동,경상사고,0,0,1,0,차대사람 - 길가장자리구역통행중,보행자보호의무위반,포장 - 건조,맑음,단일로 - 기타,이륜,남,53세,상해없음,보행자,남,34세,경상
17269,2019100300100582,2019년 10월 3일 22시,목요일,서울특별시 강서구 등촌동,중상사고,0,1,1,0,차대사람 - 차도통행중,안전운전불이행,포장 - 건조,맑음,단일로 - 기타,승용,남,69세,경상,보행자,여,61세,중상
17270,2019100400100020,2019년 10월 4일 00시,금요일,서울특별시 성북구 하월곡동,경상사고,0,0,1,0,차대사람 - 차도통행중,안전운전불이행,포장 - 건조,흐림,교차로 - 교차로안,승용,남,62세,상해없음,보행자,남,55세,경상
17271,2019100400100028,2019년 10월 4일 01시,금요일,서울특별시 금천구 독산동,경상사고,0,0,1,0,차대사람 - 기타,보행자보호의무위반,포장 - 건조,맑음,교차로 - 교차로안,승용,남,48세,상해없음,보행자,남,39세,경상
17272,2019100400100030,2019년 10월 4일 01시,금요일,서울특별시 구로구 가리봉동,부상신고사고,0,0,0,1,차대사람 - 기타,안전운전불이행,포장 - 건조,맑음,교차로 - 교차로횡단보도내,승용,남,67세,상해없음,보행자,남,42세,부상신고
17273,2019100400100042,2019년 10월 4일 02시,금요일,서울특별시 종로구 창신동,경상사고,0,0,1,0,차대사람 - 차도통행중,안전운전불이행,포장 - 건조,맑음,단일로 - 기타,승용,남,29세,상해없음,보행자,남,45세,경상
17274,2019100400100043,2019년 10월 4일 02시,금요일,서울특별시 관악구 신림동,경상사고,0,0,1,0,차대사람 - 횡단중,보행자보호의무위반,포장 - 건조,맑음,교차로 - 교차로횡단보도내,승용,남,68세,상해없음,보행자,남,55세,경상
17275,2019100400100057,2019년 10월 4일 04시,금요일,서울특별시 강북구 미아동,중상사고,0,1,0,0,차대사람 - 기타,안전운전불이행,포장 - 건조,흐림,단일로 - 기타,승용,남,46세,상해없음,보행자,남,37세,중상
17276,2019100400100095,2019년 10월 4일 07시,금요일,서울특별시 광진구 자양동,중상사고,0,1,0,0,차대사람 - 기타,안전운전불이행,포장 - 건조,맑음,교차로 - 교차로횡단보도내,화물,남,54세,상해없음,보행자,여,62세,중상
17277,2019100400100127,2019년 10월 4일 08시,금요일,서울특별시 강북구 미아동,경상사고,0,0,1,0,차대사람 - 차도통행중,안전운전불이행,포장 - 건조,맑음,단일로 - 기타,승용,여,51세,상해없음,보행자,남,43세,경상
17278,2019100400100128,2019년 10월 4일 08시,금요일,서울특별시 영등포구 신길동,부상신고사고,0,0,0,1,차대사람 - 기타,안전운전불이행,포장 - 건조,맑음,교차로 - 교차로부근,자전거,남,17세,상해없음,보행자,여,33세,부상신고
17279,2019100400100130,2019년 10월 4일 08시,금요일,서울특별시 중랑구 상봉동,중상사고,0,1,0,0,차대사람 - 길가장자리구역통행중,기타,포장 - 건조,맑음,교차로 - 교차로부근,기타불명,기타불명,미분류,기타불명,보행자,여,78세,중상
17280,2019100400100174,2019년 10월 4일 09시,금요일,서울특별시 중랑구 중화동,경상사고,0,0,1,0,차대사람 - 횡단중,보행자보호의무위반,포장 - 건조,맑음,단일로 - 기타,승용,남,64세,상해없음,보행자,여,57세,경상
17281,2019100400100230,2019년 10월 4일 11시,금요일,서울특별시 은평구 응암동,중상사고,0,1,0,0,차대사람 - 차도통행중,안전운전불이행,포장 - 건조,맑음,교차로 - 교차로부근,승용,남,43세,기타불명,보행자,여,50세,중상
17282,2019100400100234,2019년 10월 4일 11시,금요일,서울특별시 노원구 중계동,중상사고,0,1,0,0,차대사람 - 횡단중,보행자보호의무위반,포장 - 건조,맑음,교차로 - 교차로안,승용,여,64세,상해없음,보행자,여,88세,중상
17283,2019100400100272,2019년 10월 4일 12시,금요일,서울특별시 성북구 동소문동6가,경상사고,0,0,1,0,차대사람 - 길가장자리구역통행중,안전운전불이행,포장 - 건조,맑음,기타 - 기타,승용,남,64세,상해없음,보행자,여,41세,경상
17284,2019100400100274,2019년 10월 4일 12시,금요일,서울특별시 영등포구 신길동,경상사고,0,0,1,0,차대사람 - 기타,보행자보호의무위반,포장 - 건조,맑음,단일로 - 기타,승용,남,51세,상해없음,보행자,남,71세,경상
17285,2019100400100326,2019년 10월 4일 13시,금요일,서울특별시 강남구 삼성동,경상사고,0,0,1,0,차대사람 - 기타,안전운전불이행,포장 - 건조,맑음,단일로 - 기타,승용,남,41세,상해없음,보행자,남,76세,경상
17286,2019100400100327,2019년 10월 4일 13시,금요일,서울특별시 노원구 상계동,경상사고,0,0,1,0,차대사람 - 기타,기타,포장 - 건조,맑음,주차장 - 주차장,승용,남,72세,상해없음,보행자,남,38세,경상
17287,2019100400100371,2019년 10월 4일 14시,금요일,서울특별시 광진구 자양동,경상사고,0,0,1,0,차대사람 - 기타,신호위반,포장 - 건조,맑음,단일로 - 기타,이륜,남,49세,상해없음,보행자,남,23세,경상
17288,2019100400100373,2019년 10월 4일 14시,금요일,서울특별시 강남구 역삼동,경상사고,0,0,1,0,차대사람 - 보도통행중,안전운전불이행,포장 - 건조,맑음,기타 - 기타,승용,여,39세,상해없음,보행자,여,56세,경상
17289,2019100400100375,2019년 10월 4일 14시,금요일,서울특별시 송파구 석촌동,부상신고사고,0,0,0,1,차대사람 - 차도통행중,안전운전불이행,포장 - 건조,맑음,단일로 - 기타,승용,남,26세,상해없음,보행자,남,31세,부상신고
17290,2019100400100418,2019년 10월 4일 15시,금요일,서울특별시 서대문구 남가좌동,중상사고,0,1,0,1,차대사람 - 기타,신호위반,포장 - 건조,맑음,교차로 - 교차로횡단보도내,원동기,남,17세,부상신고,보행자,남,38세,중상
17291,2019100400100422,2019년 10월 4일 15시,금요일,서울특별시 성북구 정릉동,중상사고,0,1,0,0,차대사람 - 횡단중,안전운전불이행,포장 - 건조,맑음,단일로 - 기타,승용,여,64세,상해없음,보행자,여,69세,중상
17292,2019100400100424,2019년 10월 4일 15시,금요일,서울특별시 송파구 잠실동,부상신고사고,0,0,0,1,차대사람 - 보도통행중,안전운전불이행,포장 - 건조,맑음,단일로 - 기타,자전거,남,15세,상해없음,보행자,남,60세,부상신고
17293,2019100400100426,2019년 10월 4일 15시,금요일,서울특별시 서초구 서초동,경상사고,0,0,1,0,차대사람 - 기타,안전운전불이행,포장 - 건조,맑음,단일로 - 기타,승용,여,42세,상해없음,보행자,남,64세,경상
17294,2019100400100468,2019년 10월 4일 16시,금요일,서울특별시 양천구 신정동,중상사고,0,1,0,0,차대사람 - 보도통행중,신호위반,포장 - 건조,맑음,교차로 - 교차로안,승용,여,66세,상해없음,보행자,여,77세,중상
17295,2019100400100534,2019년 10월 4일 18시,금요일,서울특별시 종로구 가회동,경상사고,0,0,1,0,차대사람 - 횡단중,보행자보호의무위반,포장 - 건조,맑음,교차로 - 교차로횡단보도내,기타불명,기타불명,미분류,기타불명,보행자,여,32세,경상
17296,2019100400100538,2019년 10월 4일 18시,금요일,서울특별시 강남구 역삼동,부상신고사고,0,0,0,1,차대사람 - 보도통행중,안전운전불이행,포장 - 건조,맑음,기타 - 기타,개인형이동수단(PM),여,19세,상해없음,보행자,여,37세,부상신고
17297,2019100400100666,2019년 10월 4일 20시,금요일,서울특별시 동작구 흑석동,경상사고,0,0,1,0,차대사람 - 보도통행중,보행자보호의무위반,포장 - 건조,맑음,교차로 - 교차로횡단보도내,이륜,남,28세,상해없음,보행자,여,23세,경상
17298,2019100400100699,2019년 10월 4일 21시,금요일,서울특별시 서대문구 창천동,경상사고,0,0,1,0,차대사람 - 기타,안전운전불이행,포장 - 건조,맑음,기타 - 기타,승용,남,34세,상해없음,보행자,남,26세,경상
17299,2019100400100721,2019년 10월 4일 22시,금요일,서울특별시 양천구 신월동,경상사고,0,0,1,0,차대사람 - 횡단중,안전운전불이행,포장 - 건조,맑음,단일로 - 기타,승용,남,57세,상해없음,보행자,여,57세,경상
17300,2019100400100745,2019년 10월 4일 23시,금요일,서울특별시 영등포구 영등포동3가,경상사고,0,0,1,0,차대사람 - 기타,기타,포장 - 건조,맑음,단일로 - 기타,승용,여,41세,상해없음,보행자,남,46세,경상