,사고번호,사고일시,요일,시군구,사고내용,사망자수,중상자수,경상자수,부상신고자수,사고유형,법규위반,노면상태,기상상태,도로형태,가해운전자 차종,가해운전자 성별,가해운전자 연령,가해운전자 상해정도,피해운전자 차종,피해운전자 성별,피해운전자 연령,피해운전자 상해정도
17861,2019102400100315,2019년 10월 24일 13시,목요일,서울특별시 노원구 하계동,경상사고,0,0,1,0,차대사람 - 차도통행중,안전운전불이행,포장 - 건조,맑음,단일로 - 기타,승용,남,31세,상해없음,보행자,여,64세,경상
17862,2019102400100350,2019년 10월 24일 14시,목요일,서울특별시 송파구 마천동,중상사고,0,1,0,0,차대사람 - 기타,안전운전불이행,포장 - 건조,맑음,교차로 - 교차로부근,승용,여,53세,상해없음,보행자,남,58세,중상
17863,2019102400100352,2019년 10월 24일 14시,목요일,서울특별시 노원구 중계동,경상사고,0,0,1,0,차대사람 - 기타,중앙선침범,포장 - 건조,맑음,교차로 - 교차로부근,승용,남,27세,상해없음,보행자,남,39세,경상
17864,2019102400100353,2019년 10월 24일 14시,목요일,서울특별시 은평구 갈현동,경상사고,0,0,1,0,차대사람 - 보도통행중,보행자보호의무위반,포장 - 건조,맑음,교차로 - 교차로부근,이륜,남,48세,상해없음,보행자,남,70세,경상
17865,2019102400100384,2019년 10월 24일 15시,목요일,서울특별시 영등포구 여의도동,중상사고,0,1,0,1,차대사람 - 차도통행중,안전운전불이행,포장 - 건조,맑음,교차로 - 교차로부근,이륜,남,38세,부상신고,보행자,남,62세,중상
17866,2019102400100385,2019년 10월 24일 15시,목요일,서울특별시 강동구 암사동,경상사고,0,0,1,0,차대사람 - 횡단중,안전운전불이행,포장 - 건조,맑음,교차로 - 교차로안,승용,남,50세,상해없음,보행자,남,9세,경상
17867,2019102400100471,2019년 10월 24일 17시,목요일,서울특별시 강남구 역삼동,경상사고,0,0,1,0,차대사람 - 길가장자리구역통행중,안전운전불이행,포장 - 건조,맑음,단일로 - 기타,승용,남,24세,상해없음,보행자,남,22세,경상
17868,2019102400100474,2019년 10월 24일 17시,목요일,서울특별시 송파구 방이동,경상사고,0,0,1,0,차대사람 - 기타,안전운전불이행,포장 - 건조,맑음,교차로 - 교차로안,승용,남,72세,상해없음,보행자,여,85세,경상
17869,2019102400100475,2019년 10월 24일 17시,목요일,서울특별시 구로구 고척동,경상사고,0,0,1,0,차대사람 - 기타,안전운전불이행,포장 - 건조,맑음,단일로 - 기타,승합,남,52세,상해없음,보행자,여,61세,경상
17870,2019102400100522,2019년 10월 24일 18시,목요일,서울특별시 마포구 망원동,중상사고,0,1,0,0,차대사람 - 기타,기타,포장 - 건조,맑음,교차로 - 교차로부근,승합,남,70세,상해없음,보행자,여,53세,중상
17871,2019102400100527,2019년 10월 24일 18시,목요일,서울특별시 서초구 반포동,경상사고,0,0,1,0,차대사람 - 차도통행중,안전운전불이행,포장 - 건조,맑음,기타 - 기타,승용,남,34세,기타불명,보행자,여,25세,경상
17872,2019102400100528,2019년 10월 24일 18시,목요일,서울특별시 양천구 신월동,중상사고,0,1,0,0,차대사람 - 기타,보행자보호의무위반,포장 - 건조,맑음,교차로 - 교차로횡단보도내,승용,남,70세,상해없음,보행자,남,28세,중상
17873,2019102400100651,2019년 10월 24일 20시,목요일,서울특별시 서대문구 홍제동,경상사고,0,0,1,0,차대사람 - 기타,안전운전불이행,포장 - 건조,맑음,교차로 - 교차로안,승용,남,80세,상해없음,보행자,여,48세,경상
17874,2019102400100662,2019년 10월 24일 20시,목요일,서울특별시 서초구 양재동,경상사고,0,0,1,0,차대사람 - 기타,안전운전불이행,포장 - 건조,맑음,단일로 - 기타,승용,남,75세,상해없음,보행자,남,52세,경상
17875,2019102400100695,2019년 10월 24일 21시,목요일,서울특별시 중구 신당동,중상사고,0,1,0,0,차대사람 - 횡단중,안전운전불이행,포장 - 건조,맑음,단일로 - 기타,승용,남,67세,상해없음,보행자,남,75세,중상
17876,2019102400100722,2019년 10월 24일 22시,목요일,서울특별시 강북구 미아동,중상사고,0,1,0,0,차대사람 - 차도통행중,안전운전불이행,포장 - 건조,맑음,교차로 - 교차로부근,승합,남,60세,상해없음,보행자,남,66세,중상
17877,2019102400100747,2019년 10월 24일 23시,목요일,서울특별시 구로구 구로동,경상사고,0,0,1,0,차대사람 - 횡단중,안전운전불이행,포장 - 건조,맑음,단일로 - 기타,승용,남,51세,상해없음,보행자,여,32세,경상
17878,2019102400100748,2019년 10월 24일 23시,목요일,서울특별시 강남구 대치동,중상사고,0,2,0,0,차대사람 - 횡단중,안전운전불이행,포장 - 건조,맑음,교차로 - 교차로안,승용,남,58세,상해없음,보행자,여,27세,중상
17879,2019102500100028,2019년 10월 25일 00시,금요일,서울특별시 중랑구 망우동,경상사고,0,0,1,0,차대사람 - 기타,안전운전불이행,포장 - 건조,맑음,단일로 - 기타,승용,남,68세,상해없음,보행자,남,50세,경상
17880,2019102500100046,2019년 10월 25일 01시,금요일,서울특별시 중구 신당동,경상사고,0,0,1,0,차대사람 - 기타,안전운전불이행,포장 - 건조,맑음,단일로 - 기타,승용,남,65세,상해없음,보행자,남,52세,경상
17881,2019102500100047,2019년 10월 25일 01시,금요일,서울특별시 강남구 역삼동,경상사고,0,0,1,0,차대사람 - 기타,보행자보호의무위반,포장 - 건조,맑음,교차로 - 교차로안,승용,남,40세,상해없음,보행자,남,48세,경상
17882,2019102500100048,2019년 10월 25일 01시,금요일,서울특별시 강남구 논현동,경상사고,0,0,1,0,차대사람 - 기타,안전운전불이행,포장 - 건조,맑음,단일로 - 기타,승용,남,53세,상해없음,보행자,남,34세,경상
17883,2019102500100066,2019년 10월 25일 03시,금요일,서울특별시 중랑구 면목동,중상사고,0,1,0,0,차대사람 - 횡단중,안전운전불이행,포장 - 건조,맑음,교차로 - 교차로안,승합,남,40세,상해없음,보행자,여,67세,중상
17884,2019102500100083,2019년 10월 25일 05시,금요일,서울특별시 송파구 마천동,경상사고,0,0,1,0,차대사람 - 횡단중,보행자보호의무위반,포장 - 건조,맑음,교차로 - 교차로횡단보도내,화물,남,52세,상해없음,보행자,남,50세,경상
17885,2019102500100109,2019년 10월 25일 07시,금요일,서울특별시 구로구 개봉동,경상사고,0,0,1,0,차대사람 - 기타,안전운전불이행,포장 - 건조,맑음,교차로 - 교차로안,승용,여,43세,상해없음,보행자,여,15세,경상
17886,2019102500100137,2019년 10월 25일 08시,금요일,서울특별시 서대문구 충정로2가,중상사고,0,1,0,0,차대사람 - 기타,신호위반,포장 - 건조,맑음,단일로 - 기타,승합,남,67세,상해없음,보행자,여,66세,중상
17887,2019102500100175,2019년 10월 25일 09시,금요일,서울특별시 영등포구 영등포동6가,경상사고,0,0,1,0,차대사람 - 횡단중,안전운전불이행,포장 - 건조,맑음,단일로 - 기타,건설기계,남,57세,상해없음,보행자,남,82세,경상
17888,2019102500100177,2019년 10월 25일 09시,금요일,서울특별시 양천구 목동,경상사고,0,0,1,0,차대사람 - 기타,안전운전불이행,포장 - 건조,맑음,기타 - 기타,자전거,여,25세,상해없음,보행자,남,52세,경상
17889,2019102500100213,2019년 10월 25일 10시,금요일,서울특별시 성북구 정릉동,경상사고,0,0,1,0,차대사람 - 횡단중,신호위반,포장 - 건조,맑음,단일로 - 기타,승용,남,17세,상해없음,보행자,여,29세,경상
17890,2019102500100219,2019년 10월 25일 10시,금요일,서울특별시 노원구 중계동,경상사고,0,0,1,0,차대사람 - 기타,안전운전불이행,포장 - 건조,맑음,교차로 - 교차로안,기타불명,기타불명,미분류,기타불명,보행자,남,38세,경상
17891,2019102500100243,2019년 10월 25일 11시,금요일,서울특별시 서대문구 연희동,중상사고,0,1,0,0,차대사람 - 횡단중,안전운전불이행,포장 - 건조,맑음,교차로 - 교차로안,승용,여,62세,상해없음,보행자,여,84세,중상
17892,2019102500100244,2019년 10월 25일 11시,금요일,서울특별시 동대문구 이문동,중상사고,0,1,0,0,차대사람 - 보도통행중,보행자보호의무위반,포장 - 건조,맑음,단일로 - 기타,승용,여,59세,상해없음,보행자,여,23세,중상
17893,2019102500100248,2019년 10월 25일 11시,금요일,서울특별시 관악구 봉천동,중상사고,0,1,0,0,차대사람 - 보도통행중,보행자보호의무위반,포장 - 건조,맑음,교차로 - 교차로부근,승용,여,45세,상해없음,보행자,여,69세,중상
17894,2019102500100310,2019년 10월 25일 13시,금요일,서울특별시 종로구 낙원동,중상사고,0,1,0,0,차대사람 - 기타,안전운전불이행,포장 - 건조,맑음,단일로 - 기타,승용,남,75세,상해없음,보행자,여,73세,중상
17895,2019102500100311,2019년 10월 25일 13시,금요일,서울특별시 용산구 한남동,경상사고,0,0,1,0,차대사람 - 길가장자리구역통행중,안전운전불이행,포장 - 건조,맑음,단일로 - 기타,승용,여,48세,상해없음,보행자,남,56세,경상
17896,2019102500100312,2019년 10월 25일 13시,금요일,서울특별시 관악구 신림동,경상사고,0,0,1,0,차대사람 - 기타,안전운전불이행,포장 - 건조,맑음,단일로 - 기타,승합,남,58세,상해없음,보행자,여,63세,경상
17897,2019102500100354,2019년 10월 25일 14시,금요일,서울특별시 성동구 성수동2가,중상사고,0,1,0,0,차대사람 - 기타,안전운전불이행,포장 - 건조,맑음,단일로 - 기타,기타불명,남,60세,상해없음,보행자,여,53세,중상
17898,2019102500100356,2019년 10월 25일 14시,금요일,서울특별시 노원구 상계동,경상사고,0,0,1,0,차대사람 - 기타,안전운전불이행,포장 - 건조,맑음,교차로 - 교차로부근,승합,남,65세,상해없음,보행자,남,41세,경상
17899,2019102500100403,2019년 10월 25일 15시,금요일,서울특별시 강남구 역삼동,중상사고,0,1,0,0,차대사람 - 횡단중,안전운전불이행,포장 - 건조,맑음,교차로 - 교차로부근,승용,남,42세,상해없음,보행자,여,63세,중상
17900,2019102500100445,2019년 10월 25일 16시,금요일,서울특별시 은평구 응암동,경상사고,0,0,2,0,차대사람 - 횡단중,보행자보호의무위반,포장 - 건조,맑음,교차로 - 교차로횡단보도내,승용,여,68세,상해없음,보행자,여,14세,경상
17901,2019102500100453,2019년 10월 25일 16시,금요일,서울특별시 강동구 천호동,경상사고,0,0,1,0,차대사람 - 기타,안전운전불이행,포장 - 건조,맑음,단일로 - 기타,승합,남,62세,상해없음,보행자,여,60세,경상
17902,2019102500100456,2019년 10월 25일 16시,금요일,서울특별시 성북구 하월곡동,중상사고,0,1,0,0,차대사람 - 길가장자리구역통행중,안전운전불이행,포장 - 건조,맑음,단일로 - 기타,화물,남,65세,상해없음,보행자,여,81세,중상
17903,2019102500100495,2019년 10월 25일 17시,금요일,서울특별시 서대문구 남가좌동,중상사고,0,1,0,0,차대사람 - 횡단중,신호위반,포장 - 건조,맑음,교차로 - 교차로횡단보도내,승용,남,64세,상해없음,보행자,여,53세,중상
17904,2019102500100497,2019년 10월 25일 17시,금요일,서울특별시 동대문구 전농동,경상사고,0,0,1,0,차대사람 - 횡단중,보행자보호의무위반,포장 - 건조,맑음,교차로 - 교차로안,승용,여,61세,상해없음,보행자,여,4세,경상
17905,2019102500100559,2019년 10월 25일 18시,금요일,서울특별시 광진구 광장동,중상사고,0,1,0,0,차대사람 - 기타,안전운전불이행,포장 - 건조,맑음,단일로 - 기타,승합,남,36세,상해없음,보행자,여,48세,중상
17906,2019102500100566,2019년 10월 25일 18시,금요일,서울특별시 양천구 신월동,경상사고,0,0,1,0,차대사람 - 기타,보행자보호의무위반,포장 - 건조,맑음,단일로 - 기타,승용,여,51세,기타불명,보행자,남,9세,경상
17907,2019102500100647,2019년 10월 25일 19시,금요일,서울특별시 강남구 역삼동,경상사고,0,0,1,0,차대사람 - 보도통행중,보행자보호의무위반,포장 - 건조,맑음,단일로 - 기타,승용,남,23세,상해없음,보행자,여,25세,경상
17908,2019102500100725,2019년 10월 25일 20시,금요일,서울특별시 송파구 방이동,부상신고사고,0,0,0,1,차대사람 - 차도통행중,안전운전불이행,포장 - 건조,맑음,단일로 - 기타,승용,남,63세,상해없음,보행자,남,54세,부상신고
17909,2019102500100728,2019년 10월 25일 20시,금요일,서울특별시 도봉구 방학동,중상사고,0,1,3,0,차대사람 - 기타,안전운전불이행,포장 - 건조,흐림,단일로 - 기타,승합,남,59세,상해없음,보행자,남,34세,중상
17910,2019102500100762,2019년 10월 25일 21시,금요일,서울특별시 중랑구 상봉동,중상사고,0,1,0,0,차대사람 - 횡단중,보행자보호의무위반,포장 - 건조,맑음,교차로 - 교차로횡단보도내,화물,남,30세,상해없음,보행자,여,45세,중상
17911,2019102600100026,2019년 10월 26일 00시,토요일,서울특별시 동대문구 청량리동,중상사고,0,1,0,0,차대사람 - 횡단중,보행자보호의무위반,포장 - 건조,맑음,교차로 - 교차로안,승용,여,41세,상해없음,보행자,남,43세,중상
17912,2019102600100027,2019년 10월 26일 00시,토요일,서울특별시 관악구 신림동,중상사고,0,1,0,0,차대사람 - 횡단중,신호위반,포장 - 건조,맑음,교차로 - 교차로안,승용,남,74세,상해없음,보행자,남,23세,중상
17913,2019102600100029,2019년 10월 26일 00시,토요일,서울특별시 서초구 서초동,경상사고,0,0,1,0,차대사람 - 차도통행중,안전운전불이행,포장 - 건조,맑음,기타 - 기타,승용,남,45세,상해없음,보행자,남,23세,경상
17914,2019102600100044,2019년 10월 26일 01시,토요일,서울특별시 종로구 명륜4가,경상사고,0,0,1,0,차대사람 - 보도통행중,보행자보호의무위반,포장 - 건조,맑음,단일로 - 기타,승용,남,25세,상해없음,보행자,남,20세,경상
17915,2019102600100047,2019년 10월 26일 01시,토요일,서울특별시 은평구 갈현동,중상사고,0,1,0,0,차대사람 - 기타,안전운전불이행,포장 - 건조,맑음,단일로 - 기타,승용,남,53세,상해없음,보행자,여,60세,중상
17916,2019102600100068,2019년 10월 26일 03시,토요일,서울특별시 용산구 이태원동,경상사고,0,0,1,0,차대사람 - 기타,안전운전불이행,포장 - 건조,맑음,기타 - 기타,승용,남,19세,상해없음,보행자,남,28세,경상
17917,2019102600100121,2019년 10월 26일 07시,토요일,서울특별시 서대문구 홍제동,사망사고,1,0,0,0,차대사람 - 차도통행중,안전운전불이행,포장 - 건조,맑음,단일로 - 기타,승합,남,63세,상해없음,보행자,남,79세,사망
17918,2019102600100168,2019년 10월 26일 09시,토요일,서울특별시 용산구 한남동,경상사고,0,0,1,0,차대사람 - 길가장자리구역통행중,안전운전불이행,포장 - 건조,맑음,단일로 - 기타,승용,남,58세,기타불명,보행자,여,54세,경상
17919,2019102600100198,2019년 10월 26일 10시,토요일,서울특별시 용산구 이태원동,중상사고,0,1,0,0,차대사람 - 길가장자리구역통행중,안전운전불이행,포장 - 건조,맑음,교차로 - 교차로안,승용,남,78세,상해없음,보행자,여,54세,중상
17920,2019102600100237,2019년 10월 26일 11시,토요일,서울특별시 은평구 대조동,경상사고,0,0,1,0,차대사람 - 기타,안전운전불이행,포장 - 건조,맑음,단일로 - 기타,승용,남,54세,상해없음,보행자,남,78세,경상
17921,2019102600100269,2019년 10월 26일 12시,토요일,서울특별시 관악구 봉천동,중상사고,0,1,0,0,차대사람 - 기타,신호위반,포장 - 기타,맑음,단일로 - 기타,이륜,남,17세,상해없음,보행자,여,48세,중상
17922,2019102600100274,2019년 10월 26일 12시,토요일,서울특별시 강남구 대치동,경상사고,0,0,1,0,차대사람 - 기타,안전운전불이행,포장 - 건조,맑음,단일로 - 기타,기타불명,기타불명,미분류,기타불명,보행자,여,10세,경상
17923,2019102600100314,2019년 10월 26일 13시,토요일,서울특별시 성동구 성수동2가,경상사고,0,0,1,0,차대사람 - 기타,안전운전불이행,포장 - 건조,맑음,단일로 - 기타,승용,남,65세,상해없음,보행자,여,43세,경상
17924,2019102600100317,2019년 10월 26일 13시,토요일,서울특별시 강동구 상일동,중상사고,0,1,0,0,차대사람 - 횡단중,안전운전불이행,포장 - 건조,맑음,단일로 - 기타,승용,여,52세,상해없음,보행자,여,76세,중상
17925,2019102600100318,2019년 10월 26일 13시,토요일,서울특별시 송파구 석촌동,중상사고,0,1,0,0,차대사람 - 기타,보행자보호의무위반,포장 - 건조,맑음,교차로 - 교차로안,승합,여,61세,상해없음,보행자,여,75세,중상
17926,2019102600100319,2019년 10월 26일 13시,토요일,서울특별시 강남구 대치동,경상사고,0,0,1,0,차대사람 - 기타,안전운전불이행,포장 - 건조,맑음,단일로 - 기타,승용,남,59세,상해없음,보행자,여,22세,경상
17927,2019102600100357,2019년 10월 26일 14시,토요일,서울특별시 마포구 서교동,경상사고,0,0,1,0,차대사람 - 기타,안전운전불이행,포장 - 건조,맑음,단일로 - 기타,기타불명,기타불명,미분류,기타불명,보행자,남,18세,경상
17928,2019102600100403,2019년 10월 26일 15시,토요일,서울특별시 강동구 천호동,중상사고,0,1,0,0,차대사람 - 기타,안전운전불이행,포장 - 건조,맑음,단일로 - 기타,승용,남,34세,상해없음,보행자,여,81세,중상
17929,2019102600100444,2019년 10월 26일 16시,토요일,서울특별시 송파구 마천동,경상사고,0,0,2,0,차대사람 - 횡단중,신호위반,포장 - 건조,맑음,단일로 - 기타,승용,남,62세,상해없음,보행자,남,9세,경상
17930,2019102600100522,2019년 10월 26일 18시,토요일,서울특별시 중랑구 중화동,경상사고,0,0,1,0,차대사람 - 보도통행중,기타,포장 - 건조,맑음,교차로 - 교차로부근,자전거,남,64세,상해없음,보행자,여,80세,경상
17931,2019102600100563,2019년 10월 26일 19시,토요일,서울특별시 동작구 사당동,중상사고,0,1,0,0,차대사람 - 기타,안전운전불이행,포장 - 건조,맑음,단일로 - 기타,승용,남,52세,기타불명,보행자,여,50세,중상
17932,2019102600100607,2019년 10월 26일 20시,토요일,서울특별시 성북구 보문동4가,경상사고,0,0,1,0,차대사람 - 보도통행중,기타,포장 - 건조,맑음,단일로 - 기타,승용,여,64세,상해없음,보행자,남,52세,경상
17933,2019102600100610,2019년 10월 26일 20시,토요일,서울특별시 노원구 상계동,경상사고,0,0,1,0,차대사람 - 기타,안전운전불이행,포장 - 건조,흐림,단일로 - 기타,승용,남,19세,상해없음,보행자,남,32세,경상
17934,2019102600100647,2019년 10월 26일 21시,토요일,서울특별시 마포구 공덕동,중상사고,0,1,0,0,차대사람 - 기타,안전운전불이행,포장 - 건조,맑음,단일로 - 기타,승용,남,65세,상해없음,보행자,남,33세,중상
17935,2019102600100710,2019년 10월 26일 23시,토요일,서울특별시 마포구 서교동,경상사고,0,0,2,0,차대사람 - 기타,안전운전불이행,포장 - 건조,맑음,단일로 - 기타,승용,남,19세,기타불명,보행자,여,25세,경상
17936,2019102700100030,2019년 10월 27일 00시,일요일,서울특별시 중구 남대문로5가,경상사고,0,0,1,0,차대사람 - 횡단중,안전운전불이행,포장 - 건조,맑음,단일로 - 기타,이륜,남,41세,상해없음,보행자,남,49세,경상
17937,2019102700100034,2019년 10월 27일 00시,일요일,서울특별시 서초구 서초동,경상사고,0,0,1,0,차대사람 - 보도통행중,안전운전불이행,포장 - 건조,맑음,기타 - 기타,승용,남,21세,상해없음,보행자,여,22세,경상
17938,2019102700100052,2019년 10월 27일 01시,일요일,서울특별시 강남구 삼성동,경상사고,0,0,1,0,차대사람 - 기타,안전운전불이행,포장 - 건조,흐림,단일로 - 기타,이륜,남,28세,상해없음,보행자,여,28세,경상
17939,2019102700100071,2019년 10월 27일 02시,일요일,서울특별시 관악구 남현동,경상사고,0,0,1,0,차대사람 - 기타,안전운전불이행,포장 - 건조,맑음,단일로 - 기타,승용,남,63세,상해없음,보행자,남,24세,경상
17940,2019102700100084,2019년 10월 27일 03시,일요일,서울특별시 강동구 둔촌동,경상사고,0,0,1,0,차대사람 - 횡단중,안전운전불이행,포장 - 건조,맑음,단일로 - 기타,승용,남,63세,상해없음,보행자,남,72세,경상
17941,2019102700100098,2019년 10월 27일 04시,일요일,서울특별시 동대문구 신설동,경상사고,0,0,1,0,차대사람 - 횡단중,안전운전불이행,포장 - 건조,기타,단일로 - 기타,승용,남,54세,상해없음,보행자,남,25세,경상
17942,2019102700100100,2019년 10월 27일 04시,일요일,서울특별시 마포구 서교동,경상사고,0,0,1,0,차대사람 - 차도통행중,안전운전불이행,포장 - 건조,맑음,단일로 - 기타,승용,남,27세,상해없음,보행자,남,25세,경상
17943,2019102700100110,2019년 10월 27일 05시,일요일,서울특별시 관악구 봉천동,중상사고,0,1,0,0,차대사람 - 보도통행중,보행자보호의무위반,포장 - 건조,맑음,단일로 - 기타,승용,남,56세,상해없음,보행자,여,61세,중상
17944,2019102700100111,2019년 10월 27일 05시,일요일,서울특별시 양천구 신정동,경상사고,0,0,1,0,차대사람 - 보도통행중,신호위반,포장 - 건조,맑음,교차로 - 교차로횡단보도내,승용,남,68세,상해없음,보행자,남,89세,경상
17945,2019102700100129,2019년 10월 27일 07시,일요일,서울특별시 마포구 서교동,경상사고,0,0,1,0,차대사람 - 보도통행중,안전운전불이행,포장 - 건조,맑음,단일로 - 기타,승용,남,29세,상해없음,보행자,여,75세,경상
17946,2019102700100144,2019년 10월 27일 08시,일요일,서울특별시 강서구 화곡동,경상사고,0,0,1,0,차대사람 - 기타,기타,포장 - 건조,맑음,기타 - 기타,승합,남,38세,상해없음,보행자,여,50세,경상
17947,2019102700100183,2019년 10월 27일 10시,일요일,서울특별시 용산구 이태원동,중상사고,0,1,0,0,차대사람 - 횡단중,안전운전불이행,포장 - 건조,맑음,단일로 - 기타,승용,남,32세,상해없음,보행자,여,80세,중상
17948,2019102700100184,2019년 10월 27일 10시,일요일,서울특별시 강북구 미아동,경상사고,0,0,1,0,차대사람 - 기타,기타,포장 - 건조,맑음,단일로 - 기타,승합,남,53세,상해없음,보행자,남,64세,경상
17949,2019102700100241,2019년 10월 27일 12시,일요일,서울특별시 구로구 궁동,중상사고,0,1,0,0,차대사람 - 기타,안전운전불이행,포장 - 건조,맑음,단일로 - 기타,승용,남,62세,상해없음,보행자,여,60세,중상
17950,2019102700100274,2019년 10월 27일 13시,일요일,서울특별시 강북구 번동,중상사고,0,1,0,0,차대사람 - 횡단중,보행자보호의무위반,포장 - 건조,맑음,교차로 - 교차로안,승용,남,62세,상해없음,보행자,여,56세,중상
17951,2019102700100276,2019년 10월 27일 13시,일요일,서울특별시 영등포구 신길동,경상사고,0,0,1,0,차대사람 - 기타,기타,포장 - 건조,맑음,단일로 - 기타,승합,남,68세,상해없음,보행자,남,7세,경상
17952,2019102700100359,2019년 10월 27일 15시,일요일,서울특별시 은평구 갈현동,경상사고,0,0,1,0,차대사람 - 기타,안전운전불이행,포장 - 건조,맑음,기타 - 기타,승용,여,55세,상해없음,보행자,여,28세,경상
17953,2019102700100401,2019년 10월 27일 16시,일요일,서울특별시 동대문구 제기동,경상사고,0,0,1,0,차대사람 - 기타,안전운전불이행,포장 - 건조,맑음,기타 - 기타,자전거,남,47세,상해없음,보행자,남,87세,경상
17954,2019102700100403,2019년 10월 27일 16시,일요일,서울특별시 성동구 성수동1가,경상사고,0,0,1,0,차대사람 - 길가장자리구역통행중,안전운전불이행,포장 - 건조,맑음,단일로 - 기타,승용,남,60세,상해없음,보행자,남,31세,경상
17955,2019102700100405,2019년 10월 27일 16시,일요일,서울특별시 관악구 신림동,중상사고,0,1,0,0,차대사람 - 기타,안전운전불이행,포장 - 건조,맑음,단일로 - 기타,승용,남,30세,상해없음,보행자,여,21세,중상
17956,2019102700100467,2019년 10월 27일 18시,일요일,서울특별시 강서구 방화동,중상사고,0,1,0,0,차대사람 - 횡단중,안전운전불이행,포장 - 건조,맑음,단일로 - 기타,승용,남,68세,상해없음,보행자,여,77세,중상
17957,2019102700100468,2019년 10월 27일 18시,일요일,서울특별시 송파구 가락동,경상사고,0,0,1,0,차대사람 - 횡단중,안전운전불이행,포장 - 건조,맑음,단일로 - 기타,승용,남,61세,기타불명,보행자,남,64세,경상
17958,2019102700100469,2019년 10월 27일 18시,일요일,서울특별시 송파구 송파동,경상사고,0,0,1,0,차대사람 - 길가장자리구역통행중,안전운전불이행,포장 - 건조,맑음,단일로 - 기타,기타불명,기타불명,미분류,기타불명,보행자,남,11세,경상
17959,2019102700100518,2019년 10월 27일 19시,일요일,서울특별시 금천구 독산동,경상사고,0,0,1,0,차대사람 - 기타,안전운전불이행,포장 - 건조,맑음,단일로 - 기타,승용,여,35세,상해없음,보행자,남,67세,경상
17960,2019102700100521,2019년 10월 27일 19시,일요일,서울특별시 노원구 상계동,경상사고,0,0,1,0,차대사람 - 횡단중,보행자보호의무위반,포장 - 건조,맑음,교차로 - 교차로횡단보도내,승용,남,63세,상해없음,보행자,여,18세,경상
17961,2019102700100586,2019년 10월 27일 21시,일요일,서울특별시 강남구 역삼동,경상사고,0,0,1,0,차대사람 - 길가장자리구역통행중,안전운전불이행,포장 - 건조,맑음,단일로 - 기타,기타불명,기타불명,미분류,기타불명,보행자,남,28세,경상
17962,2019102700100625,2019년 10월 27일 23시,일요일,서울특별시 중랑구 면목동,중상사고,0,2,0,0,차대사람 - 횡단중,안전운전불이행,포장 - 건조,흐림,단일로 - 지하차도(도로)내,이륜,남,33세,중상,보행자,남,55세,중상
17963,2019102800100039,2019년 10월 28일 02시,월요일,서울특별시 송파구 잠실동,경상사고,0,0,1,0,차대사람 - 길가장자리구역통행중,안전운전불이행,포장 - 건조,맑음,단일로 - 기타,승용,남,50세,상해없음,보행자,여,22세,경상
17964,2019102800100055,2019년 10월 28일 05시,월요일,서울특별시 강서구 공항동,사망사고,1,0,0,0,차대사람 - 차도통행중,안전운전불이행,포장 - 건조,맑음,교차로 - 교차로부근,승용,남,61세,상해없음,보행자,여,82세,사망
17965,2019102800100069,2019년 10월 28일 06시,월요일,서울특별시 구로구 구로동,중상사고,0,1,0,0,차대사람 - 횡단중,신호위반,포장 - 건조,맑음,단일로 - 기타,화물,남,63세,상해없음,보행자,남,58세,중상
17966,2019102800100193,2019년 10월 28일 10시,월요일,서울특별시 동작구 상도동,경상사고,0,0,1,0,차대사람 - 횡단중,보행자보호의무위반,포장 - 건조,맑음,교차로 - 교차로횡단보도내,승용,남,69세,상해없음,보행자,남,10세,경상
17967,2019102800100283,2019년 10월 28일 12시,월요일,서울특별시 강남구 논현동,중상사고,0,1,0,0,차대사람 - 길가장자리구역통행중,안전운전불이행,포장 - 기타,맑음,단일로 - 기타,화물,남,37세,상해없음,보행자,여,28세,중상
17968,2019102800100284,2019년 10월 28일 12시,월요일,서울특별시 강서구 화곡동,경상사고,0,0,1,0,차대사람 - 횡단중,보행자보호의무위반,포장 - 건조,맑음,교차로 - 교차로횡단보도내,승용,여,36세,상해없음,보행자,여,79세,경상
17969,2019102800100285,2019년 10월 28일 12시,월요일,서울특별시 구로구 고척동,중상사고,0,1,0,0,차대사람 - 기타,안전운전불이행,포장 - 건조,맑음,단일로 - 기타,승용,여,61세,상해없음,보행자,여,11세,중상
17970,2019102800100319,2019년 10월 28일 13시,월요일,서울특별시 중구 다동,경상사고,0,0,1,0,차대사람 - 기타,안전운전불이행,포장 - 건조,맑음,단일로 - 기타,승용,남,43세,상해없음,보행자,남,65세,경상
17971,2019102800100321,2019년 10월 28일 13시,월요일,서울특별시 송파구 석촌동,경상사고,0,0,1,0,차대사람 - 기타,안전운전불이행,포장 - 건조,맑음,단일로 - 기타,승용,여,34세,상해없음,보행자,남,32세,경상
17972,2019102800100354,2019년 10월 28일 14시,월요일,서울특별시 강북구 미아동,경상사고,0,0,1,0,차대사람 - 횡단중,보행자보호의무위반,포장 - 건조,흐림,교차로 - 교차로횡단보도내,승용,여,44세,상해없음,보행자,여,48세,경상