,사고번호,사고일시,요일,시군구,사고내용,사망자수,중상자수,경상자수,부상신고자수,사고유형,법규위반,노면상태,기상상태,도로형태,가해운전자 차종,가해운전자 성별,가해운전자 연령,가해운전자 상해정도,피해운전자 차종,피해운전자 성별,피해운전자 연령,피해운전자 상해정도
18085,2019110100100147,2019년 11월 1일 08시,금요일,서울특별시 송파구 풍납동,중상사고,0,1,0,0,차대사람 - 횡단중,안전운전불이행,포장 - 건조,맑음,단일로 - 기타,승용,여,53세,상해없음,보행자,여,41세,중상
18086,2019110100100202,2019년 11월 1일 09시,금요일,서울특별시 중구 신당동,중상사고,0,1,0,0,차대사람 - 횡단중,안전운전불이행,포장 - 건조,맑음,교차로 - 교차로부근,승합,남,58세,상해없음,보행자,여,86세,중상
18087,2019110100100206,2019년 11월 1일 09시,금요일,서울특별시 강북구 수유동,경상사고,0,0,1,0,차대사람 - 횡단중,안전운전불이행,포장 - 건조,맑음,교차로 - 교차로안,자전거,남,32세,기타불명,보행자,여,56세,경상
18088,2019110100100207,2019년 11월 1일 09시,금요일,서울특별시 광진구 자양동,경상사고,0,0,1,0,차대사람 - 보도통행중,신호위반,포장 - 건조,맑음,교차로 - 교차로부근,승용,여,56세,상해없음,보행자,여,70세,경상
18089,2019110100100209,2019년 11월 1일 09시,금요일,서울특별시 마포구 합정동,중상사고,0,1,0,0,차대사람 - 기타,안전운전불이행,포장 - 건조,맑음,단일로 - 기타,승용,여,36세,상해없음,보행자,여,53세,중상
18090,2019110100100214,2019년 11월 1일 09시,금요일,서울특별시 구로구 고척동,경상사고,0,0,1,0,차대사람 - 기타,안전운전불이행,포장 - 건조,맑음,단일로 - 기타,승합,남,64세,상해없음,보행자,여,63세,경상
18091,2019110100100272,2019년 11월 1일 11시,금요일,서울특별시 동작구 사당동,경상사고,0,0,1,0,차대사람 - 보도통행중,보행자보호의무위반,포장 - 건조,맑음,교차로 - 교차로횡단보도내,승용,남,48세,기타불명,보행자,여,20세,경상
18092,2019110100100273,2019년 11월 1일 11시,금요일,서울특별시 강서구 화곡동,경상사고,0,0,1,0,차대사람 - 길가장자리구역통행중,안전운전불이행,포장 - 건조,기타,기타 - 기타,승용,남,87세,상해없음,보행자,여,72세,경상
18093,2019110100100276,2019년 11월 1일 11시,금요일,서울특별시 구로구 구로동,경상사고,0,0,1,0,차대사람 - 기타,안전운전불이행,포장 - 건조,맑음,단일로 - 기타,자전거,여,35세,상해없음,보행자,여,82세,경상
18094,2019110100100358,2019년 11월 1일 13시,금요일,서울특별시 중랑구 면목동,경상사고,0,0,1,0,차대사람 - 횡단중,안전운전불이행,포장 - 건조,맑음,교차로 - 교차로횡단보도내,승용,여,40세,상해없음,보행자,남,69세,경상
18095,2019110100100396,2019년 11월 1일 14시,금요일,서울특별시 동대문구 답십리동,경상사고,0,0,1,0,차대사람 - 보도통행중,안전운전불이행,포장 - 건조,맑음,기타 - 기타,승용,남,46세,상해없음,보행자,남,52세,경상
18096,2019110100100397,2019년 11월 1일 14시,금요일,서울특별시 금천구 독산동,경상사고,0,0,2,0,차대사람 - 기타,안전운전불이행,포장 - 건조,맑음,단일로 - 기타,승용,남,57세,상해없음,보행자,여,77세,경상
18097,2019110100100398,2019년 11월 1일 14시,금요일,서울특별시 강서구 가양동,중상사고,0,1,0,0,차대사람 - 횡단중,보행자보호의무위반,포장 - 건조,맑음,교차로 - 교차로안,승용,남,61세,상해없음,보행자,남,67세,중상
18098,2019110100100440,2019년 11월 1일 15시,금요일,서울특별시 성동구 송정동,경상사고,0,0,1,0,차대사람 - 보도통행중,기타,포장 - 건조,맑음,단일로 - 기타,승용,남,55세,상해없음,보행자,여,17세,경상
18099,2019110100100441,2019년 11월 1일 15시,금요일,서울특별시 송파구 송파동,중상사고,0,1,0,0,차대사람 - 길가장자리구역통행중,안전운전불이행,포장 - 건조,맑음,교차로 - 교차로안,화물,남,38세,상해없음,보행자,여,69세,중상
18100,2019110100100472,2019년 11월 1일 16시,금요일,서울특별시 강북구 미아동,중상사고,0,1,0,0,차대사람 - 기타,안전운전불이행,포장 - 건조,맑음,단일로 - 기타,승용,여,58세,상해없음,보행자,남,67세,중상
18101,2019110100100473,2019년 11월 1일 16시,금요일,서울특별시 동대문구 제기동,중상사고,0,1,0,0,차대사람 - 기타,안전운전불이행,포장 - 건조,맑음,단일로 - 기타,승합,남,52세,상해없음,보행자,여,86세,중상
18102,2019110100100477,2019년 11월 1일 16시,금요일,서울특별시 구로구 항동,경상사고,0,0,1,0,차대사람 - 횡단중,신호위반,포장 - 건조,맑음,교차로 - 교차로횡단보도내,승용,여,38세,상해없음,보행자,여,30세,경상
18103,2019110100100521,2019년 11월 1일 17시,금요일,서울특별시 동작구 사당동,경상사고,0,0,1,0,차대사람 - 기타,안전운전불이행,포장 - 건조,맑음,단일로 - 기타,승용,여,52세,상해없음,보행자,남,39세,경상
18104,2019110100100523,2019년 11월 1일 17시,금요일,서울특별시 강서구 가양동,중상사고,0,1,0,0,차대사람 - 기타,안전운전불이행,포장 - 기타,맑음,단일로 - 기타,승용,남,68세,기타불명,보행자,남,64세,중상
18105,2019110100100568,2019년 11월 1일 18시,금요일,서울특별시 서대문구 충정로2가,경상사고,0,0,1,0,차대사람 - 기타,안전운전불이행,포장 - 건조,맑음,교차로 - 교차로부근,승용,남,70세,상해없음,보행자,남,40세,경상
18106,2019110100100571,2019년 11월 1일 18시,금요일,서울특별시 송파구 오금동,중상사고,0,1,0,0,차대사람 - 횡단중,보행자보호의무위반,포장 - 건조,맑음,교차로 - 교차로횡단보도내,승합,남,71세,상해없음,보행자,여,59세,중상
18107,2019110100100644,2019년 11월 1일 19시,금요일,서울특별시 마포구 서교동,경상사고,0,0,1,0,차대사람 - 횡단중,신호위반,포장 - 건조,맑음,교차로 - 교차로횡단보도내,승용,남,60세,상해없음,보행자,여,39세,경상
18108,2019110100100648,2019년 11월 1일 19시,금요일,서울특별시 강서구 가양동,경상사고,0,0,1,0,차대사람 - 횡단중,신호위반,포장 - 건조,맑음,교차로 - 교차로안,승용,여,45세,기타불명,보행자,남,13세,경상
18109,2019110100100704,2019년 11월 1일 20시,금요일,서울특별시 금천구 독산동,경상사고,0,0,1,0,차대사람 - 횡단중,안전운전불이행,포장 - 건조,맑음,기타 - 기타,승용,남,34세,상해없음,보행자,남,72세,경상
18110,2019110100100708,2019년 11월 1일 20시,금요일,서울특별시 구로구 구로동,경상사고,0,0,1,0,차대사람 - 기타,안전운전불이행,포장 - 건조,맑음,단일로 - 기타,승용,여,30세,상해없음,보행자,남,34세,경상
18111,2019110100100735,2019년 11월 1일 21시,금요일,서울특별시 서대문구 창천동,경상사고,0,0,1,0,차대사람 - 기타,안전운전불이행,포장 - 건조,맑음,단일로 - 기타,승용,남,37세,상해없음,보행자,남,19세,경상
18112,2019110100100761,2019년 11월 1일 22시,금요일,서울특별시 영등포구 영등포동3가,중상사고,0,1,0,0,차대사람 - 횡단중,안전운전불이행,포장 - 건조,맑음,단일로 - 기타,승용,남,63세,상해없음,보행자,남,70세,중상
18113,2019110100100762,2019년 11월 1일 22시,금요일,서울특별시 금천구 가산동,경상사고,0,0,1,0,차대사람 - 횡단중,신호위반,포장 - 건조,맑음,교차로 - 교차로횡단보도내,이륜,남,16세,상해없음,보행자,여,21세,경상
18114,2019110200100040,2019년 11월 2일 01시,토요일,서울특별시 성동구 성수동1가,중상사고,0,1,0,1,차대사람 - 차도통행중,신호위반,포장 - 건조,맑음,교차로 - 교차로부근,승용,남,69세,상해없음,보행자,남,24세,중상
18115,2019110200100042,2019년 11월 2일 01시,토요일,서울특별시 강남구 논현동,중상사고,0,1,0,0,차대사람 - 기타,안전운전불이행,포장 - 건조,맑음,교차로 - 교차로안,승용,남,47세,상해없음,보행자,남,42세,중상
18116,2019110200100063,2019년 11월 2일 02시,토요일,서울특별시 서초구 방배동,경상사고,0,0,1,0,차대사람 - 기타,안전운전불이행,포장 - 건조,맑음,단일로 - 기타,승용,남,25세,상해없음,보행자,여,24세,경상
18117,2019110200100091,2019년 11월 2일 05시,토요일,서울특별시 관악구 봉천동,경상사고,0,0,1,0,차대사람 - 횡단중,안전운전불이행,포장 - 건조,맑음,단일로 - 기타,승용,남,63세,상해없음,보행자,남,36세,경상
18118,2019110200100109,2019년 11월 2일 06시,토요일,서울특별시 강남구 삼성동,중상사고,0,1,0,0,차대사람 - 기타,안전운전불이행,포장 - 건조,기타,단일로 - 기타,승용,남,61세,상해없음,보행자,여,20세,중상
18119,2019110200100170,2019년 11월 2일 09시,토요일,서울특별시 성북구 정릉동,경상사고,0,0,1,0,차대사람 - 횡단중,안전운전불이행,포장 - 건조,맑음,단일로 - 기타,승용,남,57세,상해없음,보행자,남,21세,경상
18120,2019110200100174,2019년 11월 2일 09시,토요일,서울특별시 송파구 거여동,경상사고,0,0,1,0,차대사람 - 기타,안전운전불이행,포장 - 건조,맑음,단일로 - 기타,화물,남,54세,상해없음,보행자,여,61세,경상
18121,2019110200100203,2019년 11월 2일 10시,토요일,서울특별시 서대문구 창천동,부상신고사고,0,0,0,1,차대사람 - 횡단중,안전운전불이행,포장 - 건조,맑음,단일로 - 기타,화물,남,58세,상해없음,보행자,남,26세,부상신고
18122,2019110200100208,2019년 11월 2일 10시,토요일,서울특별시 구로구 구로동,중상사고,0,1,0,0,차대사람 - 차도통행중,안전운전불이행,포장 - 건조,맑음,교차로 - 교차로부근,자전거,남,54세,상해없음,보행자,여,73세,중상
18123,2019110200100248,2019년 11월 2일 11시,토요일,서울특별시 서대문구 홍제동,사망사고,1,0,0,0,차대사람 - 횡단중,안전운전불이행,포장 - 건조,맑음,단일로 - 기타,승용,남,26세,상해없음,보행자,여,88세,사망
18124,2019110200100300,2019년 11월 2일 12시,토요일,서울특별시 중구 남창동,경상사고,0,0,1,0,차대사람 - 횡단중,보행자보호의무위반,포장 - 건조,맑음,교차로 - 교차로부근,원동기,남,53세,상해없음,보행자,여,66세,경상
18125,2019110200100303,2019년 11월 2일 12시,토요일,서울특별시 강동구 천호동,중상사고,0,1,0,0,차대사람 - 기타,안전운전불이행,포장 - 건조,맑음,단일로 - 기타,승합,남,47세,상해없음,보행자,여,60세,중상
18126,2019110200100304,2019년 11월 2일 12시,토요일,서울특별시 구로구 구로동,경상사고,0,0,1,0,차대사람 - 차도통행중,안전운전불이행,포장 - 건조,맑음,단일로 - 기타,승용,남,40세,상해없음,보행자,여,34세,경상
18127,2019110200100376,2019년 11월 2일 14시,토요일,서울특별시 서대문구 연희동,중상사고,0,1,0,0,차대사람 - 기타,기타,포장 - 건조,맑음,단일로 - 기타,승용,남,42세,상해없음,보행자,여,80세,중상
18128,2019110200100380,2019년 11월 2일 14시,토요일,서울특별시 성동구 성수동1가,경상사고,0,0,1,0,차대사람 - 기타,안전운전불이행,포장 - 건조,맑음,단일로 - 기타,승용,남,55세,상해없음,보행자,남,43세,경상
18129,2019110200100381,2019년 11월 2일 14시,토요일,서울특별시 동작구 노량진동,경상사고,0,0,1,0,차대사람 - 기타,보행자보호의무위반,포장 - 건조,맑음,기타 - 기타,이륜,남,27세,상해없음,보행자,남,38세,경상
18130,2019110200100418,2019년 11월 2일 15시,토요일,서울특별시 용산구 한남동,중상사고,0,1,0,0,차대사람 - 기타,안전운전불이행,포장 - 건조,맑음,단일로 - 기타,승용,여,74세,상해없음,보행자,여,58세,중상
18131,2019110200100424,2019년 11월 2일 15시,토요일,서울특별시 구로구 구로동,중상사고,0,1,0,0,차대사람 - 차도통행중,안전운전불이행,포장 - 건조,맑음,교차로 - 교차로안,화물,남,46세,상해없음,보행자,남,56세,중상
18132,2019110200100426,2019년 11월 2일 15시,토요일,서울특별시 서초구 방배동,중상사고,0,1,0,0,차대사람 - 횡단중,신호위반,포장 - 건조,맑음,교차로 - 교차로횡단보도내,승용,남,40세,상해없음,보행자,남,78세,중상
18133,2019110200100460,2019년 11월 2일 16시,토요일,서울특별시 중구 신당동,중상사고,0,1,0,0,차대사람 - 횡단중,안전운전불이행,포장 - 건조,맑음,교차로 - 교차로안,승용,남,60세,상해없음,보행자,남,68세,중상
18134,2019110200100547,2019년 11월 2일 18시,토요일,서울특별시 강남구 역삼동,중상사고,0,1,0,0,차대사람 - 길가장자리구역통행중,안전운전불이행,포장 - 기타,맑음,교차로 - 교차로안,승용,여,29세,상해없음,보행자,여,22세,중상
18135,2019110200100548,2019년 11월 2일 18시,토요일,서울특별시 강서구 화곡동,경상사고,0,0,1,0,차대사람 - 기타,안전운전불이행,포장 - 건조,맑음,교차로 - 교차로부근,승용,남,52세,상해없음,보행자,남,53세,경상
18136,2019110200100610,2019년 11월 2일 19시,토요일,서울특별시 노원구 상계동,경상사고,0,0,1,0,차대사람 - 기타,안전운전불이행,포장 - 건조,맑음,주차장 - 주차장,승용,남,58세,상해없음,보행자,여,28세,경상
18137,2019110200100611,2019년 11월 2일 19시,토요일,서울특별시 도봉구 방학동,부상신고사고,0,0,0,1,차대사람 - 길가장자리구역통행중,안전운전불이행,포장 - 건조,맑음,교차로 - 교차로안,화물,여,59세,상해없음,보행자,여,17세,부상신고
18138,2019110200100659,2019년 11월 2일 20시,토요일,서울특별시 동작구 상도동,경상사고,0,0,1,0,차대사람 - 기타,안전운전불이행,포장 - 건조,맑음,단일로 - 기타,승합,남,26세,상해없음,보행자,여,73세,경상
18139,2019110200100725,2019년 11월 2일 22시,토요일,서울특별시 영등포구 당산동,경상사고,0,0,2,0,차대사람 - 횡단중,안전운전불이행,포장 - 건조,맑음,단일로 - 기타,자전거,남,16세,경상,보행자,남,51세,경상
18140,2019110200100727,2019년 11월 2일 22시,토요일,서울특별시 동작구 동작동,중상사고,0,1,0,0,차대사람 - 차도통행중,안전운전불이행,포장 - 건조,맑음,단일로 - 기타,승용,남,57세,상해없음,보행자,남,61세,중상
18141,2019110200100743,2019년 11월 2일 23시,토요일,서울특별시 종로구 체부동,경상사고,0,0,1,0,차대사람 - 기타,안전운전불이행,포장 - 건조,맑음,단일로 - 기타,승용,여,49세,상해없음,보행자,남,52세,경상
18142,2019110300100024,2019년 11월 3일 00시,일요일,서울특별시 중구 오장동,중상사고,0,1,0,0,차대사람 - 기타,안전운전불이행,포장 - 건조,맑음,단일로 - 기타,승용,남,65세,상해없음,보행자,남,49세,중상
18143,2019110300100027,2019년 11월 3일 00시,일요일,서울특별시 영등포구 영등포동1가,경상사고,0,0,1,0,차대사람 - 기타,안전운전불이행,포장 - 건조,맑음,단일로 - 기타,승합,남,51세,상해없음,보행자,남,27세,상해없음
18144,2019110300100028,2019년 11월 3일 00시,일요일,서울특별시 강서구 화곡동,경상사고,0,0,1,0,차대사람 - 기타,보행자보호의무위반,포장 - 건조,맑음,단일로 - 기타,이륜,남,40세,기타불명,보행자,여,7세,경상
18145,2019110300100056,2019년 11월 3일 02시,일요일,서울특별시 강북구 미아동,경상사고,0,0,1,0,차대사람 - 기타,안전운전불이행,포장 - 건조,맑음,단일로 - 기타,승용,남,23세,상해없음,보행자,남,13세,경상
18146,2019110300100057,2019년 11월 3일 02시,일요일,서울특별시 송파구 방이동,경상사고,0,0,1,0,차대사람 - 기타,안전운전불이행,포장 - 건조,맑음,단일로 - 기타,승용,남,56세,상해없음,보행자,남,62세,경상
18147,2019110300100058,2019년 11월 3일 02시,일요일,서울특별시 강남구 역삼동,중상사고,0,1,0,0,차대사람 - 보도통행중,보행자보호의무위반,포장 - 건조,맑음,교차로 - 교차로횡단보도내,승용,남,55세,상해없음,보행자,남,60세,중상
18148,2019110300100081,2019년 11월 3일 05시,일요일,서울특별시 영등포구 문래동1가,중상사고,0,1,0,0,차대사람 - 횡단중,신호위반,포장 - 건조,맑음,단일로 - 기타,이륜,남,25세,상해없음,보행자,여,69세,중상
18149,2019110300100082,2019년 11월 3일 05시,일요일,서울특별시 강서구 방화동,중상사고,0,1,0,0,차대사람 - 횡단중,안전운전불이행,포장 - 건조,맑음,교차로 - 교차로횡단보도내,승용,남,63세,상해없음,보행자,여,76세,중상
18150,2019110300100129,2019년 11월 3일 09시,일요일,서울특별시 영등포구 여의도동,중상사고,0,1,0,0,차대사람 - 횡단중,신호위반,포장 - 건조,맑음,단일로 - 기타,승용,남,32세,상해없음,보행자,남,27세,중상
18151,2019110300100196,2019년 11월 3일 12시,일요일,서울특별시 마포구 신수동,경상사고,0,0,1,0,차대사람 - 횡단중,안전운전불이행,포장 - 건조,맑음,교차로 - 교차로부근,승용,남,64세,상해없음,보행자,여,72세,경상
18152,2019110300100197,2019년 11월 3일 12시,일요일,서울특별시 관악구 신림동,경상사고,0,0,1,0,차대사람 - 기타,안전운전불이행,포장 - 건조,맑음,단일로 - 기타,승용,남,63세,상해없음,보행자,남,68세,경상
18153,2019110300100259,2019년 11월 3일 14시,일요일,서울특별시 강서구 염창동,경상사고,0,0,1,0,차대사람 - 보도통행중,기타,포장 - 건조,맑음,교차로 - 교차로부근,화물,남,51세,상해없음,보행자,여,21세,경상
18154,2019110300100332,2019년 11월 3일 16시,일요일,서울특별시 광진구 자양동,경상사고,0,0,1,0,차대사람 - 길가장자리구역통행중,안전운전불이행,포장 - 건조,맑음,단일로 - 기타,승용,남,32세,상해없음,보행자,남,49세,경상
18155,2019110300100362,2019년 11월 3일 17시,일요일,서울특별시 노원구 상계동,경상사고,0,0,1,0,차대사람 - 기타,안전운전불이행,포장 - 건조,흐림,기타 - 기타,승용,여,48세,상해없음,보행자,남,30세,경상
18156,2019110300100363,2019년 11월 3일 17시,일요일,서울특별시 노원구 상계동,경상사고,0,0,1,0,차대사람 - 기타,안전운전불이행,포장 - 건조,맑음,단일로 - 기타,자전거,남,53세,상해없음,보행자,여,57세,경상
18157,2019110300100394,2019년 11월 3일 18시,일요일,서울특별시 종로구 평창동,경상사고,0,0,1,0,차대사람 - 기타,안전운전불이행,포장 - 건조,맑음,기타 - 기타,승용,남,28세,상해없음,보행자,여,27세,경상
18158,2019110300100399,2019년 11월 3일 18시,일요일,서울특별시 관악구 봉천동,중상사고,0,1,0,0,차대사람 - 횡단중,안전운전불이행,포장 - 건조,맑음,교차로 - 교차로횡단보도내,승용,남,68세,상해없음,보행자,여,79세,중상
18159,2019110300100436,2019년 11월 3일 19시,일요일,서울특별시 용산구 신계동,중상사고,0,1,0,0,차대사람 - 횡단중,안전운전불이행,포장 - 건조,맑음,단일로 - 기타,승용,여,36세,상해없음,보행자,여,14세,중상
18160,2019110300100437,2019년 11월 3일 19시,일요일,서울특별시 영등포구 도림동,경상사고,0,0,1,0,차대사람 - 횡단중,보행자보호의무위반,포장 - 건조,맑음,교차로 - 교차로횡단보도내,승용,남,64세,상해없음,보행자,남,14세,경상
18161,2019110300100438,2019년 11월 3일 19시,일요일,서울특별시 구로구 구로동,경상사고,0,0,1,0,차대사람 - 차도통행중,안전운전불이행,포장 - 건조,맑음,교차로 - 교차로부근,승합,남,42세,상해없음,보행자,여,51세,경상
18162,2019110300100475,2019년 11월 3일 20시,일요일,서울특별시 양천구 목동,경상사고,0,0,2,0,차대사람 - 횡단중,보행자보호의무위반,포장 - 건조,맑음,교차로 - 교차로부근,승용,여,62세,경상,보행자,남,16세,경상
18163,2019110300100493,2019년 11월 3일 21시,일요일,서울특별시 동작구 노량진동,경상사고,0,0,1,0,차대사람 - 기타,안전운전불이행,포장 - 건조,맑음,단일로 - 기타,이륜,남,22세,상해없음,보행자,여,23세,경상
18164,2019110300100515,2019년 11월 3일 22시,일요일,서울특별시 강동구 성내동,부상신고사고,0,0,0,1,차대사람 - 기타,안전운전불이행,포장 - 건조,맑음,단일로 - 기타,기타불명,기타불명,미분류,기타불명,보행자,남,27세,부상신고
18165,2019110300100517,2019년 11월 3일 22시,일요일,서울특별시 도봉구 쌍문동,경상사고,0,0,1,0,차대사람 - 보도통행중,기타,포장 - 건조,맑음,단일로 - 기타,승용,여,23세,상해없음,보행자,남,64세,경상
18166,2019110300100518,2019년 11월 3일 22시,일요일,서울특별시 강남구 대치동,경상사고,0,0,1,0,차대사람 - 기타,안전운전불이행,포장 - 건조,맑음,단일로 - 기타,기타불명,기타불명,미분류,기타불명,보행자,여,19세,경상
18167,2019110400100056,2019년 11월 4일 04시,월요일,서울특별시 마포구 연남동,중상사고,0,1,0,0,차대사람 - 횡단중,신호위반,포장 - 건조,맑음,교차로 - 교차로안,자전거,남,58세,상해없음,보행자,여,23세,중상
18168,2019110400100095,2019년 11월 4일 07시,월요일,서울특별시 마포구 합정동,중상사고,0,1,0,0,차대사람 - 기타,안전운전불이행,포장 - 건조,맑음,교차로 - 교차로부근,화물,남,55세,상해없음,보행자,여,80세,중상
18169,2019110400100132,2019년 11월 4일 08시,월요일,서울특별시 구로구 천왕동,중상사고,0,1,0,0,차대사람 - 기타,안전운전불이행,포장 - 건조,맑음,단일로 - 기타,승용,남,35세,상해없음,보행자,여,64세,중상
18170,2019110400100134,2019년 11월 4일 08시,월요일,서울특별시 구로구 구로동,부상신고사고,0,0,0,1,차대사람 - 기타,안전운전불이행,포장 - 건조,맑음,단일로 - 기타,승용,남,81세,상해없음,보행자,남,40세,부상신고
18171,2019110400100188,2019년 11월 4일 09시,월요일,서울특별시 동대문구 용두동,경상사고,0,0,1,0,차대사람 - 횡단중,안전운전불이행,포장 - 건조,맑음,교차로 - 교차로횡단보도내,화물,남,51세,상해없음,보행자,여,77세,경상
18172,2019110400100191,2019년 11월 4일 09시,월요일,서울특별시 영등포구 신길동,경상사고,0,0,1,0,차대사람 - 차도통행중,안전운전불이행,포장 - 건조,맑음,단일로 - 기타,승합,남,56세,상해없음,보행자,여,20세,경상
18173,2019110400100194,2019년 11월 4일 09시,월요일,서울특별시 송파구 가락동,경상사고,0,0,1,0,차대사람 - 횡단중,안전운전불이행,포장 - 건조,맑음,단일로 - 기타,승용,여,63세,상해없음,보행자,여,58세,경상
18174,2019110400100196,2019년 11월 4일 09시,월요일,서울특별시 서초구 서초동,중상사고,0,1,0,0,차대사람 - 차도통행중,신호위반,포장 - 건조,맑음,단일로 - 기타,이륜,남,58세,상해없음,보행자,여,52세,중상
18175,2019110400100238,2019년 11월 4일 10시,월요일,서울특별시 구로구 개봉동,부상신고사고,0,0,0,1,차대사람 - 기타,안전운전불이행,포장 - 건조,맑음,단일로 - 기타,승용,남,28세,상해없음,보행자,여,57세,부상신고
18176,2019110400100306,2019년 11월 4일 12시,월요일,서울특별시 성북구 장위동,중상사고,0,1,0,0,차대사람 - 차도통행중,안전운전불이행,포장 - 건조,맑음,교차로 - 교차로부근,승용,남,31세,기타불명,보행자,여,59세,중상
18177,2019110400100307,2019년 11월 4일 12시,월요일,서울특별시 서초구 서초동,경상사고,0,0,1,0,차대사람 - 보도통행중,안전운전불이행,포장 - 건조,맑음,단일로 - 기타,승용,남,45세,상해없음,보행자,여,45세,경상
18178,2019110400100344,2019년 11월 4일 13시,월요일,서울특별시 관악구 신림동,중상사고,0,1,0,0,차대사람 - 기타,안전운전불이행,포장 - 건조,맑음,단일로 - 기타,승합,남,59세,상해없음,보행자,여,73세,중상
18179,2019110400100345,2019년 11월 4일 13시,월요일,서울특별시 강남구 청담동,경상사고,0,0,1,0,차대사람 - 횡단중,신호위반,포장 - 건조,맑음,단일로 - 기타,승용,남,63세,상해없음,보행자,남,27세,경상
18180,2019110400100388,2019년 11월 4일 14시,월요일,서울특별시 성동구 옥수동,중상사고,0,1,0,0,차대사람 - 차도통행중,안전운전불이행,포장 - 건조,맑음,교차로 - 교차로안,승용,남,70세,상해없음,보행자,여,79세,중상
18181,2019110400100392,2019년 11월 4일 14시,월요일,서울특별시 서초구 방배동,중상사고,0,1,0,0,차대사람 - 차도통행중,기타,포장 - 건조,맑음,단일로 - 지하차도(도로)내,승용,여,36세,상해없음,보행자,여,50세,중상
18182,2019110400100428,2019년 11월 4일 15시,월요일,서울특별시 서대문구 홍제동,경상사고,0,0,1,0,차대사람 - 기타,안전운전불이행,포장 - 건조,맑음,교차로 - 교차로안,승용,여,66세,상해없음,보행자,남,58세,경상
18183,2019110400100429,2019년 11월 4일 15시,월요일,서울특별시 동대문구 장안동,경상사고,0,0,1,0,차대사람 - 기타,안전운전불이행,포장 - 건조,맑음,단일로 - 기타,승용,남,60세,상해없음,보행자,남,48세,경상
18184,2019110400100431,2019년 11월 4일 15시,월요일,서울특별시 관악구 신림동,경상사고,0,0,1,0,차대사람 - 차도통행중,안전운전불이행,포장 - 건조,맑음,단일로 - 기타,승용,남,63세,상해없음,보행자,남,76세,경상
18185,2019110400100432,2019년 11월 4일 15시,월요일,서울특별시 양천구 목동,경상사고,0,0,1,0,차대사람 - 길가장자리구역통행중,안전운전불이행,포장 - 건조,맑음,단일로 - 기타,승용,남,59세,상해없음,보행자,여,22세,경상
18186,2019110400100433,2019년 11월 4일 15시,월요일,서울특별시 노원구 상계동,중상사고,0,1,0,0,차대사람 - 횡단중,보행자보호의무위반,포장 - 건조,맑음,교차로 - 교차로횡단보도내,승용,여,42세,상해없음,보행자,여,26세,중상
18187,2019110400100434,2019년 11월 4일 15시,월요일,서울특별시 노원구 월계동,경상사고,0,0,1,0,차대사람 - 횡단중,보행자보호의무위반,포장 - 건조,맑음,교차로 - 교차로횡단보도내,승용,여,34세,상해없음,보행자,남,69세,경상
18188,2019110400100435,2019년 11월 4일 15시,월요일,서울특별시 강남구 대치동,경상사고,0,0,1,0,차대사람 - 기타,안전운전불이행,포장 - 건조,맑음,단일로 - 기타,승용,여,71세,상해없음,보행자,여,15세,경상
18189,2019110400100484,2019년 11월 4일 16시,월요일,서울특별시 영등포구 신길동,경상사고,0,0,1,0,차대사람 - 보도통행중,기타,포장 - 건조,맑음,단일로 - 터널,자전거,남,66세,상해없음,보행자,여,28세,경상
18190,2019110400100486,2019년 11월 4일 16시,월요일,서울특별시 중랑구 묵동,경상사고,0,0,1,0,차대사람 - 기타,신호위반,포장 - 건조,맑음,기타 - 기타,이륜,남,18세,상해없음,보행자,여,7세,경상
18191,2019110400100488,2019년 11월 4일 16시,월요일,서울특별시 송파구 신천동,경상사고,0,0,1,0,차대사람 - 보도통행중,안전운전불이행,포장 - 건조,맑음,단일로 - 기타,원동기,남,31세,상해없음,보행자,여,27세,경상
18192,2019110400100531,2019년 11월 4일 17시,월요일,서울특별시 은평구 녹번동,중상사고,0,1,0,0,차대사람 - 횡단중,안전운전불이행,포장 - 건조,맑음,교차로 - 교차로부근,기타불명,기타불명,미분류,기타불명,보행자,여,57세,중상
18193,2019110400100535,2019년 11월 4일 17시,월요일,서울특별시 금천구 시흥동,중상사고,0,1,0,0,차대사람 - 횡단중,보행자보호의무위반,포장 - 건조,맑음,교차로 - 교차로안,승용,여,38세,상해없음,보행자,여,76세,중상
18194,2019110400100588,2019년 11월 4일 18시,월요일,서울특별시 성동구 성수동2가,경상사고,0,0,1,0,차대사람 - 차도통행중,안전운전불이행,포장 - 건조,맑음,단일로 - 기타,승용,남,69세,상해없음,보행자,남,62세,경상
18195,2019110400100590,2019년 11월 4일 18시,월요일,서울특별시 관악구 신림동,중상사고,0,1,0,0,차대사람 - 기타,안전운전불이행,포장 - 건조,맑음,단일로 - 기타,승용,여,27세,상해없음,보행자,남,73세,중상
18196,2019110400100593,2019년 11월 4일 18시,월요일,서울특별시 강남구 대치동,중상사고,0,1,0,0,차대사람 - 기타,안전운전불이행,포장 - 건조,맑음,교차로 - 교차로안,승용,여,63세,상해없음,보행자,여,43세,중상