,사고번호,사고일시,요일,시군구,사고내용,사망자수,중상자수,경상자수,부상신고자수,사고유형,법규위반,노면상태,기상상태,도로형태,가해운전자 차종,가해운전자 성별,가해운전자 연령,가해운전자 상해정도,피해운전자 차종,피해운전자 성별,피해운전자 연령,피해운전자 상해정도
18310,2019110800100679,2019년 11월 8일 19시,금요일,서울특별시 양천구 목동,경상사고,0,0,1,0,차대사람 - 길가장자리구역통행중,안전운전불이행,포장 - 건조,맑음,단일로 - 기타,기타불명,기타불명,미분류,기타불명,보행자,남,21세,경상
18311,2019110800100729,2019년 11월 8일 20시,금요일,서울특별시 양천구 목동,중상사고,0,1,0,0,차대사람 - 횡단중,보행자보호의무위반,포장 - 건조,맑음,단일로 - 기타,승용,남,55세,상해없음,보행자,여,59세,중상
18312,2019110800100730,2019년 11월 8일 20시,금요일,서울특별시 양천구 목동,경상사고,0,0,1,0,차대사람 - 횡단중,신호위반,포장 - 건조,맑음,교차로 - 교차로횡단보도내,이륜,남,24세,상해없음,보행자,남,27세,경상
18313,2019110800100756,2019년 11월 8일 21시,금요일,서울특별시 광진구 화양동,경상사고,0,0,1,0,차대사람 - 기타,기타,포장 - 건조,맑음,단일로 - 기타,개인형이동수단(PM),남,30세,기타불명,보행자,여,22세,경상
18314,2019110800100804,2019년 11월 8일 22시,금요일,서울특별시 중랑구 면목동,중상사고,0,1,0,0,차대사람 - 기타,안전운전불이행,포장 - 건조,맑음,교차로 - 교차로안,승용,남,66세,상해없음,보행자,남,62세,중상
18315,2019110800100806,2019년 11월 8일 22시,금요일,서울특별시 성북구 석관동,경상사고,0,0,1,0,차대사람 - 횡단중,보행자보호의무위반,포장 - 건조,맑음,교차로 - 교차로안,승용,여,64세,상해없음,보행자,여,72세,경상
18316,2019110800100807,2019년 11월 8일 22시,금요일,서울특별시 강남구 자곡동,경상사고,0,0,1,0,차대사람 - 횡단중,안전운전불이행,포장 - 기타,맑음,교차로 - 교차로안,승용,남,60세,기타불명,보행자,여,67세,경상
18317,2019110800100829,2019년 11월 8일 23시,금요일,서울특별시 중구 을지로7가,부상신고사고,0,0,0,1,차대사람 - 횡단중,안전운전불이행,포장 - 건조,맑음,교차로 - 교차로부근,승용,여,69세,상해없음,보행자,남,26세,부상신고
18318,2019110800100832,2019년 11월 8일 23시,금요일,서울특별시 강남구 역삼동,부상신고사고,0,0,0,1,차대사람 - 기타,안전운전불이행,포장 - 건조,맑음,단일로 - 기타,승합,남,50세,상해없음,보행자,남,56세,부상신고
18319,2019110900100020,2019년 11월 9일 00시,토요일,서울특별시 강북구 수유동,경상사고,0,0,1,0,차대사람 - 차도통행중,안전운전불이행,포장 - 건조,맑음,단일로 - 기타,승용,남,62세,상해없음,보행자,남,31세,경상
18320,2019110900100021,2019년 11월 9일 00시,토요일,서울특별시 마포구 동교동,경상사고,0,0,1,0,차대사람 - 기타,안전운전불이행,포장 - 건조,흐림,단일로 - 기타,승용,남,51세,상해없음,보행자,남,24세,경상
18321,2019110900100027,2019년 11월 9일 00시,토요일,서울특별시 노원구 상계동,중상사고,0,1,0,0,차대사람 - 횡단중,과속,포장 - 건조,맑음,교차로 - 교차로횡단보도내,승용,남,45세,상해없음,보행자,여,42세,중상
18322,2019110900100043,2019년 11월 9일 01시,토요일,서울특별시 마포구 서교동,부상신고사고,0,0,0,1,차대사람 - 보도통행중,안전운전불이행,포장 - 건조,맑음,단일로 - 기타,승용,남,24세,상해없음,보행자,남,24세,부상신고
18323,2019110900100044,2019년 11월 9일 01시,토요일,서울특별시 중랑구 면목동,중상사고,0,1,0,1,차대사람 - 횡단중,안전운전불이행,포장 - 건조,맑음,교차로 - 교차로안,승용,남,63세,부상신고,보행자,남,55세,중상
18324,2019110900100045,2019년 11월 9일 01시,토요일,서울특별시 강남구 청담동,경상사고,0,0,1,0,차대사람 - 기타,안전운전불이행,포장 - 건조,맑음,교차로 - 교차로횡단보도내,승용,남,61세,상해없음,보행자,남,33세,경상
18325,2019110900100060,2019년 11월 9일 02시,토요일,서울특별시 강서구 화곡동,중상사고,0,1,0,0,차대사람 - 차도통행중,안전운전불이행,포장 - 건조,흐림,단일로 - 기타,승용,남,67세,상해없음,보행자,여,20세,중상
18326,2019110900100085,2019년 11월 9일 04시,토요일,서울특별시 성북구 삼선동4가,중상사고,0,1,0,0,차대사람 - 기타,안전운전불이행,포장 - 건조,맑음,교차로 - 교차로부근,승용,여,38세,상해없음,보행자,남,28세,중상
18327,2019110900100125,2019년 11월 9일 07시,토요일,서울특별시 서초구 서초동,경상사고,0,0,1,0,차대사람 - 기타,신호위반,포장 - 건조,맑음,단일로 - 기타,승용,남,19세,상해없음,보행자,여,29세,경상
18328,2019110900100135,2019년 11월 9일 08시,토요일,서울특별시 강남구 논현동,경상사고,0,0,1,0,차대사람 - 횡단중,안전운전불이행,포장 - 건조,맑음,교차로 - 교차로안,승용,남,72세,기타불명,보행자,남,40세,경상
18329,2019110900100209,2019년 11월 9일 10시,토요일,서울특별시 관악구 봉천동,사망사고,1,0,0,0,차대사람 - 횡단중,안전운전불이행,포장 - 건조,맑음,교차로 - 교차로부근,건설기계,남,54세,상해없음,보행자,여,85세,사망
18330,2019110900100214,2019년 11월 9일 10시,토요일,서울특별시 구로구 구로동,경상사고,0,0,1,0,차대사람 - 기타,기타,포장 - 건조,맑음,단일로 - 기타,승합,남,55세,상해없음,보행자,남,79세,경상
18331,2019110900100244,2019년 11월 9일 11시,토요일,서울특별시 강남구 대치동,경상사고,0,0,1,0,차대사람 - 기타,안전운전불이행,포장 - 건조,맑음,단일로 - 기타,이륜,남,30세,상해없음,보행자,여,32세,경상
18332,2019110900100345,2019년 11월 9일 13시,토요일,서울특별시 서초구 서초동,중상사고,0,1,0,0,차대사람 - 횡단중,안전운전불이행,포장 - 건조,맑음,교차로 - 교차로부근,승용,여,35세,상해없음,보행자,남,62세,중상
18333,2019110900100347,2019년 11월 9일 13시,토요일,서울특별시 강남구 자곡동,부상신고사고,0,0,0,1,차대사람 - 기타,안전운전불이행,포장 - 건조,맑음,단일로 - 기타,자전거,남,42세,상해없음,보행자,남,12세,부상신고
18334,2019110900100390,2019년 11월 9일 14시,토요일,서울특별시 도봉구 창동,중상사고,0,1,0,0,차대사람 - 횡단중,안전운전불이행,포장 - 기타,맑음,기타 - 기타,승합,남,61세,상해없음,보행자,남,71세,중상
18335,2019110900100437,2019년 11월 9일 15시,토요일,서울특별시 마포구 상수동,중상사고,0,1,0,0,차대사람 - 기타,안전운전불이행,포장 - 젖음/습기,맑음,교차로 - 교차로부근,이륜,남,57세,상해없음,보행자,여,73세,중상
18336,2019110900100438,2019년 11월 9일 15시,토요일,서울특별시 영등포구 영등포동4가,중상사고,0,1,0,0,차대사람 - 보도통행중,안전운전불이행,포장 - 건조,맑음,단일로 - 기타,승용,남,31세,상해없음,보행자,여,68세,중상
18337,2019110900100441,2019년 11월 9일 15시,토요일,서울특별시 성동구 행당동,경상사고,0,0,1,0,차대사람 - 기타,안전운전불이행,포장 - 건조,맑음,단일로 - 기타,기타불명,기타불명,미분류,기타불명,보행자,여,13세,경상
18338,2019110900100442,2019년 11월 9일 15시,토요일,서울특별시 중랑구 묵동,중상사고,0,1,0,0,차대사람 - 보도통행중,보행자보호의무위반,포장 - 건조,맑음,교차로 - 교차로안,승용,여,60세,상해없음,보행자,여,56세,중상
18339,2019110900100444,2019년 11월 9일 15시,토요일,서울특별시 양천구 목동,중상사고,0,1,0,0,차대사람 - 기타,안전운전불이행,포장 - 건조,맑음,단일로 - 기타,승용,남,59세,상해없음,보행자,여,77세,중상
18340,2019110900100517,2019년 11월 9일 17시,토요일,서울특별시 성북구 안암동5가,중상사고,0,1,0,0,차대사람 - 차도통행중,안전운전불이행,포장 - 건조,맑음,단일로 - 기타,승용,남,54세,상해없음,보행자,남,76세,중상
18341,2019110900100519,2019년 11월 9일 17시,토요일,서울특별시 양천구 신월동,중상사고,0,1,0,0,차대사람 - 기타,안전운전불이행,포장 - 건조,맑음,기타 - 기타,승용,남,49세,기타불명,보행자,남,65세,중상
18342,2019110900100682,2019년 11월 9일 21시,토요일,서울특별시 중랑구 면목동,경상사고,0,0,1,0,차대사람 - 기타,안전운전불이행,포장 - 건조,맑음,단일로 - 기타,승용,남,39세,상해없음,보행자,남,65세,경상
18343,2019110900100706,2019년 11월 9일 22시,토요일,서울특별시 서대문구 홍제동,중상사고,0,1,0,0,차대사람 - 횡단중,안전운전불이행,포장 - 건조,맑음,단일로 - 기타,승용,남,35세,상해없음,보행자,남,61세,중상
18344,2019110900100708,2019년 11월 9일 22시,토요일,서울특별시 강서구 공항동,경상사고,0,0,1,0,차대사람 - 기타,안전운전불이행,포장 - 기타,흐림,단일로 - 기타,승용,남,43세,기타불명,보행자,남,49세,경상
18345,2019110900100725,2019년 11월 9일 23시,토요일,서울특별시 광진구 군자동,중상사고,0,1,0,0,차대사람 - 차도통행중,안전운전불이행,포장 - 건조,맑음,단일로 - 기타,승용,남,62세,상해없음,보행자,남,25세,중상
18346,2019111000100026,2019년 11월 10일 00시,일요일,서울특별시 서초구 서초동,경상사고,0,0,1,0,차대사람 - 차도통행중,안전운전불이행,포장 - 건조,맑음,단일로 - 기타,승용,남,59세,상해없음,보행자,남,27세,경상
18347,2019111000100027,2019년 11월 10일 00시,일요일,서울특별시 서초구 반포동,중상사고,0,2,0,0,차대사람 - 길가장자리구역통행중,안전운전불이행,포장 - 건조,맑음,단일로 - 고가도로위,이륜,남,45세,상해없음,보행자,남,38세,중상
18348,2019111000100041,2019년 11월 10일 01시,일요일,서울특별시 동대문구 휘경동,중상사고,0,1,0,0,차대사람 - 기타,안전운전불이행,포장 - 건조,맑음,단일로 - 기타,승용,남,54세,상해없음,보행자,남,56세,중상
18349,2019111000100057,2019년 11월 10일 02시,일요일,서울특별시 영등포구 대림동,경상사고,0,0,1,0,차대사람 - 횡단중,안전운전불이행,포장 - 건조,맑음,단일로 - 기타,승용,남,58세,상해없음,보행자,여,27세,경상
18350,2019111000100058,2019년 11월 10일 02시,일요일,서울특별시 서초구 잠원동,경상사고,0,0,1,0,차대사람 - 기타,안전운전불이행,포장 - 건조,기타,단일로 - 기타,기타불명,기타불명,미분류,기타불명,보행자,여,65세,경상
18351,2019111000100070,2019년 11월 10일 03시,일요일,서울특별시 중랑구 망우동,경상사고,0,0,1,0,차대사람 - 횡단중,안전운전불이행,포장 - 건조,맑음,교차로 - 교차로안,승합,남,59세,상해없음,보행자,남,55세,경상
18352,2019111000100093,2019년 11월 10일 05시,일요일,서울특별시 송파구 잠실동,경상사고,0,0,1,0,차대사람 - 기타,안전운전불이행,포장 - 건조,맑음,기타 - 기타,승용,남,60세,상해없음,보행자,남,28세,경상
18353,2019111000100094,2019년 11월 10일 05시,일요일,서울특별시 서초구 서초동,경상사고,0,0,1,0,차대사람 - 기타,안전운전불이행,포장 - 건조,맑음,단일로 - 기타,승용,남,24세,상해없음,보행자,남,22세,경상
18354,2019111000100111,2019년 11월 10일 07시,일요일,서울특별시 동작구 대방동,경상사고,0,0,1,1,차대사람 - 기타,안전운전불이행,포장 - 건조,흐림,단일로 - 기타,이륜,남,21세,부상신고,보행자,여,71세,경상
18355,2019111000100161,2019년 11월 10일 10시,일요일,서울특별시 광진구 구의동,중상사고,0,1,0,0,차대사람 - 기타,안전운전불이행,포장 - 건조,맑음,단일로 - 기타,승용,여,55세,상해없음,보행자,남,39세,중상
18356,2019111000100162,2019년 11월 10일 10시,일요일,서울특별시 마포구 망원동,경상사고,0,0,1,0,차대사람 - 기타,안전운전불이행,포장 - 건조,맑음,단일로 - 기타,승용,남,74세,상해없음,보행자,여,69세,경상
18357,2019111000100229,2019년 11월 10일 13시,일요일,서울특별시 영등포구 여의도동,경상사고,0,0,1,0,차대사람 - 횡단중,안전운전불이행,포장 - 건조,맑음,단일로 - 기타,승합,남,58세,상해없음,보행자,여,77세,경상
18358,2019111000100231,2019년 11월 10일 13시,일요일,서울특별시 구로구 천왕동,경상사고,0,0,1,0,차대사람 - 횡단중,신호위반,포장 - 건조,맑음,단일로 - 기타,승합,남,72세,상해없음,보행자,남,6세,경상
18359,2019111000100261,2019년 11월 10일 14시,일요일,서울특별시 은평구 갈현동,경상사고,0,0,1,0,차대사람 - 기타,안전운전불이행,포장 - 건조,맑음,단일로 - 기타,승용,남,63세,상해없음,보행자,여,43세,경상
18360,2019111000100321,2019년 11월 10일 16시,일요일,서울특별시 구로구 구로동,경상사고,0,0,1,0,차대사람 - 보도통행중,안전운전불이행,포장 - 건조,맑음,교차로 - 교차로부근,승용,남,36세,상해없음,보행자,여,50세,경상
18361,2019111000100383,2019년 11월 10일 18시,일요일,서울특별시 광진구 구의동,경상사고,0,0,1,0,차대사람 - 기타,안전운전불이행,포장 - 젖음/습기,흐림,교차로 - 교차로안,승용,남,75세,상해없음,보행자,남,56세,경상
18362,2019111000100384,2019년 11월 10일 18시,일요일,서울특별시 마포구 성산동,경상사고,0,0,1,0,차대사람 - 기타,신호위반,포장 - 젖음/습기,비,단일로 - 기타,기타불명,기타불명,미분류,기타불명,보행자,남,36세,경상
18363,2019111000100385,2019년 11월 10일 18시,일요일,서울특별시 마포구 합정동,경상사고,0,0,1,0,차대사람 - 횡단중,보행자보호의무위반,포장 - 젖음/습기,비,교차로 - 교차로횡단보도내,기타불명,기타불명,미분류,기타불명,보행자,남,26세,경상
18364,2019111000100387,2019년 11월 10일 18시,일요일,서울특별시 관악구 봉천동,경상사고,0,0,1,0,차대사람 - 기타,안전운전불이행,포장 - 건조,맑음,단일로 - 기타,승용,남,70세,상해없음,보행자,여,24세,경상
18365,2019111000100391,2019년 11월 10일 18시,일요일,서울특별시 은평구 역촌동,경상사고,0,0,1,0,차대사람 - 기타,안전운전불이행,포장 - 젖음/습기,맑음,단일로 - 기타,이륜,남,45세,상해없음,보행자,남,76세,경상
18366,2019111000100441,2019년 11월 10일 19시,일요일,서울특별시 마포구 성산동,중상사고,0,1,0,0,차대사람 - 차도통행중,안전운전불이행,포장 - 젖음/습기,비,단일로 - 기타,승용,남,31세,상해없음,보행자,여,60세,중상
18367,2019111000100443,2019년 11월 10일 19시,일요일,서울특별시 영등포구 신길동,경상사고,0,0,1,0,차대사람 - 차도통행중,기타,포장 - 건조,맑음,교차로 - 교차로부근,승용,남,37세,상해없음,보행자,여,29세,경상
18368,2019111000100445,2019년 11월 10일 19시,일요일,서울특별시 동작구 흑석동,부상신고사고,0,0,0,1,차대사람 - 횡단중,안전운전불이행,포장 - 젖음/습기,비,교차로 - 교차로안,화물,남,78세,상해없음,보행자,남,45세,부상신고
18369,2019111000100446,2019년 11월 10일 19시,일요일,서울특별시 중랑구 상봉동,경상사고,0,0,1,0,차대사람 - 횡단중,보행자보호의무위반,포장 - 젖음/습기,비,단일로 - 기타,화물,남,43세,상해없음,보행자,여,27세,경상
18370,2019111000100451,2019년 11월 10일 19시,일요일,서울특별시 서초구 서초동,중상사고,0,1,1,0,차대사람 - 기타,안전운전불이행,포장 - 젖음/습기,비,기타 - 기타,승용,남,48세,상해없음,보행자,여,75세,중상
18371,2019111000100453,2019년 11월 10일 19시,일요일,서울특별시 노원구 상계동,경상사고,0,0,2,0,차대사람 - 길가장자리구역통행중,안전운전불이행,포장 - 젖음/습기,비,교차로 - 교차로부근,승용,남,53세,상해없음,보행자,남,64세,경상
18372,2019111000100516,2019년 11월 10일 20시,일요일,서울특별시 강북구 수유동,경상사고,0,0,1,0,차대사람 - 횡단중,신호위반,포장 - 젖음/습기,비,단일로 - 기타,승용,남,28세,상해없음,보행자,여,25세,경상
18373,2019111000100517,2019년 11월 10일 20시,일요일,서울특별시 중랑구 면목동,중상사고,0,1,0,0,차대사람 - 횡단중,안전운전불이행,포장 - 젖음/습기,비,단일로 - 기타,승용,남,73세,상해없음,보행자,여,72세,중상
18374,2019111000100522,2019년 11월 10일 20시,일요일,서울특별시 은평구 대조동,중상사고,0,1,0,0,차대사람 - 횡단중,안전운전불이행,포장 - 젖음/습기,비,단일로 - 기타,승용,여,55세,상해없음,보행자,남,59세,중상
18375,2019111000100523,2019년 11월 10일 20시,일요일,서울특별시 강남구 수서동,경상사고,0,0,1,0,차대사람 - 횡단중,보행자보호의무위반,포장 - 젖음/습기,비,교차로 - 교차로안,승용,남,49세,상해없음,보행자,여,68세,경상
18376,2019111000100565,2019년 11월 10일 21시,일요일,서울특별시 양천구 신월동,부상신고사고,0,0,0,1,차대사람 - 횡단중,안전운전불이행,포장 - 젖음/습기,비,교차로 - 교차로횡단보도내,승용,남,51세,상해없음,보행자,남,53세,부상신고
18377,2019111000100566,2019년 11월 10일 21시,일요일,서울특별시 은평구 구산동,부상신고사고,0,0,0,1,차대사람 - 기타,중앙선침범,포장 - 젖음/습기,비,교차로 - 교차로횡단보도내,이륜,남,35세,상해없음,보행자,여,64세,부상신고
18378,2019111000100600,2019년 11월 10일 22시,일요일,서울특별시 광진구 중곡동,경상사고,0,0,1,0,차대사람 - 횡단중,안전운전불이행,포장 - 젖음/습기,흐림,단일로 - 기타,화물,남,49세,상해없음,보행자,남,53세,경상
18379,2019111000100630,2019년 11월 10일 23시,일요일,서울특별시 강서구 개화동,중상사고,0,1,0,0,차대사람 - 횡단중,보행자보호의무위반,포장 - 젖음/습기,비,단일로 - 기타,승용,남,28세,상해없음,보행자,남,65세,중상
18380,2019111100100033,2019년 11월 11일 00시,월요일,서울특별시 서초구 잠원동,중상사고,0,1,0,0,차대사람 - 기타,안전운전불이행,포장 - 젖음/습기,흐림,단일로 - 기타,화물,남,59세,상해없음,보행자,남,28세,중상
18381,2019111100100044,2019년 11월 11일 01시,월요일,서울특별시 서대문구 창천동,경상사고,0,0,1,0,차대사람 - 기타,안전운전불이행,포장 - 젖음/습기,흐림,단일로 - 기타,승용,남,22세,상해없음,보행자,남,27세,경상
18382,2019111100100053,2019년 11월 11일 02시,월요일,서울특별시 강서구 화곡동,경상사고,0,0,1,0,차대사람 - 보도통행중,보행자보호의무위반,포장 - 젖음/습기,비,단일로 - 기타,승용,남,51세,상해없음,보행자,여,40세,경상
18383,2019111100100068,2019년 11월 11일 05시,월요일,서울특별시 노원구 월계동,중상사고,0,1,0,0,차대사람 - 기타,신호위반,포장 - 건조,맑음,교차로 - 교차로횡단보도내,승용,남,71세,상해없음,보행자,남,69세,중상
18384,2019111100100104,2019년 11월 11일 07시,월요일,서울특별시 마포구 동교동,경상사고,0,0,1,0,차대사람 - 기타,안전운전불이행,포장 - 건조,맑음,기타 - 기타,자전거,기타불명,미분류,기타불명,보행자,여,27세,경상
18385,2019111100100105,2019년 11월 11일 07시,월요일,서울특별시 금천구 시흥동,중상사고,0,1,0,0,차대사람 - 보도통행중,기타,포장 - 건조,맑음,단일로 - 기타,승용,여,54세,상해없음,보행자,남,23세,중상
18386,2019111100100106,2019년 11월 11일 07시,월요일,서울특별시 강남구 역삼동,경상사고,0,0,1,0,차대사람 - 횡단중,보행자보호의무위반,포장 - 젖음/습기,비,교차로 - 교차로횡단보도내,승용,여,46세,기타불명,보행자,여,22세,경상
18387,2019111100100108,2019년 11월 11일 07시,월요일,서울특별시 구로구 구로동,중상사고,0,1,0,0,차대사람 - 차도통행중,안전운전불이행,포장 - 건조,맑음,교차로 - 교차로안,화물,남,32세,기타불명,보행자,남,46세,중상
18388,2019111100100138,2019년 11월 11일 08시,월요일,서울특별시 종로구 연건동,부상신고사고,0,0,0,1,차대사람 - 횡단중,안전운전불이행,포장 - 젖음/습기,흐림,교차로 - 교차로횡단보도내,기타불명,기타불명,미분류,기타불명,보행자,남,26세,부상신고
18389,2019111100100231,2019년 11월 11일 10시,월요일,서울특별시 서초구 반포동,경상사고,0,0,1,0,차대사람 - 횡단중,보행자보호의무위반,포장 - 젖음/습기,흐림,단일로 - 기타,승용,남,70세,상해없음,보행자,여,3세,경상
18390,2019111100100276,2019년 11월 11일 11시,월요일,서울특별시 중구 예관동,경상사고,0,0,1,0,차대사람 - 횡단중,중앙선침범,포장 - 건조,맑음,단일로 - 기타,이륜,남,51세,상해없음,보행자,여,50세,경상
18391,2019111100100311,2019년 11월 11일 12시,월요일,서울특별시 서대문구 창천동,경상사고,0,0,1,0,차대사람 - 횡단중,보행자보호의무위반,포장 - 기타,맑음,기타 - 기타,이륜,남,65세,상해없음,보행자,남,31세,경상
18392,2019111100100315,2019년 11월 11일 12시,월요일,서울특별시 강남구 역삼동,경상사고,0,0,1,0,차대사람 - 기타,안전운전불이행,포장 - 건조,맑음,단일로 - 기타,승용,남,29세,상해없음,보행자,남,27세,경상
18393,2019111100100354,2019년 11월 11일 13시,월요일,서울특별시 성동구 금호동3가,중상사고,0,1,0,0,차대사람 - 차도통행중,안전운전불이행,포장 - 건조,맑음,단일로 - 기타,승용,여,36세,상해없음,보행자,남,58세,중상
18394,2019111100100392,2019년 11월 11일 14시,월요일,서울특별시 종로구 장사동,중상사고,0,1,0,0,차대사람 - 기타,보행자보호의무위반,포장 - 건조,맑음,단일로 - 기타,건설기계,남,52세,상해없음,보행자,남,73세,중상
18395,2019111100100394,2019년 11월 11일 14시,월요일,서울특별시 동작구 사당동,부상신고사고,0,0,0,1,차대사람 - 길가장자리구역통행중,안전운전불이행,포장 - 건조,맑음,단일로 - 기타,화물,남,67세,상해없음,보행자,남,38세,부상신고
18396,2019111100100397,2019년 11월 11일 14시,월요일,서울특별시 송파구 풍납동,중상사고,0,1,0,0,차대사람 - 횡단중,안전운전불이행,포장 - 건조,맑음,단일로 - 기타,승용,남,48세,상해없음,보행자,여,66세,중상
18397,2019111100100431,2019년 11월 11일 15시,월요일,서울특별시 중랑구 면목동,경상사고,0,0,1,0,차대사람 - 기타,안전운전불이행,포장 - 건조,맑음,단일로 - 기타,승용,남,50세,상해없음,보행자,여,48세,경상
18398,2019111100100432,2019년 11월 11일 15시,월요일,서울특별시 강동구 천호동,경상사고,0,0,1,0,차대사람 - 횡단중,기타,포장 - 건조,맑음,단일로 - 기타,승용,남,52세,기타불명,보행자,남,7세,경상
18399,2019111100100433,2019년 11월 11일 15시,월요일,서울특별시 양천구 목동,경상사고,0,0,1,0,차대사람 - 기타,안전운전불이행,포장 - 건조,맑음,단일로 - 기타,승용,여,54세,상해없음,보행자,여,57세,경상
18400,2019111100100470,2019년 11월 11일 16시,월요일,서울특별시 동대문구 이문동,경상사고,0,0,1,0,차대사람 - 기타,안전운전불이행,포장 - 건조,맑음,기타 - 기타,자전거,남,9세,상해없음,보행자,남,78세,경상
18401,2019111100100475,2019년 11월 11일 16시,월요일,서울특별시 서초구 반포동,경상사고,0,0,1,0,차대사람 - 횡단중,신호위반,포장 - 건조,맑음,단일로 - 기타,승용,남,64세,상해없음,보행자,남,33세,경상
18402,2019111100100517,2019년 11월 11일 17시,월요일,서울특별시 성북구 상월곡동,중상사고,0,1,0,0,차대사람 - 횡단중,보행자보호의무위반,포장 - 건조,흐림,교차로 - 교차로안,승용,여,34세,상해없음,보행자,남,85세,중상
18403,2019111100100518,2019년 11월 11일 17시,월요일,서울특별시 금천구 가산동,중상사고,0,1,0,0,차대사람 - 횡단중,안전운전불이행,포장 - 건조,맑음,교차로 - 교차로안,화물,남,66세,기타불명,보행자,남,60세,중상
18404,2019111100100519,2019년 11월 11일 17시,월요일,서울특별시 양천구 신정동,경상사고,0,0,1,0,차대사람 - 횡단중,안전운전불이행,포장 - 건조,맑음,교차로 - 교차로안,화물,남,38세,상해없음,보행자,남,67세,경상
18405,2019111100100568,2019년 11월 11일 18시,월요일,서울특별시 영등포구 대림동,경상사고,0,0,1,0,차대사람 - 기타,안전운전불이행,포장 - 건조,맑음,단일로 - 기타,승용,남,75세,상해없음,보행자,여,77세,경상
18406,2019111100100571,2019년 11월 11일 18시,월요일,서울특별시 강남구 청담동,경상사고,0,0,1,0,차대사람 - 횡단중,보행자보호의무위반,포장 - 건조,흐림,단일로 - 기타,승용,남,72세,상해없음,보행자,여,76세,경상
18407,2019111100100630,2019년 11월 11일 19시,월요일,서울특별시 강동구 천호동,경상사고,0,0,1,0,차대사람 - 기타,안전운전불이행,포장 - 건조,맑음,교차로 - 교차로안,이륜,남,27세,상해없음,보행자,남,15세,경상
18408,2019111100100669,2019년 11월 11일 20시,월요일,서울특별시 강남구 논현동,경상사고,0,0,1,0,차대사람 - 횡단중,안전운전불이행,포장 - 건조,맑음,교차로 - 교차로부근,승합,남,57세,상해없음,보행자,여,37세,경상
18409,2019111100100670,2019년 11월 11일 20시,월요일,서울특별시 성북구 하월곡동,경상사고,0,0,1,0,차대사람 - 횡단중,보행자보호의무위반,포장 - 건조,맑음,교차로 - 교차로횡단보도내,승용,여,38세,상해없음,보행자,남,71세,경상
18410,2019111100100702,2019년 11월 11일 21시,월요일,서울특별시 송파구 송파동,중상사고,0,1,0,0,차대사람 - 기타,보행자보호의무위반,포장 - 건조,맑음,교차로 - 교차로횡단보도내,이륜,남,25세,상해없음,보행자,남,51세,중상
18411,2019111100100731,2019년 11월 11일 22시,월요일,서울특별시 강남구 역삼동,경상사고,0,0,1,0,차대사람 - 기타,안전운전불이행,포장 - 건조,맑음,단일로 - 기타,승용,남,63세,상해없음,보행자,여,25세,경상
18412,2019111200100038,2019년 11월 12일 01시,화요일,서울특별시 성동구 행당동,부상신고사고,0,0,0,1,차대사람 - 기타,안전운전불이행,포장 - 건조,맑음,단일로 - 기타,화물,남,47세,상해없음,보행자,여,22세,부상신고
18413,2019111200100074,2019년 11월 12일 06시,화요일,서울특별시 강동구 성내동,경상사고,0,0,1,0,차대사람 - 기타,보행자보호의무위반,포장 - 건조,맑음,교차로 - 교차로횡단보도내,승용,남,60세,상해없음,보행자,여,50세,경상
18414,2019111200100113,2019년 11월 12일 08시,화요일,서울특별시 종로구 수송동,경상사고,0,0,1,0,차대사람 - 횡단중,보행자보호의무위반,포장 - 건조,맑음,교차로 - 교차로횡단보도내,승용,남,48세,상해없음,보행자,여,45세,경상
18415,2019111200100115,2019년 11월 12일 08시,화요일,서울특별시 동작구 노량진동,부상신고사고,0,0,0,1,차대사람 - 기타,안전운전불이행,포장 - 건조,맑음,교차로 - 교차로부근,승용,남,68세,상해없음,보행자,남,26세,부상신고
18416,2019111200100116,2019년 11월 12일 08시,화요일,서울특별시 송파구 오금동,부상신고사고,0,0,0,1,차대사람 - 횡단중,안전운전불이행,포장 - 건조,맑음,단일로 - 기타,승합,남,71세,상해없음,보행자,여,30세,부상신고
18417,2019111200100170,2019년 11월 12일 09시,화요일,서울특별시 동작구 대방동,중상사고,0,1,0,0,차대사람 - 횡단중,보행자보호의무위반,포장 - 건조,맑음,단일로 - 기타,화물,남,52세,상해없음,보행자,남,68세,중상
18418,2019111200100174,2019년 11월 12일 09시,화요일,서울특별시 송파구 가락동,경상사고,0,0,1,0,차대사람 - 기타,안전운전불이행,포장 - 건조,맑음,기타 - 기타,승용,여,70세,상해없음,보행자,남,30세,경상
18419,2019111200100176,2019년 11월 12일 09시,화요일,서울특별시 노원구 중계동,경상사고,0,0,1,0,차대사람 - 기타,안전운전불이행,포장 - 건조,맑음,교차로 - 교차로안,승용,남,63세,상해없음,보행자,여,9세,경상
18420,2019111200100203,2019년 11월 12일 10시,화요일,서울특별시 중구 을지로6가,경상사고,0,0,1,0,차대사람 - 횡단중,보행자보호의무위반,포장 - 건조,맑음,교차로 - 교차로횡단보도내,승용,여,43세,상해없음,보행자,남,24세,경상
18421,2019111200100206,2019년 11월 12일 10시,화요일,서울특별시 성북구 석관동,중상사고,0,1,0,0,차대사람 - 길가장자리구역통행중,안전운전불이행,포장 - 건조,맑음,기타 - 기타,화물,남,53세,상해없음,보행자,여,54세,중상