,사고번호,사고일시,요일,시군구,사고내용,사망자수,중상자수,경상자수,부상신고자수,사고유형,법규위반,노면상태,기상상태,도로형태,가해운전자 차종,가해운전자 성별,가해운전자 연령,가해운전자 상해정도,피해운전자 차종,피해운전자 성별,피해운전자 연령,피해운전자 상해정도
18422,2019111200100231,2019년 11월 12일 11시,화요일,서울특별시 종로구 원남동,중상사고,0,1,0,0,차대사람 - 기타,안전운전불이행,포장 - 건조,맑음,단일로 - 기타,승합,남,59세,상해없음,보행자,남,76세,중상
18423,2019111200100260,2019년 11월 12일 12시,화요일,서울특별시 마포구 상암동,중상사고,0,1,0,0,차대사람 - 기타,불법유턴,포장 - 기타,맑음,단일로 - 기타,승용,남,34세,상해없음,보행자,남,61세,중상
18424,2019111200100262,2019년 11월 12일 12시,화요일,서울특별시 중랑구 중화동,중상사고,0,1,0,0,차대사람 - 기타,안전운전불이행,포장 - 건조,맑음,교차로 - 교차로안,화물,남,59세,상해없음,보행자,여,76세,중상
18425,2019111200100265,2019년 11월 12일 12시,화요일,서울특별시 서초구 서초동,경상사고,0,0,1,0,차대사람 - 기타,안전운전불이행,포장 - 건조,맑음,단일로 - 기타,승용,남,71세,상해없음,보행자,남,27세,경상
18426,2019111200100291,2019년 11월 12일 13시,화요일,서울특별시 동대문구 제기동,중상사고,0,1,0,0,차대사람 - 차도통행중,안전운전불이행,포장 - 건조,맑음,기타 - 기타,화물,남,65세,상해없음,보행자,여,81세,중상
18427,2019111200100294,2019년 11월 12일 13시,화요일,서울특별시 강동구 명일동,부상신고사고,0,0,0,1,차대사람 - 기타,안전운전불이행,포장 - 건조,맑음,단일로 - 기타,기타불명,기타불명,미분류,기타불명,보행자,여,57세,부상신고
18428,2019111200100295,2019년 11월 12일 13시,화요일,서울특별시 구로구 구로동,중상사고,0,1,0,0,차대사람 - 횡단중,보행자보호의무위반,포장 - 건조,맑음,교차로 - 교차로횡단보도내,승용,남,42세,상해없음,보행자,남,38세,중상
18429,2019111200100316,2019년 11월 12일 14시,화요일,서울특별시 영등포구 신길동,중상사고,0,1,0,0,차대사람 - 차도통행중,안전운전불이행,포장 - 건조,맑음,단일로 - 기타,승용,남,60세,상해없음,보행자,여,67세,중상
18430,2019111200100322,2019년 11월 12일 14시,화요일,서울특별시 서초구 서초동,경상사고,0,0,1,0,차대사람 - 차도통행중,안전운전불이행,포장 - 건조,맑음,기타 - 기타,승용,여,50세,상해없음,보행자,남,50세,경상
18431,2019111200100389,2019년 11월 12일 16시,화요일,서울특별시 강남구 삼성동,부상신고사고,0,0,0,1,차대사람 - 기타,안전운전불이행,포장 - 건조,맑음,단일로 - 기타,승용,여,48세,상해없음,보행자,남,17세,부상신고
18432,2019111200100428,2019년 11월 12일 17시,화요일,서울특별시 영등포구 영등포동3가,경상사고,0,0,1,0,차대사람 - 기타,안전운전불이행,포장 - 건조,맑음,단일로 - 기타,승용,여,59세,상해없음,보행자,여,45세,경상
18433,2019111200100482,2019년 11월 12일 18시,화요일,서울특별시 양천구 신정동,중상사고,0,1,0,0,차대사람 - 횡단중,안전운전불이행,포장 - 건조,맑음,단일로 - 기타,승용,여,65세,상해없음,보행자,남,52세,중상
18434,2019111200100539,2019년 11월 12일 19시,화요일,서울특별시 동대문구 전농동,중상사고,0,1,0,0,차대사람 - 기타,안전운전불이행,포장 - 건조,맑음,단일로 - 기타,승용,남,36세,상해없음,보행자,여,78세,중상
18435,2019111200100544,2019년 11월 12일 19시,화요일,서울특별시 은평구 갈현동,경상사고,0,0,2,0,차대사람 - 보도통행중,신호위반,포장 - 건조,맑음,교차로 - 교차로횡단보도내,이륜,남,21세,상해없음,보행자,여,48세,경상
18436,2019111200100577,2019년 11월 12일 20시,화요일,서울특별시 서초구 서초동,경상사고,0,0,1,0,차대사람 - 차도통행중,안전운전불이행,포장 - 건조,맑음,교차로 - 교차로부근,승용,여,28세,상해없음,보행자,남,52세,경상
18437,2019111200100606,2019년 11월 12일 21시,화요일,서울특별시 강동구 천호동,경상사고,0,0,1,0,차대사람 - 횡단중,보행자보호의무위반,포장 - 건조,맑음,교차로 - 교차로부근,승용,남,26세,상해없음,보행자,여,58세,경상
18438,2019111200100630,2019년 11월 12일 22시,화요일,서울특별시 강북구 미아동,경상사고,0,0,1,0,차대사람 - 기타,안전운전불이행,포장 - 건조,맑음,단일로 - 기타,이륜,남,29세,상해없음,보행자,여,39세,경상
18439,2019111200100631,2019년 11월 12일 22시,화요일,서울특별시 강북구 수유동,경상사고,0,0,1,0,차대사람 - 횡단중,신호위반,포장 - 건조,흐림,교차로 - 교차로횡단보도내,이륜,남,21세,상해없음,보행자,여,35세,경상
18440,2019111200100633,2019년 11월 12일 22시,화요일,서울특별시 동대문구 장안동,경상사고,0,0,1,0,차대사람 - 차도통행중,안전운전불이행,포장 - 건조,맑음,교차로 - 교차로부근,승합,남,37세,상해없음,보행자,여,54세,경상
18441,2019111200100634,2019년 11월 12일 22시,화요일,서울특별시 관악구 신림동,경상사고,0,0,1,0,차대사람 - 기타,기타,포장 - 건조,맑음,기타 - 기타,승합,남,51세,기타불명,보행자,여,29세,경상
18442,2019111200100649,2019년 11월 12일 23시,화요일,서울특별시 중구 남대문로4가,경상사고,0,0,1,0,차대사람 - 횡단중,보행자보호의무위반,포장 - 건조,맑음,교차로 - 교차로부근,승용,남,56세,상해없음,보행자,여,21세,경상
18443,2019111300100039,2019년 11월 13일 01시,수요일,서울특별시 마포구 노고산동,중상사고,0,1,0,0,차대사람 - 횡단중,안전운전불이행,포장 - 건조,맑음,단일로 - 기타,승합,남,61세,상해없음,보행자,여,35세,중상
18444,2019111300100043,2019년 11월 13일 02시,수요일,서울특별시 강북구 수유동,경상사고,0,0,1,0,차대사람 - 기타,안전운전불이행,포장 - 건조,흐림,교차로 - 교차로안,승용,남,55세,상해없음,보행자,남,28세,경상
18445,2019111300100053,2019년 11월 13일 04시,수요일,서울특별시 금천구 가산동,중상사고,0,1,0,0,차대사람 - 기타,안전운전불이행,포장 - 건조,맑음,교차로 - 교차로안,승합,남,58세,상해없음,보행자,여,70세,중상
18446,2019111300100054,2019년 11월 13일 04시,수요일,서울특별시 강동구 성내동,중상사고,0,1,0,0,차대사람 - 차도통행중,안전운전불이행,포장 - 건조,맑음,단일로 - 기타,승용,남,33세,상해없음,보행자,남,56세,중상
18447,2019111300100062,2019년 11월 13일 05시,수요일,서울특별시 광진구 광장동,경상사고,0,0,1,0,차대사람 - 기타,신호위반,포장 - 기타,맑음,기타 - 기타,화물,남,39세,상해없음,보행자,여,53세,경상
18448,2019111300100063,2019년 11월 13일 05시,수요일,서울특별시 성동구 성수동2가,중상사고,0,1,0,0,차대사람 - 횡단중,신호위반,포장 - 건조,맑음,교차로 - 교차로횡단보도내,승용,남,37세,상해없음,보행자,여,74세,중상
18449,2019111300100065,2019년 11월 13일 05시,수요일,서울특별시 서초구 서초동,중상사고,0,1,0,0,차대사람 - 횡단중,보행자보호의무위반,포장 - 건조,맑음,교차로 - 교차로횡단보도내,화물,남,41세,상해없음,보행자,여,49세,중상
18450,2019111300100120,2019년 11월 13일 08시,수요일,서울특별시 강남구 역삼동,중상사고,0,1,0,0,차대사람 - 기타,불법유턴,포장 - 건조,맑음,단일로 - 기타,화물,남,58세,상해없음,보행자,남,21세,중상
18451,2019111300100121,2019년 11월 13일 08시,수요일,서울특별시 구로구 오류동,경상사고,0,0,1,0,차대사람 - 횡단중,보행자보호의무위반,포장 - 건조,맑음,단일로 - 기타,승용,남,56세,상해없음,보행자,남,61세,경상
18452,2019111300100248,2019년 11월 13일 12시,수요일,서울특별시 강남구 삼성동,경상사고,0,0,1,0,차대사람 - 횡단중,안전운전불이행,포장 - 건조,맑음,단일로 - 기타,승용,남,29세,상해없음,보행자,남,35세,경상
18453,2019111300100277,2019년 11월 13일 13시,수요일,서울특별시 영등포구 대림동,중상사고,0,1,0,0,차대사람 - 횡단중,신호위반,포장 - 젖음/습기,비,단일로 - 기타,이륜,남,49세,상해없음,보행자,여,51세,중상
18454,2019111300100279,2019년 11월 13일 13시,수요일,서울특별시 강남구 역삼동,중상사고,0,1,0,0,차대사람 - 보도통행중,안전운전불이행,포장 - 건조,맑음,기타 - 기타,승용,남,32세,상해없음,보행자,남,41세,중상
18455,2019111300100280,2019년 11월 13일 13시,수요일,서울특별시 강남구 논현동,경상사고,0,0,1,0,차대사람 - 횡단중,안전운전불이행,포장 - 건조,맑음,기타 - 기타,승용,여,63세,기타불명,보행자,여,33세,경상
18456,2019111300100338,2019년 11월 13일 15시,수요일,서울특별시 강동구 천호동,중상사고,0,1,0,0,차대사람 - 보도통행중,기타,포장 - 건조,맑음,단일로 - 기타,승용,여,57세,상해없음,보행자,남,27세,중상
18457,2019111300100341,2019년 11월 13일 15시,수요일,서울특별시 강남구 일원동,경상사고,0,0,2,0,차대사람 - 횡단중,보행자보호의무위반,포장 - 젖음/습기,비,단일로 - 기타,승용,남,83세,상해없음,보행자,남,12세,경상
18458,2019111300100382,2019년 11월 13일 16시,수요일,서울특별시 동대문구 장안동,경상사고,0,0,1,0,차대사람 - 횡단중,보행자보호의무위반,포장 - 젖음/습기,비,교차로 - 교차로횡단보도내,승용,여,32세,상해없음,보행자,여,24세,경상
18459,2019111300100416,2019년 11월 13일 17시,수요일,서울특별시 강북구 미아동,부상신고사고,0,0,0,1,차대사람 - 횡단중,안전운전불이행,포장 - 건조,맑음,교차로 - 교차로안,승용,여,40세,상해없음,보행자,남,11세,부상신고
18460,2019111300100472,2019년 11월 13일 18시,수요일,서울특별시 서대문구 연희동,경상사고,0,0,2,0,차대사람 - 횡단중,보행자보호의무위반,포장 - 젖음/습기,흐림,단일로 - 기타,승용,남,54세,상해없음,보행자,여,46세,경상
18461,2019111300100473,2019년 11월 13일 18시,수요일,서울특별시 강북구 미아동,중상사고,0,1,0,0,차대사람 - 기타,보행자보호의무위반,포장 - 건조,맑음,교차로 - 교차로안,승용,남,39세,기타불명,보행자,여,66세,중상
18462,2019111300100477,2019년 11월 13일 18시,수요일,서울특별시 강서구 마곡동,경상사고,0,0,1,1,차대사람 - 기타,안전운전불이행,포장 - 건조,맑음,단일로 - 기타,이륜,남,21세,경상,보행자,남,66세,부상신고
18463,2019111300100558,2019년 11월 13일 19시,수요일,서울특별시 금천구 시흥동,경상사고,0,0,1,0,차대사람 - 횡단중,안전운전불이행,포장 - 건조,맑음,단일로 - 기타,이륜,여,41세,상해없음,보행자,여,73세,경상
18464,2019111300100560,2019년 11월 13일 19시,수요일,서울특별시 성동구 마장동,경상사고,0,0,1,0,차대사람 - 길가장자리구역통행중,안전운전불이행,포장 - 건조,맑음,단일로 - 기타,승용,여,41세,상해없음,보행자,남,30세,경상
18465,2019111300100562,2019년 11월 13일 19시,수요일,서울특별시 성동구 송정동,경상사고,0,0,1,0,차대사람 - 기타,안전운전불이행,포장 - 건조,맑음,단일로 - 기타,승용,남,55세,기타불명,보행자,남,55세,경상
18466,2019111300100567,2019년 11월 13일 19시,수요일,서울특별시 성북구 장위동,경상사고,0,0,1,0,차대사람 - 차도통행중,안전운전불이행,포장 - 건조,맑음,교차로 - 교차로안,승용,남,24세,상해없음,보행자,남,73세,경상
18467,2019111300100623,2019년 11월 13일 20시,수요일,서울특별시 광진구 자양동,중상사고,0,1,0,0,차대사람 - 횡단중,안전운전불이행,포장 - 건조,맑음,단일로 - 기타,승용,여,50세,상해없음,보행자,남,10세,중상
18468,2019111300100628,2019년 11월 13일 20시,수요일,서울특별시 구로구 구로동,중상사고,0,1,0,0,차대사람 - 횡단중,안전운전불이행,포장 - 건조,맑음,교차로 - 교차로횡단보도내,승용,남,26세,상해없음,보행자,남,71세,중상
18469,2019111300100630,2019년 11월 13일 20시,수요일,서울특별시 강남구 역삼동,경상사고,0,0,1,0,차대사람 - 횡단중,보행자보호의무위반,포장 - 건조,맑음,단일로 - 기타,승용,남,34세,상해없음,보행자,남,40세,경상
18470,2019111300100669,2019년 11월 13일 21시,수요일,서울특별시 서초구 잠원동,경상사고,0,0,2,0,차대사람 - 기타,안전운전불이행,포장 - 젖음/습기,맑음,기타 - 기타,자전거,남,53세,상해없음,보행자,남,50세,경상
18471,2019111300100695,2019년 11월 13일 22시,수요일,서울특별시 성북구 정릉동,중상사고,0,1,0,0,차대사람 - 횡단중,신호위반,포장 - 건조,맑음,교차로 - 교차로횡단보도내,승용,남,38세,상해없음,보행자,남,48세,중상
18472,2019111300100698,2019년 11월 13일 22시,수요일,서울특별시 동작구 상도1동,중상사고,0,1,1,0,차대사람 - 횡단중,신호위반,포장 - 건조,맑음,단일로 - 기타,승용,남,29세,상해없음,보행자,여,64세,중상
18473,2019111300100699,2019년 11월 13일 22시,수요일,서울특별시 서초구 양재동,부상신고사고,0,0,0,1,차대사람 - 횡단중,안전운전불이행,포장 - 건조,맑음,교차로 - 교차로횡단보도내,승용,남,46세,기타불명,보행자,남,33세,부상신고
18474,2019111300100717,2019년 11월 13일 23시,수요일,서울특별시 강남구 삼성동,중상사고,0,1,0,1,차대사람 - 기타,안전운전불이행,포장 - 건조,맑음,단일로 - 기타,승용,남,57세,상해없음,보행자,남,50세,부상신고
18475,2019111400100027,2019년 11월 14일 00시,목요일,서울특별시 은평구 불광동,경상사고,0,0,1,0,차대사람 - 횡단중,안전운전불이행,포장 - 건조,맑음,교차로 - 교차로횡단보도내,자전거,남,59세,상해없음,보행자,남,31세,경상
18476,2019111400100087,2019년 11월 14일 07시,목요일,서울특별시 노원구 중계동,경상사고,0,0,1,0,차대사람 - 기타,안전운전불이행,포장 - 건조,맑음,교차로 - 교차로안,승용,남,52세,상해없음,보행자,남,22세,경상
18477,2019111400100117,2019년 11월 14일 08시,목요일,서울특별시 성동구 성수동2가,중상사고,0,1,0,0,차대사람 - 차도통행중,안전운전불이행,포장 - 건조,맑음,단일로 - 기타,승용,남,49세,상해없음,보행자,남,29세,중상
18478,2019111400100171,2019년 11월 14일 09시,목요일,서울특별시 영등포구 영등포동2가,경상사고,0,0,1,0,차대사람 - 기타,안전운전불이행,포장 - 건조,맑음,단일로 - 기타,화물,남,44세,상해없음,보행자,여,21세,경상
18479,2019111400100177,2019년 11월 14일 09시,목요일,서울특별시 구로구 고척동,경상사고,0,0,1,0,차대사람 - 기타,안전운전불이행,포장 - 건조,맑음,단일로 - 기타,승용,남,56세,상해없음,보행자,여,85세,경상
18480,2019111400100262,2019년 11월 14일 11시,목요일,서울특별시 중랑구 중화동,경상사고,0,0,1,0,차대사람 - 기타,안전운전불이행,포장 - 건조,맑음,단일로 - 기타,승용,남,39세,상해없음,보행자,여,83세,경상
18481,2019111400100301,2019년 11월 14일 12시,목요일,서울특별시 동대문구 답십리동,중상사고,0,2,0,0,차대사람 - 보도통행중,안전운전불이행,포장 - 건조,맑음,교차로 - 교차로횡단보도내,승합,남,43세,상해없음,보행자,남,77세,중상
18482,2019111400100304,2019년 11월 14일 12시,목요일,서울특별시 구로구 가리봉동,중상사고,0,1,0,0,차대사람 - 기타,기타,포장 - 건조,맑음,단일로 - 기타,기타불명,기타불명,미분류,기타불명,보행자,여,64세,중상
18483,2019111400100342,2019년 11월 14일 13시,목요일,서울특별시 영등포구 문래동6가,경상사고,0,0,1,0,차대사람 - 횡단중,신호위반,포장 - 건조,맑음,교차로 - 교차로부근,이륜,남,26세,상해없음,보행자,여,81세,경상
18484,2019111400100371,2019년 11월 14일 14시,목요일,서울특별시 영등포구 신길동,경상사고,0,0,1,0,차대사람 - 횡단중,안전운전불이행,포장 - 건조,맑음,교차로 - 교차로횡단보도내,승용,남,61세,상해없음,보행자,여,10세,경상
18485,2019111400100374,2019년 11월 14일 14시,목요일,서울특별시 관악구 신림동,경상사고,0,0,1,0,차대사람 - 횡단중,보행자보호의무위반,포장 - 건조,맑음,단일로 - 기타,승용,남,71세,상해없음,보행자,여,8세,경상
18486,2019111400100376,2019년 11월 14일 14시,목요일,서울특별시 강서구 화곡동,경상사고,0,0,1,0,차대사람 - 기타,신호위반,포장 - 건조,맑음,교차로 - 교차로부근,화물,남,52세,상해없음,보행자,여,54세,경상
18487,2019111400100426,2019년 11월 14일 15시,목요일,서울특별시 은평구 역촌동,중상사고,0,1,0,0,차대사람 - 기타,안전운전불이행,포장 - 건조,맑음,단일로 - 기타,이륜,남,17세,상해없음,보행자,여,79세,중상
18488,2019111400100456,2019년 11월 14일 16시,목요일,서울특별시 강북구 번동,경상사고,0,0,1,0,차대사람 - 기타,안전운전불이행,포장 - 건조,맑음,교차로 - 교차로부근,화물,남,47세,상해없음,보행자,남,57세,경상
18489,2019111400100460,2019년 11월 14일 16시,목요일,서울특별시 강남구 논현동,경상사고,0,0,1,0,차대사람 - 횡단중,안전운전불이행,포장 - 건조,맑음,교차로 - 교차로횡단보도내,승용,남,58세,상해없음,보행자,여,25세,경상
18490,2019111400100462,2019년 11월 14일 16시,목요일,서울특별시 성북구 하월곡동,경상사고,0,0,1,0,차대사람 - 기타,안전운전불이행,포장 - 건조,맑음,교차로 - 교차로안,승용,남,60세,상해없음,보행자,여,10세,경상
18491,2019111400100514,2019년 11월 14일 17시,목요일,서울특별시 중랑구 중화동,경상사고,0,0,1,0,차대사람 - 횡단중,안전운전불이행,포장 - 건조,맑음,교차로 - 교차로안,화물,남,50세,상해없음,보행자,남,61세,경상
18492,2019111400100580,2019년 11월 14일 18시,목요일,서울특별시 동대문구 장안동,경상사고,0,0,1,0,차대사람 - 기타,안전운전불이행,포장 - 건조,맑음,단일로 - 기타,자전거,남,14세,상해없음,보행자,여,60세,경상
18493,2019111400100585,2019년 11월 14일 18시,목요일,서울특별시 강동구 천호동,중상사고,0,1,0,0,차대사람 - 횡단중,신호위반,포장 - 건조,맑음,교차로 - 교차로횡단보도내,자전거,남,41세,상해없음,보행자,여,81세,중상
18494,2019111400100644,2019년 11월 14일 19시,목요일,서울특별시 용산구 용산동2가,중상사고,0,1,0,0,차대사람 - 기타,안전운전불이행,포장 - 건조,맑음,단일로 - 기타,승용,남,52세,상해없음,보행자,여,25세,중상
18495,2019111400100645,2019년 11월 14일 19시,목요일,서울특별시 광진구 자양동,경상사고,0,0,1,0,차대사람 - 횡단중,신호위반,포장 - 건조,맑음,단일로 - 기타,승용,여,33세,상해없음,보행자,여,57세,경상
18496,2019111400100646,2019년 11월 14일 19시,목요일,서울특별시 동작구 사당동,부상신고사고,0,0,0,1,차대사람 - 차도통행중,안전운전불이행,포장 - 건조,맑음,교차로 - 교차로안,화물,남,61세,상해없음,보행자,남,64세,부상신고
18497,2019111400100653,2019년 11월 14일 19시,목요일,서울특별시 양천구 목동,경상사고,0,0,1,0,차대사람 - 길가장자리구역통행중,안전운전불이행,포장 - 건조,맑음,교차로 - 교차로안,화물,남,40세,기타불명,보행자,남,59세,경상
18498,2019111400100695,2019년 11월 14일 20시,목요일,서울특별시 양천구 목동,경상사고,0,0,1,0,차대사람 - 기타,안전운전불이행,포장 - 건조,흐림,단일로 - 기타,승용,남,57세,상해없음,보행자,여,56세,경상
18499,2019111400100728,2019년 11월 14일 21시,목요일,서울특별시 관악구 신림동,중상사고,0,1,0,0,차대사람 - 횡단중,안전운전불이행,포장 - 건조,맑음,단일로 - 기타,승용,여,46세,상해없음,보행자,남,48세,중상
18500,2019111400100729,2019년 11월 14일 21시,목요일,서울특별시 강남구 논현동,경상사고,0,0,1,0,차대사람 - 기타,안전운전불이행,포장 - 건조,맑음,단일로 - 기타,승용,남,66세,상해없음,보행자,남,23세,경상
18501,2019111400100750,2019년 11월 14일 22시,목요일,서울특별시 성동구 금호동1가,중상사고,0,1,0,0,차대사람 - 횡단중,신호위반,포장 - 건조,맑음,교차로 - 교차로횡단보도내,이륜,남,38세,상해없음,보행자,여,31세,중상
18502,2019111400100775,2019년 11월 14일 23시,목요일,서울특별시 용산구 이태원동,경상사고,0,0,1,0,차대사람 - 기타,안전운전불이행,포장 - 건조,맑음,기타 - 기타,승용,남,73세,상해없음,보행자,남,37세,경상
18503,2019111500100045,2019년 11월 15일 01시,금요일,서울특별시 강남구 역삼동,경상사고,0,0,1,0,차대사람 - 기타,안전운전불이행,포장 - 건조,맑음,단일로 - 기타,승용,남,59세,상해없음,보행자,남,40세,경상
18504,2019111500100051,2019년 11월 15일 02시,금요일,서울특별시 서초구 반포동,사망사고,1,1,0,0,차대사람 - 기타,안전운전불이행,포장 - 건조,맑음,단일로 - 지하차도(도로)내,화물,남,67세,상해없음,보행자,남,47세,사망
18505,2019111500100067,2019년 11월 15일 05시,금요일,서울특별시 강서구 등촌동,중상사고,0,1,0,0,차대사람 - 횡단중,안전운전불이행,포장 - 젖음/습기,비,교차로 - 교차로횡단보도내,승합,남,48세,상해없음,보행자,남,60세,중상
18506,2019111500100076,2019년 11월 15일 06시,금요일,서울특별시 서대문구 남가좌동,경상사고,0,0,1,0,차대사람 - 차도통행중,안전운전불이행,포장 - 건조,맑음,교차로 - 교차로안,승용,남,56세,상해없음,보행자,남,69세,경상
18507,2019111500100079,2019년 11월 15일 06시,금요일,서울특별시 동대문구 장안동,경상사고,0,0,1,0,차대사람 - 횡단중,보행자보호의무위반,포장 - 건조,흐림,교차로 - 교차로횡단보도내,이륜,남,57세,상해없음,보행자,남,33세,경상
18508,2019111500100080,2019년 11월 15일 06시,금요일,서울특별시 동대문구 장안동,경상사고,0,0,1,0,차대사람 - 기타,안전운전불이행,포장 - 젖음/습기,비,단일로 - 기타,승합,남,59세,상해없음,보행자,여,60세,경상
18509,2019111500100082,2019년 11월 15일 06시,금요일,서울특별시 영등포구 여의도동,중상사고,0,1,0,0,차대사람 - 횡단중,보행자보호의무위반,포장 - 젖음/습기,비,교차로 - 교차로안,승합,남,52세,상해없음,보행자,남,57세,중상
18510,2019111500100107,2019년 11월 15일 07시,금요일,서울특별시 구로구 구로동,중상사고,0,1,0,0,차대사람 - 횡단중,보행자보호의무위반,포장 - 젖음/습기,비,교차로 - 교차로횡단보도내,화물,남,51세,상해없음,보행자,여,61세,중상
18511,2019111500100139,2019년 11월 15일 08시,금요일,서울특별시 성북구 동선동3가,부상신고사고,0,0,0,1,차대사람 - 차도통행중,안전운전불이행,포장 - 젖음/습기,비,단일로 - 기타,승용,남,78세,상해없음,보행자,여,51세,부상신고
18512,2019111500100140,2019년 11월 15일 08시,금요일,서울특별시 금천구 독산동,경상사고,0,0,1,0,차대사람 - 기타,신호위반,포장 - 젖음/습기,비,교차로 - 교차로안,승용,여,38세,상해없음,보행자,남,36세,경상
18513,2019111500100142,2019년 11월 15일 08시,금요일,서울특별시 양천구 신정동,경상사고,0,0,1,0,차대사람 - 횡단중,안전운전불이행,포장 - 젖음/습기,비,교차로 - 교차로안,화물,남,61세,상해없음,보행자,남,19세,경상
18514,2019111500100192,2019년 11월 15일 09시,금요일,서울특별시 중구 황학동,경상사고,0,0,1,1,차대사람 - 기타,안전운전불이행,포장 - 건조,맑음,단일로 - 기타,승용,남,39세,경상,보행자,남,56세,부상신고
18515,2019111500100193,2019년 11월 15일 09시,금요일,서울특별시 서대문구 연희동,경상사고,0,0,1,0,차대사람 - 횡단중,보행자보호의무위반,포장 - 건조,맑음,교차로 - 교차로안,승용,남,26세,상해없음,보행자,여,40세,경상
18516,2019111500100194,2019년 11월 15일 09시,금요일,서울특별시 동대문구 이문동,중상사고,0,1,0,0,차대사람 - 기타,안전운전불이행,포장 - 건조,맑음,단일로 - 기타,승합,남,71세,상해없음,보행자,여,48세,중상
18517,2019111500100240,2019년 11월 15일 10시,금요일,서울특별시 마포구 서교동,경상사고,0,0,1,0,차대사람 - 횡단중,보행자보호의무위반,포장 - 건조,맑음,교차로 - 교차로횡단보도내,승용,여,42세,상해없음,보행자,남,51세,경상
18518,2019111500100242,2019년 11월 15일 10시,금요일,서울특별시 성동구 성수동2가,중상사고,0,1,0,0,차대사람 - 횡단중,보행자보호의무위반,포장 - 젖음/습기,비,교차로 - 교차로안,화물,남,64세,상해없음,보행자,여,49세,중상
18519,2019111500100290,2019년 11월 15일 11시,금요일,서울특별시 은평구 대조동,부상신고사고,0,0,0,1,차대사람 - 기타,안전운전불이행,포장 - 건조,맑음,단일로 - 기타,기타불명,기타불명,미분류,기타불명,보행자,여,31세,부상신고
18520,2019111500100339,2019년 11월 15일 12시,금요일,서울특별시 동대문구 제기동,중상사고,0,1,0,0,차대사람 - 횡단중,안전운전불이행,포장 - 젖음/습기,비,교차로 - 교차로횡단보도내,이륜,남,60세,상해없음,보행자,남,65세,중상
18521,2019111500100344,2019년 11월 15일 12시,금요일,서울특별시 노원구 중계동,부상신고사고,0,0,0,1,차대사람 - 보도통행중,신호위반,포장 - 젖음/습기,비,교차로 - 교차로횡단보도내,승용,남,49세,상해없음,보행자,남,79세,부상신고
18522,2019111500100378,2019년 11월 15일 13시,금요일,서울특별시 중구 황학동,중상사고,0,1,0,0,차대사람 - 횡단중,안전운전불이행,포장 - 젖음/습기,비,단일로 - 기타,승용,여,48세,상해없음,보행자,여,78세,중상
18523,2019111500100384,2019년 11월 15일 13시,금요일,서울특별시 영등포구 영등포동,중상사고,0,1,0,0,차대사람 - 횡단중,보행자보호의무위반,포장 - 젖음/습기,비,교차로 - 교차로부근,화물,남,51세,상해없음,보행자,남,50세,중상
18524,2019111500100385,2019년 11월 15일 13시,금요일,서울특별시 금천구 독산동,경상사고,0,0,1,0,차대사람 - 기타,안전운전불이행,포장 - 젖음/습기,비,교차로 - 교차로안,승용,남,53세,상해없음,보행자,여,53세,경상
18525,2019111500100386,2019년 11월 15일 13시,금요일,서울특별시 양천구 목동,중상사고,0,1,0,0,차대사람 - 기타,신호위반,포장 - 건조,맑음,교차로 - 교차로부근,이륜,남,18세,상해없음,보행자,남,10세,중상
18526,2019111500100426,2019년 11월 15일 14시,금요일,서울특별시 강남구 대치동,경상사고,0,0,1,0,차대사람 - 기타,보행자보호의무위반,포장 - 젖음/습기,비,단일로 - 기타,승용,남,40세,상해없음,보행자,남,11세,경상
18527,2019111500100466,2019년 11월 15일 15시,금요일,서울특별시 구로구 구로동,경상사고,0,0,1,0,차대사람 - 기타,안전운전불이행,포장 - 젖음/습기,비,단일로 - 기타,승용,여,31세,상해없음,보행자,여,32세,경상
18528,2019111500100548,2019년 11월 15일 17시,금요일,서울특별시 영등포구 영등포동4가,경상사고,0,0,1,0,차대사람 - 길가장자리구역통행중,안전운전불이행,포장 - 젖음/습기,비,단일로 - 기타,승용,남,44세,상해없음,보행자,남,9세,경상
18529,2019111500100549,2019년 11월 15일 17시,금요일,서울특별시 관악구 신림동,경상사고,0,0,1,0,차대사람 - 횡단중,신호위반,포장 - 젖음/습기,비,단일로 - 기타,승용,남,34세,상해없음,보행자,여,39세,경상
18530,2019111500100550,2019년 11월 15일 17시,금요일,서울특별시 강남구 논현동,중상사고,0,1,1,0,차대사람 - 기타,안전운전불이행,포장 - 젖음/습기,비,교차로 - 교차로횡단보도내,승용,남,35세,상해없음,보행자,여,34세,중상
18531,2019111500100551,2019년 11월 15일 17시,금요일,서울특별시 강서구 가양동,중상사고,0,1,1,0,차대사람 - 기타,보행자보호의무위반,포장 - 건조,맑음,단일로 - 기타,승용,남,45세,상해없음,보행자,여,36세,경상
18532,2019111500100557,2019년 11월 15일 17시,금요일,서울특별시 도봉구 창동,중상사고,0,1,0,0,차대사람 - 횡단중,안전운전불이행,포장 - 건조,맑음,단일로 - 기타,승용,여,31세,상해없음,보행자,여,82세,중상