,사고번호,사고일시,요일,시군구,사고내용,사망자수,중상자수,경상자수,부상신고자수,사고유형,법규위반,노면상태,기상상태,도로형태,가해운전자 차종,가해운전자 성별,가해운전자 연령,가해운전자 상해정도,피해운전자 차종,피해운전자 성별,피해운전자 연령,피해운전자 상해정도
18533,2019111500100618,2019년 11월 15일 18시,금요일,서울특별시 동작구 대방동,중상사고,0,1,0,0,차대사람 - 기타,안전운전불이행,포장 - 젖음/습기,비,기타 - 기타,이륜,남,43세,상해없음,보행자,여,55세,중상
18534,2019111500100619,2019년 11월 15일 18시,금요일,서울특별시 중랑구 면목동,중상사고,0,1,0,0,차대사람 - 횡단중,신호위반,포장 - 젖음/습기,비,교차로 - 교차로횡단보도내,화물,남,57세,상해없음,보행자,여,54세,중상
18535,2019111500100620,2019년 11월 15일 18시,금요일,서울특별시 강남구 역삼동,경상사고,0,0,1,0,차대사람 - 기타,안전운전불이행,포장 - 젖음/습기,비,단일로 - 기타,승용,여,29세,상해없음,보행자,남,37세,경상
18536,2019111500100621,2019년 11월 15일 18시,금요일,서울특별시 강동구 암사동,중상사고,0,1,0,0,차대사람 - 차도통행중,안전운전불이행,포장 - 젖음/습기,비,교차로 - 교차로안,승합,남,43세,상해없음,보행자,남,68세,중상
18537,2019111500100627,2019년 11월 15일 18시,금요일,서울특별시 서초구 반포동,경상사고,0,0,1,0,차대사람 - 횡단중,안전운전불이행,포장 - 젖음/습기,비,기타 - 기타,승용,여,62세,상해없음,보행자,남,28세,경상
18538,2019111500100770,2019년 11월 15일 20시,금요일,서울특별시 강북구 수유동,경상사고,0,0,1,0,차대사람 - 횡단중,안전운전불이행,포장 - 젖음/습기,흐림,교차로 - 교차로안,승용,남,71세,상해없음,보행자,남,41세,경상
18539,2019111500100772,2019년 11월 15일 20시,금요일,서울특별시 성동구 행당동,경상사고,0,0,1,0,차대사람 - 길가장자리구역통행중,안전운전불이행,포장 - 건조,맑음,단일로 - 기타,기타불명,기타불명,미분류,기타불명,보행자,남,51세,경상
18540,2019111500100776,2019년 11월 15일 20시,금요일,서울특별시 양천구 목동,경상사고,0,0,2,0,차대사람 - 횡단중,보행자보호의무위반,포장 - 건조,맑음,교차로 - 교차로횡단보도내,승용,여,58세,상해없음,보행자,여,27세,경상
18541,2019111500100831,2019년 11월 15일 21시,금요일,서울특별시 동대문구 답십리동,경상사고,0,0,1,0,차대사람 - 횡단중,신호위반,포장 - 건조,흐림,교차로 - 교차로횡단보도내,승용,남,59세,상해없음,보행자,여,55세,경상
18542,2019111500100832,2019년 11월 15일 21시,금요일,서울특별시 동대문구 장안동,경상사고,0,0,1,0,차대사람 - 횡단중,안전운전불이행,포장 - 건조,맑음,단일로 - 기타,이륜,남,30세,상해없음,보행자,남,23세,경상
18543,2019111500100834,2019년 11월 15일 21시,금요일,서울특별시 송파구 신천동,부상신고사고,0,0,0,1,차대사람 - 횡단중,안전운전불이행,포장 - 건조,맑음,단일로 - 기타,승용,남,56세,상해없음,보행자,남,62세,부상신고
18544,2019111500100874,2019년 11월 15일 22시,금요일,서울특별시 마포구 동교동,부상신고사고,0,0,0,1,차대사람 - 기타,안전운전불이행,포장 - 젖음/습기,흐림,단일로 - 기타,승용,여,61세,기타불명,보행자,여,59세,부상신고
18545,2019111600100049,2019년 11월 16일 02시,토요일,서울특별시 강서구 화곡동,경상사고,0,0,1,0,차대사람 - 횡단중,신호위반,포장 - 건조,맑음,교차로 - 교차로부근,승용,남,62세,상해없음,보행자,남,39세,경상
18546,2019111600100069,2019년 11월 16일 03시,토요일,서울특별시 중랑구 망우동,경상사고,0,0,1,0,차대사람 - 기타,안전운전불이행,포장 - 건조,맑음,교차로 - 교차로부근,승용,남,47세,상해없음,보행자,여,85세,경상
18547,2019111600100077,2019년 11월 16일 04시,토요일,서울특별시 중랑구 면목동,경상사고,0,0,1,0,차대사람 - 기타,안전운전불이행,포장 - 건조,맑음,교차로 - 교차로안,승합,남,39세,상해없음,보행자,남,56세,경상
18548,2019111600100088,2019년 11월 16일 05시,토요일,서울특별시 용산구 이태원동,중상사고,0,1,0,0,차대사람 - 기타,신호위반,포장 - 건조,맑음,교차로 - 교차로횡단보도내,승용,남,51세,기타불명,보행자,남,38세,중상
18549,2019111600100091,2019년 11월 16일 05시,토요일,서울특별시 은평구 대조동,경상사고,0,0,1,0,차대사람 - 기타,안전운전불이행,포장 - 젖음/습기,흐림,단일로 - 기타,승용,남,56세,상해없음,보행자,남,29세,경상
18550,2019111600100140,2019년 11월 16일 08시,토요일,서울특별시 강서구 방화동,경상사고,0,0,1,0,차대사람 - 기타,기타,포장 - 건조,맑음,단일로 - 기타,승합,여,58세,상해없음,보행자,여,57세,경상
18551,2019111600100191,2019년 11월 16일 10시,토요일,서울특별시 은평구 증산동,중상사고,0,1,0,0,차대사람 - 횡단중,보행자보호의무위반,포장 - 건조,맑음,교차로 - 교차로안,승용,남,70세,상해없음,보행자,여,25세,중상
18552,2019111600100220,2019년 11월 16일 11시,토요일,서울특별시 중랑구 면목동,중상사고,0,1,0,0,차대사람 - 기타,안전운전불이행,포장 - 건조,맑음,단일로 - 기타,건설기계,남,54세,상해없음,보행자,여,71세,중상
18553,2019111600100222,2019년 11월 16일 11시,토요일,서울특별시 강서구 내발산동,경상사고,0,0,1,0,차대사람 - 기타,신호위반,포장 - 기타,맑음,기타 - 기타,승용,남,49세,상해없음,보행자,남,58세,경상
18554,2019111600100225,2019년 11월 16일 11시,토요일,서울특별시 노원구 중계동,경상사고,0,0,1,0,차대사람 - 길가장자리구역통행중,안전운전불이행,포장 - 건조,맑음,교차로 - 교차로안,승용,남,67세,상해없음,보행자,남,40세,경상
18555,2019111600100314,2019년 11월 16일 13시,토요일,서울특별시 은평구 불광동,경상사고,0,0,1,0,차대사람 - 기타,안전운전불이행,포장 - 건조,맑음,단일로 - 기타,승용,남,64세,상해없음,보행자,남,28세,경상
18556,2019111600100362,2019년 11월 16일 14시,토요일,서울특별시 영등포구 여의도동,경상사고,0,0,1,0,차대사람 - 횡단중,안전운전불이행,포장 - 건조,맑음,교차로 - 교차로부근,승합,남,62세,상해없음,보행자,여,13세,경상
18557,2019111600100367,2019년 11월 16일 14시,토요일,서울특별시 노원구 월계동,부상신고사고,0,0,0,1,차대사람 - 기타,안전운전불이행,포장 - 건조,맑음,단일로 - 교량,자전거,남,64세,상해없음,보행자,남,57세,부상신고
18558,2019111600100402,2019년 11월 16일 15시,토요일,서울특별시 마포구 대흥동,경상사고,0,0,1,0,차대사람 - 횡단중,신호위반,포장 - 건조,맑음,교차로 - 교차로부근,승용,남,78세,기타불명,보행자,남,19세,경상
18559,2019111600100404,2019년 11월 16일 15시,토요일,서울특별시 중랑구 면목동,중상사고,0,1,0,0,차대사람 - 기타,안전운전불이행,포장 - 건조,맑음,교차로 - 교차로부근,승용,여,35세,상해없음,보행자,여,73세,중상
18560,2019111600100406,2019년 11월 16일 15시,토요일,서울특별시 강남구 역삼동,경상사고,0,0,1,0,차대사람 - 기타,보행자보호의무위반,포장 - 건조,맑음,교차로 - 교차로횡단보도내,승용,남,55세,상해없음,보행자,여,28세,경상
18561,2019111600100434,2019년 11월 16일 16시,토요일,서울특별시 금천구 시흥동,경상사고,0,0,1,0,차대사람 - 기타,안전운전불이행,포장 - 건조,흐림,단일로 - 기타,승합,남,58세,상해없음,보행자,여,8세,경상
18562,2019111600100437,2019년 11월 16일 16시,토요일,서울특별시 관악구 신림동,중상사고,0,1,0,0,차대사람 - 차도통행중,안전운전불이행,포장 - 건조,맑음,단일로 - 기타,승용,남,45세,상해없음,보행자,남,63세,중상
18563,2019111600100482,2019년 11월 16일 17시,토요일,서울특별시 영등포구 영등포동5가,경상사고,0,0,1,0,차대사람 - 기타,안전운전불이행,포장 - 건조,맑음,단일로 - 기타,승용,여,46세,상해없음,보행자,여,65세,경상
18564,2019111600100484,2019년 11월 16일 17시,토요일,서울특별시 강동구 암사동,중상사고,0,1,0,0,차대사람 - 횡단중,신호위반,포장 - 건조,맑음,교차로 - 교차로안,이륜,남,18세,상해없음,보행자,여,60세,중상
18565,2019111600100487,2019년 11월 16일 17시,토요일,서울특별시 노원구 월계동,경상사고,0,0,1,0,차대사람 - 기타,보행자보호의무위반,포장 - 건조,맑음,단일로 - 기타,자전거,남,38세,상해없음,보행자,여,45세,경상
18566,2019111600100522,2019년 11월 16일 18시,토요일,서울특별시 관악구 신림동,중상사고,0,1,0,0,차대사람 - 기타,안전운전불이행,포장 - 건조,맑음,교차로 - 교차로안,이륜,남,71세,상해없음,보행자,남,37세,중상
18567,2019111600100524,2019년 11월 16일 18시,토요일,서울특별시 송파구 풍납동,경상사고,0,0,1,0,차대사람 - 기타,안전운전불이행,포장 - 건조,맑음,기타 - 기타,승용,남,25세,상해없음,보행자,남,46세,경상
18568,2019111600100525,2019년 11월 16일 18시,토요일,서울특별시 강남구 도곡동,중상사고,0,1,0,0,차대사람 - 횡단중,보행자보호의무위반,포장 - 건조,흐림,교차로 - 교차로안,승용,남,48세,상해없음,보행자,남,53세,중상
18569,2019111600100580,2019년 11월 16일 19시,토요일,서울특별시 서대문구 창천동,경상사고,0,0,1,0,차대사람 - 길가장자리구역통행중,안전운전불이행,포장 - 건조,맑음,단일로 - 기타,승용,남,24세,상해없음,보행자,남,34세,경상
18570,2019111600100583,2019년 11월 16일 19시,토요일,서울특별시 중랑구 묵동,중상사고,0,1,0,0,차대사람 - 차도통행중,신호위반,포장 - 건조,맑음,단일로 - 기타,승용,남,63세,상해없음,보행자,남,54세,중상
18571,2019111600100585,2019년 11월 16일 19시,토요일,서울특별시 강서구 가양동,경상사고,0,0,1,0,차대사람 - 차도통행중,안전운전불이행,포장 - 건조,흐림,교차로 - 교차로부근,화물,남,47세,기타불명,보행자,남,78세,경상
18572,2019111600100586,2019년 11월 16일 19시,토요일,서울특별시 강서구 화곡동,경상사고,0,0,1,0,차대사람 - 기타,안전운전불이행,포장 - 건조,맑음,단일로 - 기타,승용,남,54세,상해없음,보행자,여,80세,경상
18573,2019111600100587,2019년 11월 16일 19시,토요일,서울특별시 강동구 성내동,중상사고,0,1,0,0,차대사람 - 차도통행중,안전운전불이행,포장 - 건조,맑음,단일로 - 기타,승합,남,40세,상해없음,보행자,남,68세,중상
18574,2019111600100589,2019년 11월 16일 19시,토요일,서울특별시 도봉구 방학동,경상사고,0,0,1,0,차대사람 - 횡단중,보행자보호의무위반,포장 - 건조,맑음,교차로 - 교차로횡단보도내,승용,여,39세,상해없음,보행자,남,64세,경상
18575,2019111600100708,2019년 11월 16일 23시,토요일,서울특별시 송파구 잠실동,경상사고,0,0,1,0,차대사람 - 기타,안전운전불이행,포장 - 건조,맑음,단일로 - 기타,승용,남,22세,상해없음,보행자,남,29세,경상
18576,2019111600100709,2019년 11월 16일 23시,토요일,서울특별시 성북구 하월곡동,경상사고,0,0,1,0,차대사람 - 기타,안전운전불이행,포장 - 건조,맑음,교차로 - 교차로안,승용,남,23세,상해없음,보행자,남,48세,경상
18577,2019111600100711,2019년 11월 16일 23시,토요일,서울특별시 도봉구 창동,경상사고,0,0,1,0,차대사람 - 횡단중,안전운전불이행,포장 - 건조,맑음,단일로 - 기타,승용,여,57세,상해없음,보행자,남,58세,경상
18578,2019111700100029,2019년 11월 17일 00시,일요일,서울특별시 영등포구 신길동,경상사고,0,0,1,0,차대사람 - 차도통행중,안전운전불이행,포장 - 건조,맑음,단일로 - 기타,승용,남,62세,상해없음,보행자,여,58세,경상
18579,2019111700100052,2019년 11월 17일 01시,일요일,서울특별시 강남구 논현동,중상사고,0,1,0,0,차대사람 - 차도통행중,안전운전불이행,포장 - 건조,맑음,단일로 - 기타,승용,남,70세,상해없음,보행자,여,26세,중상
18580,2019111700100053,2019년 11월 17일 01시,일요일,서울특별시 강남구 역삼동,경상사고,0,0,1,0,차대사람 - 길가장자리구역통행중,안전운전불이행,포장 - 건조,맑음,단일로 - 기타,승용,남,25세,상해없음,보행자,여,23세,경상
18581,2019111700100081,2019년 11월 17일 03시,일요일,서울특별시 은평구 불광동,중상사고,0,1,0,0,차대사람 - 기타,안전운전불이행,포장 - 건조,맑음,교차로 - 교차로부근,승용,여,44세,상해없음,보행자,남,45세,중상
18582,2019111700100107,2019년 11월 17일 06시,일요일,서울특별시 강북구 수유동,부상신고사고,0,0,0,1,차대사람 - 기타,안전운전불이행,포장 - 건조,흐림,단일로 - 기타,승용,남,32세,상해없음,보행자,남,80세,부상신고
18583,2019111700100124,2019년 11월 17일 08시,일요일,서울특별시 송파구 삼전동,경상사고,0,0,1,0,차대사람 - 보도통행중,기타,포장 - 건조,맑음,단일로 - 기타,화물,남,36세,상해없음,보행자,남,24세,경상
18584,2019111700100168,2019년 11월 17일 11시,일요일,서울특별시 마포구 공덕동,경상사고,0,0,1,0,차대사람 - 보도통행중,보행자보호의무위반,포장 - 젖음/습기,비,교차로 - 교차로횡단보도내,승용,남,55세,상해없음,보행자,남,47세,경상
18585,2019111700100219,2019년 11월 17일 13시,일요일,서울특별시 영등포구 신길동,중상사고,0,1,0,0,차대사람 - 횡단중,안전운전불이행,포장 - 건조,맑음,단일로 - 기타,승용,남,66세,상해없음,보행자,여,53세,중상
18586,2019111700100220,2019년 11월 17일 13시,일요일,서울특별시 동작구 노량진동,중상사고,0,1,1,0,차대사람 - 횡단중,보행자보호의무위반,포장 - 젖음/습기,비,단일로 - 기타,이륜,남,62세,상해없음,보행자,여,28세,중상
18587,2019111700100298,2019년 11월 17일 16시,일요일,서울특별시 광진구 화양동,경상사고,0,0,1,0,차대사람 - 차도통행중,안전운전불이행,포장 - 젖음/습기,비,단일로 - 기타,이륜,남,46세,상해없음,보행자,남,25세,경상
18588,2019111700100302,2019년 11월 17일 16시,일요일,서울특별시 양천구 신월동,중상사고,0,1,0,0,차대사람 - 횡단중,보행자보호의무위반,포장 - 젖음/습기,비,교차로 - 교차로안,승용,남,43세,상해없음,보행자,여,60세,중상
18589,2019111700100335,2019년 11월 17일 17시,일요일,서울특별시 금천구 시흥동,중상사고,0,1,0,0,차대사람 - 기타,안전운전불이행,포장 - 건조,맑음,단일로 - 기타,승용,남,76세,상해없음,보행자,여,60세,중상
18590,2019111700100338,2019년 11월 17일 17시,일요일,서울특별시 강남구 논현동,경상사고,0,0,1,0,차대사람 - 횡단중,보행자보호의무위반,포장 - 기타,맑음,교차로 - 교차로횡단보도내,승용,남,23세,상해없음,보행자,여,26세,경상
18591,2019111700100373,2019년 11월 17일 18시,일요일,서울특별시 서대문구 홍제동,중상사고,0,1,0,0,차대사람 - 횡단중,안전운전불이행,포장 - 건조,맑음,교차로 - 교차로횡단보도내,승용,남,54세,상해없음,보행자,남,25세,중상
18592,2019111700100381,2019년 11월 17일 18시,일요일,서울특별시 은평구 불광동,경상사고,0,0,1,0,차대사람 - 기타,안전운전불이행,포장 - 건조,맑음,교차로 - 교차로횡단보도내,승용,남,42세,상해없음,보행자,여,62세,경상
18593,2019111700100441,2019년 11월 17일 19시,일요일,서울특별시 강북구 미아동,경상사고,0,0,1,0,차대사람 - 길가장자리구역통행중,안전운전불이행,포장 - 젖음/습기,비,단일로 - 기타,기타불명,기타불명,미분류,기타불명,보행자,여,61세,경상
18594,2019111700100442,2019년 11월 17일 19시,일요일,서울특별시 영등포구 양평동4가,경상사고,0,0,1,0,차대사람 - 기타,안전운전불이행,포장 - 젖음/습기,비,단일로 - 기타,승용,남,63세,상해없음,보행자,여,65세,경상
18595,2019111700100447,2019년 11월 17일 19시,일요일,서울특별시 노원구 공릉동,경상사고,0,0,1,0,차대사람 - 횡단중,보행자보호의무위반,포장 - 젖음/습기,비,단일로 - 고가도로위,기타불명,기타불명,미분류,기타불명,보행자,남,67세,경상
18596,2019111700100448,2019년 11월 17일 19시,일요일,서울특별시 강남구 개포동,중상사고,0,1,0,0,차대사람 - 기타,안전운전불이행,포장 - 건조,맑음,단일로 - 기타,승용,남,53세,상해없음,보행자,여,50세,중상
18597,2019111700100497,2019년 11월 17일 20시,일요일,서울특별시 서대문구 남가좌동,중상사고,0,1,0,0,차대사람 - 횡단중,안전운전불이행,포장 - 젖음/습기,비,교차로 - 교차로안,승용,여,37세,상해없음,보행자,여,77세,중상
18598,2019111700100498,2019년 11월 17일 20시,일요일,서울특별시 동대문구 휘경동,중상사고,0,1,0,0,차대사람 - 횡단중,보행자보호의무위반,포장 - 젖음/습기,비,교차로 - 교차로횡단보도내,승용,남,49세,상해없음,보행자,남,43세,중상
18599,2019111700100502,2019년 11월 17일 20시,일요일,서울특별시 중랑구 면목동,중상사고,0,2,0,0,차대사람 - 횡단중,안전운전불이행,포장 - 젖음/습기,맑음,단일로 - 기타,이륜,남,32세,중상,보행자,여,90세 이상,중상
18600,2019111700100561,2019년 11월 17일 22시,일요일,서울특별시 금천구 가산동,경상사고,0,0,1,0,차대사람 - 기타,보행자보호의무위반,포장 - 건조,맑음,단일로 - 기타,이륜,남,48세,상해없음,보행자,남,48세,경상
18601,2019111700100588,2019년 11월 17일 23시,일요일,서울특별시 구로구 오류동,중상사고,0,1,0,0,차대사람 - 보도통행중,안전운전불이행,포장 - 젖음/습기,비,교차로 - 교차로횡단보도내,승용,남,56세,상해없음,보행자,남,50세,중상
18602,2019111800100027,2019년 11월 18일 00시,월요일,서울특별시 마포구 노고산동,경상사고,0,0,1,0,차대사람 - 기타,안전운전불이행,포장 - 젖음/습기,비,단일로 - 기타,이륜,남,46세,상해없음,보행자,남,19세,경상
18603,2019111800100028,2019년 11월 18일 00시,월요일,서울특별시 영등포구 당산동4가,경상사고,0,0,1,0,차대사람 - 횡단중,신호위반,포장 - 젖음/습기,비,교차로 - 교차로안,승용,남,53세,상해없음,보행자,남,17세,경상
18604,2019111800100081,2019년 11월 18일 06시,월요일,서울특별시 서대문구 창천동,중상사고,0,1,0,0,차대사람 - 횡단중,신호위반,포장 - 젖음/습기,흐림,단일로 - 기타,승용,남,82세,상해없음,보행자,남,67세,중상
18605,2019111800100107,2019년 11월 18일 07시,월요일,서울특별시 도봉구 창동,경상사고,0,0,1,0,차대사람 - 횡단중,신호위반,포장 - 건조,맑음,교차로 - 교차로안,승용,남,50세,상해없음,보행자,여,33세,경상
18606,2019111800100109,2019년 11월 18일 07시,월요일,서울특별시 강남구 역삼동,경상사고,0,0,1,0,차대사람 - 길가장자리구역통행중,안전운전불이행,포장 - 건조,맑음,교차로 - 교차로안,승용,남,39세,상해없음,보행자,여,22세,경상
18607,2019111800100132,2019년 11월 18일 08시,월요일,서울특별시 성북구 장위동,중상사고,0,1,0,0,차대사람 - 횡단중,신호위반,포장 - 젖음/습기,흐림,단일로 - 기타,자전거,남,18세,상해없음,보행자,여,67세,중상
18608,2019111800100133,2019년 11월 18일 08시,월요일,서울특별시 성동구 금호동3가,경상사고,0,0,1,0,차대사람 - 기타,안전운전불이행,포장 - 건조,맑음,단일로 - 기타,기타불명,기타불명,미분류,기타불명,보행자,남,11세,경상
18609,2019111800100194,2019년 11월 18일 09시,월요일,서울특별시 강서구 가양동,경상사고,0,0,1,0,차대사람 - 기타,안전운전불이행,포장 - 건조,맑음,교차로 - 교차로부근,승용,남,68세,상해없음,보행자,여,51세,경상
18610,2019111800100195,2019년 11월 18일 09시,월요일,서울특별시 송파구 문정동,경상사고,0,0,1,0,차대사람 - 기타,안전운전불이행,포장 - 건조,맑음,단일로 - 기타,승용,남,79세,상해없음,보행자,남,36세,경상
18611,2019111800100197,2019년 11월 18일 09시,월요일,서울특별시 은평구 구산동,경상사고,0,0,1,0,차대사람 - 기타,안전운전불이행,포장 - 건조,맑음,기타 - 기타,화물,남,53세,상해없음,보행자,여,23세,경상
18612,2019111800100224,2019년 11월 18일 10시,월요일,서울특별시 영등포구 대림동,경상사고,0,0,1,0,차대사람 - 기타,안전운전불이행,포장 - 건조,맑음,단일로 - 기타,승용,남,42세,상해없음,보행자,남,57세,경상
18613,2019111800100225,2019년 11월 18일 10시,월요일,서울특별시 동작구 본동,경상사고,0,0,1,0,차대사람 - 횡단중,보행자보호의무위반,포장 - 건조,맑음,교차로 - 교차로횡단보도내,승용,여,41세,상해없음,보행자,여,58세,경상
18614,2019111800100229,2019년 11월 18일 10시,월요일,서울특별시 도봉구 창동,경상사고,0,0,1,0,차대사람 - 기타,신호위반,포장 - 건조,맑음,교차로 - 교차로횡단보도내,승용,남,70세,상해없음,보행자,여,53세,경상
18615,2019111800100254,2019년 11월 18일 11시,월요일,서울특별시 동대문구 장안동,경상사고,0,0,1,0,차대사람 - 기타,안전운전불이행,포장 - 건조,맑음,단일로 - 기타,승용,남,48세,상해없음,보행자,남,73세,경상
18616,2019111800100259,2019년 11월 18일 11시,월요일,서울특별시 성북구 장위동,경상사고,0,0,2,0,차대사람 - 횡단중,안전운전불이행,포장 - 건조,맑음,교차로 - 교차로부근,승용,남,62세,상해없음,보행자,여,18세,경상
18617,2019111800100260,2019년 11월 18일 11시,월요일,서울특별시 성북구 하월곡동,경상사고,0,0,1,0,차대사람 - 길가장자리구역통행중,안전운전불이행,포장 - 건조,맑음,단일로 - 기타,승용,여,32세,상해없음,보행자,남,35세,경상
18618,2019111800100283,2019년 11월 18일 12시,월요일,서울특별시 영등포구 대림동,중상사고,0,1,0,0,차대사람 - 횡단중,보행자보호의무위반,포장 - 건조,맑음,교차로 - 교차로안,승합,남,68세,상해없음,보행자,여,49세,중상
18619,2019111800100344,2019년 11월 18일 14시,월요일,서울특별시 종로구 와룡동,부상신고사고,0,0,0,1,차대사람 - 보도통행중,안전운전불이행,포장 - 건조,맑음,교차로 - 교차로부근,기타불명,기타불명,미분류,기타불명,보행자,남,60세,부상신고
18620,2019111800100345,2019년 11월 18일 14시,월요일,서울특별시 은평구 응암동,중상사고,0,1,0,0,차대사람 - 기타,안전운전불이행,포장 - 건조,맑음,단일로 - 기타,승용,남,30세,상해없음,보행자,여,48세,중상
18621,2019111800100346,2019년 11월 18일 14시,월요일,서울특별시 은평구 응암동,경상사고,0,0,1,0,차대사람 - 기타,안전운전불이행,포장 - 건조,맑음,교차로 - 교차로안,승합,남,67세,상해없음,보행자,여,55세,경상
18622,2019111800100389,2019년 11월 18일 15시,월요일,서울특별시 용산구 한남동,중상사고,0,1,0,0,차대사람 - 횡단중,안전운전불이행,포장 - 건조,맑음,단일로 - 기타,이륜,남,50세,상해없음,보행자,여,75세,중상
18623,2019111800100390,2019년 11월 18일 15시,월요일,서울특별시 강북구 미아동,경상사고,0,0,1,0,차대사람 - 기타,안전운전불이행,포장 - 건조,흐림,단일로 - 기타,승용,남,68세,상해없음,보행자,남,13세,경상
18624,2019111800100392,2019년 11월 18일 15시,월요일,서울특별시 마포구 중동,경상사고,0,0,1,0,차대사람 - 길가장자리구역통행중,안전운전불이행,포장 - 건조,맑음,단일로 - 기타,승용,남,15세,상해없음,보행자,여,75세,경상
18625,2019111800100395,2019년 11월 18일 15시,월요일,서울특별시 도봉구 창동,중상사고,0,1,0,0,차대사람 - 기타,안전운전불이행,포장 - 건조,맑음,단일로 - 기타,자전거,남,18세,상해없음,보행자,여,78세,중상
18626,2019111800100432,2019년 11월 18일 16시,월요일,서울특별시 서대문구 북가좌동,경상사고,0,0,1,0,차대사람 - 기타,안전운전불이행,포장 - 건조,맑음,단일로 - 기타,승합,남,51세,상해없음,보행자,여,73세,경상
18627,2019111800100469,2019년 11월 18일 17시,월요일,서울특별시 관악구 신림동,중상사고,0,1,0,0,차대사람 - 기타,안전운전불이행,포장 - 기타,맑음,교차로 - 교차로안,승용,남,65세,상해없음,보행자,남,44세,중상
18628,2019111800100531,2019년 11월 18일 18시,월요일,서울특별시 서초구 우면동,경상사고,0,0,1,0,차대사람 - 길가장자리구역통행중,안전운전불이행,포장 - 건조,맑음,기타 - 기타,승용,남,26세,상해없음,보행자,남,15세,경상
18629,2019111800100593,2019년 11월 18일 19시,월요일,서울특별시 영등포구 영등포동3가,중상사고,0,1,0,0,차대사람 - 차도통행중,안전운전불이행,포장 - 건조,맑음,단일로 - 기타,승합,남,54세,상해없음,보행자,여,45세,중상
18630,2019111800100601,2019년 11월 18일 19시,월요일,서울특별시 구로구 구로동,중상사고,0,1,0,0,차대사람 - 기타,신호위반,포장 - 건조,맑음,교차로 - 교차로부근,이륜,남,49세,상해없음,보행자,남,87세,중상
18631,2019111800100635,2019년 11월 18일 20시,월요일,서울특별시 강북구 번동,경상사고,0,0,1,0,차대사람 - 횡단중,신호위반,포장 - 건조,맑음,교차로 - 교차로횡단보도내,승용,여,50세,상해없음,보행자,여,59세,경상
18632,2019111800100639,2019년 11월 18일 20시,월요일,서울특별시 양천구 신월동,경상사고,0,0,1,0,차대사람 - 횡단중,안전운전불이행,포장 - 건조,맑음,교차로 - 교차로안,승용,남,26세,상해없음,보행자,남,64세,경상
18633,2019111800100640,2019년 11월 18일 20시,월요일,서울특별시 강남구 대치동,경상사고,0,0,1,0,차대사람 - 기타,안전운전불이행,포장 - 건조,맑음,단일로 - 기타,승합,남,58세,상해없음,보행자,남,27세,경상
18634,2019111800100659,2019년 11월 18일 21시,월요일,서울특별시 종로구 세종로,경상사고,0,0,1,0,차대사람 - 횡단중,보행자보호의무위반,포장 - 건조,맑음,교차로 - 교차로안,승용,여,65세,상해없음,보행자,남,55세,경상
18635,2019111800100662,2019년 11월 18일 21시,월요일,서울특별시 강남구 자곡동,경상사고,0,0,1,0,차대사람 - 횡단중,보행자보호의무위반,포장 - 건조,기타,교차로 - 교차로횡단보도내,승용,남,80세,상해없음,보행자,남,44세,경상
18636,2019111800100678,2019년 11월 18일 22시,월요일,서울특별시 성동구 마장동,경상사고,0,0,1,0,차대사람 - 기타,안전운전불이행,포장 - 건조,맑음,단일로 - 기타,승합,남,52세,상해없음,보행자,여,35세,경상
18637,2019111800100679,2019년 11월 18일 22시,월요일,서울특별시 동작구 노량진동,중상사고,0,1,0,0,차대사람 - 기타,안전운전불이행,포장 - 건조,맑음,단일로 - 기타,승용,남,41세,상해없음,보행자,남,35세,중상
18638,2019111900100069,2019년 11월 19일 04시,화요일,서울특별시 구로구 구로동,중상사고,0,1,0,0,차대사람 - 기타,안전운전불이행,포장 - 건조,맑음,교차로 - 교차로횡단보도내,승용,남,40세,상해없음,보행자,남,82세,중상
18639,2019111900100074,2019년 11월 19일 05시,화요일,서울특별시 성북구 길음동,중상사고,0,1,0,0,차대사람 - 기타,안전운전불이행,포장 - 건조,맑음,교차로 - 교차로안,승용,남,76세,상해없음,보행자,여,62세,중상
18640,2019111900100083,2019년 11월 19일 06시,화요일,서울특별시 은평구 수색동,중상사고,0,1,0,0,차대사람 - 횡단중,보행자보호의무위반,포장 - 건조,맑음,교차로 - 교차로횡단보도내,승용,남,39세,상해없음,보행자,여,76세,중상
18641,2019111900100087,2019년 11월 19일 06시,화요일,서울특별시 구로구 고척동,경상사고,0,0,1,0,차대사람 - 기타,안전운전불이행,포장 - 건조,맑음,단일로 - 기타,승용,여,54세,상해없음,보행자,여,78세,경상
18642,2019111900100102,2019년 11월 19일 07시,화요일,서울특별시 동대문구 전농동,경상사고,0,0,1,0,차대사람 - 횡단중,안전운전불이행,포장 - 건조,맑음,단일로 - 기타,승용,여,44세,상해없음,보행자,여,16세,경상
18643,2019111900100190,2019년 11월 19일 09시,화요일,서울특별시 강북구 미아동,중상사고,0,1,0,0,차대사람 - 기타,기타,포장 - 건조,맑음,단일로 - 기타,자전거,여,52세,상해없음,보행자,여,73세,중상