,사고번호,사고일시,요일,시군구,사고내용,사망자수,중상자수,경상자수,부상신고자수,사고유형,법규위반,노면상태,기상상태,도로형태,가해운전자 차종,가해운전자 성별,가해운전자 연령,가해운전자 상해정도,피해운전자 차종,피해운전자 성별,피해운전자 연령,피해운전자 상해정도
18979,2019113000100359,2019년 11월 30일 14시,토요일,서울특별시 강북구 수유동,경상사고,0,0,1,0,차대사람 - 기타,안전운전불이행,포장 - 건조,맑음,단일로 - 기타,승용,남,26세,상해없음,보행자,남,82세,경상
18980,2019113000100362,2019년 11월 30일 14시,토요일,서울특별시 양천구 목동,경상사고,0,0,1,0,차대사람 - 기타,안전운전불이행,포장 - 건조,맑음,단일로 - 기타,승용,여,33세,상해없음,보행자,여,58세,경상
18981,2019113000100398,2019년 11월 30일 15시,토요일,서울특별시 강남구 청담동,경상사고,0,0,1,0,차대사람 - 길가장자리구역통행중,안전운전불이행,포장 - 건조,맑음,단일로 - 기타,승용,여,63세,상해없음,보행자,여,39세,경상
18982,2019113000100481,2019년 11월 30일 17시,토요일,서울특별시 광진구 화양동,경상사고,0,0,1,0,차대사람 - 기타,안전운전불이행,포장 - 건조,맑음,단일로 - 기타,승용,여,25세,상해없음,보행자,남,68세,경상
18983,2019113000100485,2019년 11월 30일 17시,토요일,서울특별시 강동구 천호동,중상사고,0,1,0,0,차대사람 - 차도통행중,안전운전불이행,포장 - 건조,맑음,단일로 - 기타,승용,남,60세,상해없음,보행자,여,68세,중상
18984,2019113000100486,2019년 11월 30일 17시,토요일,서울특별시 송파구 잠실동,중상사고,0,1,0,0,차대사람 - 횡단중,안전운전불이행,포장 - 건조,맑음,교차로 - 교차로안,승용,남,58세,상해없음,보행자,여,61세,중상
18985,2019113000100529,2019년 11월 30일 18시,토요일,서울특별시 서대문구 창천동,부상신고사고,0,0,0,1,차대사람 - 기타,안전운전불이행,포장 - 건조,맑음,단일로 - 기타,승용,남,30세,상해없음,보행자,여,23세,부상신고
18986,2019113000100533,2019년 11월 30일 18시,토요일,서울특별시 성북구 하월곡동,경상사고,0,0,1,0,차대사람 - 횡단중,안전운전불이행,포장 - 건조,맑음,단일로 - 기타,이륜,남,21세,상해없음,보행자,여,37세,경상
18987,2019113000100534,2019년 11월 30일 18시,토요일,서울특별시 구로구 오류동,중상사고,0,1,0,0,차대사람 - 기타,안전운전불이행,포장 - 건조,맑음,단일로 - 기타,승용,남,32세,상해없음,보행자,여,53세,중상
18988,2019113000100593,2019년 11월 30일 19시,토요일,서울특별시 용산구 한남동,경상사고,0,0,1,0,차대사람 - 길가장자리구역통행중,안전운전불이행,포장 - 건조,맑음,단일로 - 기타,승용,여,28세,상해없음,보행자,여,34세,경상
18989,2019113000100596,2019년 11월 30일 19시,토요일,서울특별시 중랑구 면목동,경상사고,0,0,1,0,차대사람 - 기타,안전운전불이행,포장 - 건조,맑음,단일로 - 기타,승용,남,48세,상해없음,보행자,남,34세,경상
18990,2019113000100631,2019년 11월 30일 20시,토요일,서울특별시 송파구 석촌동,중상사고,0,1,0,0,차대사람 - 기타,안전운전불이행,포장 - 건조,맑음,단일로 - 기타,승용,남,77세,상해없음,보행자,남,59세,중상
18991,2019113000100634,2019년 11월 30일 20시,토요일,서울특별시 강남구 역삼동,경상사고,0,0,2,0,차대사람 - 횡단중,안전운전불이행,포장 - 건조,맑음,단일로 - 기타,승용,남,43세,상해없음,보행자,여,25세,경상
18992,2019113000100684,2019년 11월 30일 22시,토요일,서울특별시 마포구 성산동,경상사고,0,0,1,0,차대사람 - 횡단중,보행자보호의무위반,포장 - 건조,맑음,교차로 - 교차로횡단보도내,기타불명,기타불명,미분류,기타불명,보행자,여,22세,경상
18993,2019113000100686,2019년 11월 30일 22시,토요일,서울특별시 관악구 신림동,경상사고,0,0,1,0,차대사람 - 횡단중,안전운전불이행,포장 - 건조,맑음,교차로 - 교차로안,승용,남,72세,상해없음,보행자,남,56세,경상
18994,2019113000100706,2019년 11월 30일 23시,토요일,서울특별시 마포구 서교동,경상사고,0,0,1,0,차대사람 - 길가장자리구역통행중,신호위반,포장 - 건조,맑음,단일로 - 기타,승용,남,23세,상해없음,보행자,여,26세,경상
18995,2019113000100707,2019년 11월 30일 23시,토요일,서울특별시 성동구 금호동3가,중상사고,0,1,0,0,차대사람 - 횡단중,안전운전불이행,포장 - 건조,맑음,교차로 - 교차로부근,화물,남,35세,상해없음,보행자,남,50세,중상
18996,2019120100100022,2019년 12월 1일 00시,일요일,서울특별시 종로구 종로3가,경상사고,0,0,1,0,차대사람 - 기타,안전운전불이행,포장 - 건조,맑음,단일로 - 기타,기타불명,기타불명,미분류,기타불명,보행자,남,48세,경상
18997,2019120100100044,2019년 12월 1일 01시,일요일,서울특별시 성북구 동소문동5가,경상사고,0,0,1,0,차대사람 - 횡단중,안전운전불이행,포장 - 건조,맑음,교차로 - 교차로안,이륜,남,36세,상해없음,보행자,남,16세,경상
18998,2019120100100065,2019년 12월 1일 02시,일요일,서울특별시 도봉구 쌍문동,중상사고,0,1,0,0,차대사람 - 횡단중,안전운전불이행,포장 - 젖음/습기,비,단일로 - 기타,승용,남,65세,상해없음,보행자,남,29세,중상
18999,2019120100100079,2019년 12월 1일 03시,일요일,서울특별시 송파구 송파동,중상사고,0,1,0,0,차대사람 - 횡단중,안전운전불이행,포장 - 건조,맑음,교차로 - 교차로부근,승용,남,78세,상해없음,보행자,여,29세,중상
19000,2019120100100080,2019년 12월 1일 03시,일요일,서울특별시 서초구 반포동,경상사고,0,0,1,0,차대사람 - 기타,안전운전불이행,포장 - 건조,맑음,기타 - 기타,승용,남,22세,상해없음,보행자,남,28세,경상
19001,2019120100100103,2019년 12월 1일 05시,일요일,서울특별시 용산구 이태원동,경상사고,0,0,1,0,차대사람 - 기타,안전운전불이행,포장 - 건조,맑음,기타 - 기타,이륜,남,27세,상해없음,보행자,여,19세,경상
19002,2019120100100105,2019년 12월 1일 05시,일요일,서울특별시 마포구 합정동,사망사고,1,0,0,0,차대사람 - 차도통행중,과속,포장 - 기타,맑음,단일로 - 기타,승용,남,50세,상해없음,보행자,남,22세,사망
19003,2019120100100111,2019년 12월 1일 06시,일요일,서울특별시 은평구 증산동,경상사고,0,0,1,0,차대사람 - 기타,신호위반,포장 - 건조,맑음,단일로 - 기타,승용,남,71세,상해없음,보행자,남,59세,경상
19004,2019120100100127,2019년 12월 1일 07시,일요일,서울특별시 강북구 수유동,경상사고,0,0,1,0,차대사람 - 횡단중,신호위반,포장 - 젖음/습기,비,교차로 - 교차로안,이륜,남,79세,상해없음,보행자,남,39세,경상
19005,2019120100100146,2019년 12월 1일 09시,일요일,서울특별시 영등포구 문래동3가,경상사고,0,0,1,0,차대사람 - 횡단중,신호위반,포장 - 젖음/습기,비,단일로 - 기타,승용,여,55세,상해없음,보행자,여,26세,경상
19006,2019120100100164,2019년 12월 1일 10시,일요일,서울특별시 구로구 오류동,경상사고,0,0,1,0,차대사람 - 기타,안전운전불이행,포장 - 젖음/습기,비,교차로 - 교차로부근,승용,여,59세,상해없음,보행자,여,31세,경상
19007,2019120100100183,2019년 12월 1일 11시,일요일,서울특별시 양천구 신월동,경상사고,0,0,1,0,차대사람 - 기타,안전운전불이행,포장 - 건조,맑음,단일로 - 기타,승합,남,59세,상해없음,보행자,여,51세,경상
19008,2019120100100209,2019년 12월 1일 12시,일요일,서울특별시 영등포구 신길동,경상사고,0,0,1,0,차대사람 - 기타,안전운전불이행,포장 - 젖음/습기,맑음,단일로 - 기타,승용,남,35세,상해없음,보행자,여,69세,경상
19009,2019120100100234,2019년 12월 1일 13시,일요일,서울특별시 동대문구 전농동,중상사고,0,1,0,0,차대사람 - 기타,안전운전불이행,포장 - 건조,맑음,단일로 - 기타,승용,남,67세,상해없음,보행자,남,60세,중상
19010,2019120100100267,2019년 12월 1일 14시,일요일,서울특별시 강동구 길동,경상사고,0,0,1,0,차대사람 - 기타,기타,포장 - 젖음/습기,비,단일로 - 기타,승합,남,44세,상해없음,보행자,남,65세,경상
19011,2019120100100337,2019년 12월 1일 16시,일요일,서울특별시 영등포구 대림동,경상사고,0,0,1,0,차대사람 - 기타,안전운전불이행,포장 - 젖음/습기,비,단일로 - 기타,승용,남,36세,상해없음,보행자,여,61세,경상
19012,2019120100100368,2019년 12월 1일 17시,일요일,서울특별시 도봉구 창동,경상사고,0,0,1,0,차대사람 - 횡단중,신호위반,포장 - 건조,맑음,단일로 - 기타,승용,남,60세,상해없음,보행자,여,62세,경상
19013,2019120100100370,2019년 12월 1일 17시,일요일,서울특별시 강남구 대치동,경상사고,0,0,1,0,차대사람 - 보도통행중,기타,포장 - 젖음/습기,흐림,단일로 - 기타,승용,여,65세,상해없음,보행자,여,45세,경상
19014,2019120100100416,2019년 12월 1일 18시,일요일,서울특별시 강남구 역삼동,중상사고,0,1,0,0,차대사람 - 기타,보행자보호의무위반,포장 - 젖음/습기,비,단일로 - 기타,승용,남,33세,상해없음,보행자,여,64세,중상
19015,2019120100100466,2019년 12월 1일 19시,일요일,서울특별시 강서구 화곡동,경상사고,0,0,1,0,차대사람 - 횡단중,안전운전불이행,포장 - 젖음/습기,비,교차로 - 교차로안,승용,남,46세,상해없음,보행자,남,49세,경상
19016,2019120100100516,2019년 12월 1일 20시,일요일,서울특별시 강서구 화곡동,경상사고,0,0,1,0,차대사람 - 횡단중,신호위반,포장 - 젖음/습기,비,교차로 - 교차로횡단보도내,이륜,남,61세,상해없음,보행자,여,54세,경상
19017,2019120100100517,2019년 12월 1일 20시,일요일,서울특별시 송파구 가락동,경상사고,0,0,1,0,차대사람 - 기타,중앙선침범,포장 - 젖음/습기,비,단일로 - 기타,화물,남,44세,상해없음,보행자,남,53세,경상
19018,2019120100100542,2019년 12월 1일 21시,일요일,서울특별시 강동구 천호동,중상사고,0,1,0,0,차대사람 - 횡단중,안전운전불이행,포장 - 젖음/습기,비,단일로 - 기타,이륜,남,39세,상해없음,보행자,여,70세,중상
19019,2019120100100592,2019년 12월 1일 23시,일요일,서울특별시 종로구 종로3가,경상사고,0,0,1,0,차대사람 - 기타,안전운전불이행,포장 - 건조,맑음,단일로 - 지하차도(도로)내,승합,남,60세,상해없음,보행자,남,59세,경상
19020,2019120200100052,2019년 12월 2일 05시,월요일,서울특별시 종로구 원남동,중상사고,0,1,0,0,차대사람 - 횡단중,보행자보호의무위반,포장 - 건조,맑음,교차로 - 교차로횡단보도내,승용,남,35세,상해없음,보행자,여,47세,중상
19021,2019120200100053,2019년 12월 2일 05시,월요일,서울특별시 마포구 도화동,중상사고,0,1,0,0,차대사람 - 기타,안전운전불이행,포장 - 젖음/습기,흐림,단일로 - 기타,화물,남,69세,상해없음,보행자,여,81세,중상
19022,2019120200100077,2019년 12월 2일 07시,월요일,서울특별시 영등포구 양평동3가,중상사고,0,1,0,0,차대사람 - 차도통행중,안전운전불이행,포장 - 건조,맑음,교차로 - 교차로부근,승용,남,38세,상해없음,보행자,남,58세,중상
19023,2019120200100078,2019년 12월 2일 07시,월요일,서울특별시 강서구 등촌동,경상사고,0,0,1,0,차대사람 - 길가장자리구역통행중,안전운전불이행,포장 - 건조,맑음,단일로 - 기타,승용,여,28세,상해없음,보행자,여,30세,경상
19024,2019120200100095,2019년 12월 2일 08시,월요일,서울특별시 은평구 응암동,중상사고,0,1,0,0,차대사람 - 횡단중,신호위반,포장 - 건조,맑음,교차로 - 교차로횡단보도내,화물,남,58세,상해없음,보행자,여,66세,중상
19025,2019120200100097,2019년 12월 2일 08시,월요일,서울특별시 동작구 신대방동,경상사고,0,0,1,0,차대사람 - 횡단중,보행자보호의무위반,포장 - 건조,맑음,교차로 - 교차로횡단보도내,승용,여,47세,상해없음,보행자,남,8세,경상
19026,2019120200100139,2019년 12월 2일 09시,월요일,서울특별시 금천구 독산동,중상사고,0,1,0,0,차대사람 - 기타,안전운전불이행,포장 - 건조,맑음,단일로 - 기타,승용,남,65세,상해없음,보행자,여,62세,중상
19027,2019120200100141,2019년 12월 2일 09시,월요일,서울특별시 중랑구 망우동,경상사고,0,0,1,0,차대사람 - 횡단중,보행자보호의무위반,포장 - 건조,맑음,교차로 - 교차로안,이륜,남,58세,상해없음,보행자,여,24세,경상
19028,2019120200100145,2019년 12월 2일 09시,월요일,서울특별시 송파구 삼전동,경상사고,0,0,1,0,차대사람 - 기타,신호위반,포장 - 건조,맑음,기타 - 기타,승용,여,43세,상해없음,보행자,여,37세,경상
19029,2019120200100171,2019년 12월 2일 10시,월요일,서울특별시 영등포구 문래동6가,중상사고,0,1,0,0,차대사람 - 기타,안전운전불이행,포장 - 건조,맑음,교차로 - 교차로안,화물,남,68세,상해없음,보행자,남,72세,중상
19030,2019120200100204,2019년 12월 2일 11시,월요일,서울특별시 서대문구 홍은동,중상사고,0,1,0,0,차대사람 - 횡단중,보행자보호의무위반,포장 - 건조,맑음,교차로 - 교차로횡단보도내,승용,여,71세,상해없음,보행자,여,70세,중상
19031,2019120200100205,2019년 12월 2일 11시,월요일,서울특별시 마포구 공덕동,경상사고,0,0,1,0,차대사람 - 기타,신호위반,포장 - 건조,맑음,교차로 - 교차로안,기타불명,기타불명,미분류,기타불명,보행자,여,17세,경상
19032,2019120200100206,2019년 12월 2일 11시,월요일,서울특별시 영등포구 신길동,경상사고,0,0,1,0,차대사람 - 기타,기타,포장 - 건조,맑음,기타 - 기타,개인형이동수단(PM),여,75세,상해없음,보행자,남,39세,경상
19033,2019120200100211,2019년 12월 2일 11시,월요일,서울특별시 구로구 신도림동,경상사고,0,0,1,0,차대사람 - 기타,안전운전불이행,포장 - 건조,맑음,교차로 - 교차로부근,승용,남,68세,상해없음,보행자,여,63세,경상
19034,2019120200100213,2019년 12월 2일 11시,월요일,서울특별시 강남구 역삼동,경상사고,0,0,1,0,차대사람 - 길가장자리구역통행중,안전운전불이행,포장 - 건조,맑음,단일로 - 기타,승용,남,24세,상해없음,보행자,여,27세,경상
19035,2019120200100243,2019년 12월 2일 12시,월요일,서울특별시 동대문구 신설동,중상사고,0,1,0,0,차대사람 - 횡단중,신호위반,포장 - 건조,맑음,단일로 - 기타,이륜,남,46세,상해없음,보행자,남,50세,중상
19036,2019120200100246,2019년 12월 2일 12시,월요일,서울특별시 강남구 대치동,중상사고,0,1,0,0,차대사람 - 길가장자리구역통행중,안전운전불이행,포장 - 건조,맑음,단일로 - 기타,화물,남,54세,상해없음,보행자,여,72세,중상
19037,2019120200100268,2019년 12월 2일 13시,월요일,서울특별시 강북구 미아동,경상사고,0,0,1,0,차대사람 - 차도통행중,안전운전불이행,포장 - 건조,맑음,교차로 - 교차로부근,승용,여,40세,상해없음,보행자,여,70세,경상
19038,2019120200100269,2019년 12월 2일 13시,월요일,서울특별시 영등포구 문래동3가,경상사고,0,0,1,0,차대사람 - 횡단중,보행자보호의무위반,포장 - 건조,맑음,교차로 - 교차로횡단보도내,화물,남,62세,상해없음,보행자,남,63세,경상
19039,2019120200100274,2019년 12월 2일 13시,월요일,서울특별시 구로구 구로동,중상사고,0,1,0,0,차대사람 - 기타,안전운전불이행,포장 - 건조,맑음,단일로 - 기타,승용,남,29세,상해없음,보행자,남,38세,중상
19040,2019120200100298,2019년 12월 2일 14시,월요일,서울특별시 강남구 삼성동,경상사고,0,0,1,0,차대사람 - 횡단중,보행자보호의무위반,포장 - 건조,맑음,교차로 - 교차로부근,승용,여,38세,상해없음,보행자,여,63세,경상
19041,2019120200100361,2019년 12월 2일 16시,월요일,서울특별시 성북구 길음동,경상사고,0,0,1,0,차대사람 - 기타,안전운전불이행,포장 - 건조,맑음,교차로 - 교차로부근,승용,남,69세,상해없음,보행자,남,75세,경상
19042,2019120200100365,2019년 12월 2일 16시,월요일,서울특별시 강남구 일원동,부상신고사고,0,0,0,1,차대사람 - 기타,안전운전불이행,포장 - 건조,맑음,단일로 - 기타,승용,여,67세,상해없음,보행자,여,72세,부상신고
19043,2019120200100410,2019년 12월 2일 17시,월요일,서울특별시 광진구 군자동,부상신고사고,0,0,0,1,차대사람 - 기타,안전운전불이행,포장 - 건조,맑음,단일로 - 기타,승합,남,59세,상해없음,보행자,여,77세,부상신고
19044,2019120200100411,2019년 12월 2일 17시,월요일,서울특별시 동작구 상도동,경상사고,0,0,1,0,차대사람 - 횡단중,신호위반,포장 - 건조,맑음,교차로 - 교차로횡단보도내,이륜,남,57세,상해없음,보행자,여,19세,경상
19045,2019120200100414,2019년 12월 2일 17시,월요일,서울특별시 송파구 오금동,경상사고,0,0,2,0,차대사람 - 횡단중,보행자보호의무위반,포장 - 건조,맑음,교차로 - 교차로횡단보도내,승용,여,57세,상해없음,보행자,여,33세,경상
19046,2019120200100477,2019년 12월 2일 18시,월요일,서울특별시 서초구 방배동,중상사고,0,1,0,0,차대사람 - 횡단중,보행자보호의무위반,포장 - 건조,맑음,교차로 - 교차로안,화물,남,66세,상해없음,보행자,여,54세,중상
19047,2019120200100531,2019년 12월 2일 19시,월요일,서울특별시 광진구 중곡동,중상사고,0,1,0,0,차대사람 - 기타,안전운전불이행,포장 - 기타,맑음,기타 - 기타,승용,여,52세,상해없음,보행자,남,50세,중상
19048,2019120200100560,2019년 12월 2일 20시,월요일,서울특별시 중구 수하동,경상사고,0,0,1,0,차대사람 - 차도통행중,안전운전불이행,포장 - 건조,맑음,단일로 - 기타,승용,남,67세,상해없음,보행자,남,31세,경상
19049,2019120200100563,2019년 12월 2일 20시,월요일,서울특별시 노원구 상계동,경상사고,0,0,1,0,차대사람 - 횡단중,중앙선침범,포장 - 건조,맑음,단일로 - 기타,이륜,남,18세,상해없음,보행자,여,11세,경상
19050,2019120200100564,2019년 12월 2일 20시,월요일,서울특별시 강남구 일원동,경상사고,0,0,1,0,차대사람 - 기타,안전운전불이행,포장 - 젖음/습기,흐림,교차로 - 교차로횡단보도내,승용,남,66세,상해없음,보행자,여,46세,경상
19051,2019120200100579,2019년 12월 2일 21시,월요일,서울특별시 중구 저동1가,중상사고,0,1,0,0,차대사람 - 횡단중,안전운전불이행,포장 - 건조,맑음,교차로 - 교차로횡단보도내,승용,남,60세,상해없음,보행자,여,24세,중상
19052,2019120200100629,2019년 12월 2일 23시,월요일,서울특별시 관악구 봉천동,경상사고,0,0,1,0,차대사람 - 횡단중,안전운전불이행,포장 - 기타,맑음,단일로 - 기타,승용,남,50세,상해없음,보행자,남,59세,경상
19053,2019120200100630,2019년 12월 2일 23시,월요일,서울특별시 강서구 염창동,중상사고,0,1,0,0,차대사람 - 횡단중,보행자보호의무위반,포장 - 건조,맑음,교차로 - 교차로횡단보도내,승용,여,48세,상해없음,보행자,여,54세,중상
19054,2019120200100631,2019년 12월 2일 23시,월요일,서울특별시 서초구 서초동,부상신고사고,0,0,0,1,차대사람 - 기타,안전운전불이행,포장 - 건조,맑음,단일로 - 기타,승용,남,67세,상해없음,보행자,남,29세,부상신고
19055,2019120300100048,2019년 12월 3일 03시,화요일,서울특별시 관악구 신림동,경상사고,0,0,1,0,차대사람 - 기타,안전운전불이행,포장 - 건조,맑음,단일로 - 기타,승용,남,35세,상해없음,보행자,남,30세,경상
19056,2019120300100056,2019년 12월 3일 05시,화요일,서울특별시 강북구 미아동,경상사고,0,0,1,0,차대사람 - 횡단중,안전운전불이행,포장 - 건조,맑음,교차로 - 교차로안,승용,여,62세,상해없음,보행자,남,64세,경상
19057,2019120300100067,2019년 12월 3일 06시,화요일,서울특별시 영등포구 여의도동,경상사고,0,0,1,0,차대사람 - 횡단중,보행자보호의무위반,포장 - 건조,맑음,단일로 - 기타,승용,남,77세,상해없음,보행자,남,24세,경상
19058,2019120300100089,2019년 12월 3일 07시,화요일,서울특별시 도봉구 쌍문동,중상사고,0,1,0,0,차대사람 - 횡단중,보행자보호의무위반,포장 - 건조,맑음,교차로 - 교차로안,승용,여,38세,상해없음,보행자,여,77세,중상
19059,2019120300100111,2019년 12월 3일 08시,화요일,서울특별시 성북구 정릉동,중상사고,0,1,0,0,차대사람 - 기타,안전운전불이행,포장 - 건조,맑음,주차장 - 주차장,승합,남,71세,상해없음,보행자,여,73세,중상
19060,2019120300100113,2019년 12월 3일 08시,화요일,서울특별시 영등포구 신길동,중상사고,0,1,0,0,차대사람 - 기타,기타,포장 - 건조,맑음,단일로 - 기타,이륜,남,47세,상해없음,보행자,여,23세,중상
19061,2019120300100161,2019년 12월 3일 09시,화요일,서울특별시 강북구 수유동,경상사고,0,0,1,0,차대사람 - 횡단중,안전운전불이행,포장 - 건조,맑음,기타 - 기타,승용,남,48세,상해없음,보행자,남,46세,경상
19062,2019120300100203,2019년 12월 3일 10시,화요일,서울특별시 종로구 당주동,경상사고,0,0,1,0,차대사람 - 횡단중,보행자보호의무위반,포장 - 건조,맑음,교차로 - 교차로안,승용,남,55세,상해없음,보행자,여,44세,경상
19063,2019120300100228,2019년 12월 3일 11시,화요일,서울특별시 도봉구 창동,중상사고,0,1,0,0,차대사람 - 차도통행중,안전운전불이행,포장 - 기타,맑음,단일로 - 기타,승용,여,48세,상해없음,보행자,여,84세,중상
19064,2019120300100295,2019년 12월 3일 13시,화요일,서울특별시 마포구 성산동,경상사고,0,0,1,0,차대사람 - 횡단중,신호위반,포장 - 건조,맑음,교차로 - 교차로부근,승용,남,69세,상해없음,보행자,남,26세,경상
19065,2019120300100332,2019년 12월 3일 14시,화요일,서울특별시 영등포구 당산동,경상사고,0,0,1,0,차대사람 - 횡단중,안전운전불이행,포장 - 건조,맑음,교차로 - 교차로안,승용,여,56세,상해없음,보행자,여,29세,경상
19066,2019120300100335,2019년 12월 3일 14시,화요일,서울특별시 송파구 삼전동,경상사고,0,0,1,0,차대사람 - 횡단중,안전운전불이행,포장 - 건조,맑음,단일로 - 기타,승용,남,33세,상해없음,보행자,남,67세,경상
19067,2019120300100372,2019년 12월 3일 15시,화요일,서울특별시 광진구 자양동,경상사고,0,0,1,0,차대사람 - 기타,안전운전불이행,포장 - 건조,맑음,단일로 - 기타,자전거,남,9세,기타불명,보행자,남,57세,경상
19068,2019120300100374,2019년 12월 3일 15시,화요일,서울특별시 관악구 봉천동,경상사고,0,0,1,0,차대사람 - 횡단중,신호위반,포장 - 건조,맑음,교차로 - 교차로안,승용,남,82세,상해없음,보행자,여,62세,경상
19069,2019120300100404,2019년 12월 3일 16시,화요일,서울특별시 은평구 증산동,중상사고,0,1,0,0,차대사람 - 기타,안전운전불이행,포장 - 건조,맑음,단일로 - 기타,승용,남,68세,기타불명,보행자,남,44세,중상
19070,2019120300100405,2019년 12월 3일 16시,화요일,서울특별시 동대문구 장안동,중상사고,0,1,0,0,차대사람 - 횡단중,신호위반,포장 - 건조,맑음,단일로 - 기타,승용,여,55세,상해없음,보행자,여,25세,중상
19071,2019120300100406,2019년 12월 3일 16시,화요일,서울특별시 금천구 시흥동,경상사고,0,0,1,0,차대사람 - 차도통행중,안전운전불이행,포장 - 건조,맑음,교차로 - 교차로안,화물,남,63세,상해없음,보행자,여,14세,경상
19072,2019120300100436,2019년 12월 3일 17시,화요일,서울특별시 금천구 가산동,경상사고,0,0,1,0,차대사람 - 기타,안전운전불이행,포장 - 건조,맑음,단일로 - 기타,승용,남,65세,상해없음,보행자,남,62세,경상
19073,2019120300100440,2019년 12월 3일 17시,화요일,서울특별시 강남구 수서동,경상사고,0,0,1,0,차대사람 - 횡단중,보행자보호의무위반,포장 - 건조,맑음,교차로 - 교차로안,화물,남,47세,상해없음,보행자,남,63세,경상
19074,2019120300100478,2019년 12월 3일 18시,화요일,서울특별시 성북구 정릉동,중상사고,0,1,0,0,차대사람 - 횡단중,보행자보호의무위반,포장 - 건조,흐림,교차로 - 교차로안,화물,남,47세,상해없음,보행자,남,82세,중상
19075,2019120300100479,2019년 12월 3일 18시,화요일,서울특별시 영등포구 대림동,중상사고,0,1,0,0,차대사람 - 횡단중,신호위반,포장 - 건조,맑음,교차로 - 교차로횡단보도내,화물,남,55세,상해없음,보행자,여,24세,중상
19076,2019120300100480,2019년 12월 3일 18시,화요일,서울특별시 성동구 응봉동,중상사고,0,1,0,0,차대사람 - 기타,보행자보호의무위반,포장 - 건조,맑음,교차로 - 교차로부근,화물,남,61세,상해없음,보행자,여,84세,중상
19077,2019120300100487,2019년 12월 3일 18시,화요일,서울특별시 송파구 잠실동,경상사고,0,0,1,0,차대사람 - 횡단중,보행자보호의무위반,포장 - 건조,맑음,교차로 - 교차로횡단보도내,승용,남,38세,상해없음,보행자,남,38세,경상
19078,2019120300100488,2019년 12월 3일 18시,화요일,서울특별시 도봉구 창동,경상사고,0,0,1,0,차대사람 - 차도통행중,안전운전불이행,포장 - 건조,맑음,단일로 - 기타,승용,남,59세,상해없음,보행자,남,70세,경상
19079,2019120300100543,2019년 12월 3일 19시,화요일,서울특별시 강남구 역삼동,경상사고,0,0,1,0,차대사람 - 횡단중,보행자보호의무위반,포장 - 건조,맑음,교차로 - 교차로횡단보도내,승용,남,50세,상해없음,보행자,여,65세,경상
19080,2019120300100569,2019년 12월 3일 20시,화요일,서울특별시 동대문구 전농동,중상사고,0,1,0,0,차대사람 - 횡단중,신호위반,포장 - 젖음/습기,흐림,단일로 - 기타,원동기,남,20세,상해없음,보행자,남,40세,중상
19081,2019120300100572,2019년 12월 3일 20시,화요일,서울특별시 송파구 문정동,중상사고,0,1,1,0,차대사람 - 횡단중,안전운전불이행,포장 - 젖음/습기,흐림,교차로 - 교차로부근,승용,여,36세,상해없음,보행자,여,31세,경상
19082,2019120300100593,2019년 12월 3일 21시,화요일,서울특별시 관악구 신림동,사망사고,1,0,0,0,차대사람 - 차도통행중,안전운전불이행,포장 - 젖음/습기,비,단일로 - 기타,승용,남,63세,상해없음,보행자,남,82세,사망
19083,2019120300100597,2019년 12월 3일 21시,화요일,서울특별시 강남구 역삼동,경상사고,0,0,1,0,차대사람 - 횡단중,보행자보호의무위반,포장 - 젖음/습기,비,교차로 - 교차로안,승용,여,62세,상해없음,보행자,여,49세,경상
19084,2019120300100632,2019년 12월 3일 22시,화요일,서울특별시 강동구 천호동,부상신고사고,0,0,0,1,차대사람 - 횡단중,안전운전불이행,포장 - 젖음/습기,비,교차로 - 교차로안,이륜,남,34세,상해없음,보행자,여,30세,부상신고
19085,2019120300100655,2019년 12월 3일 23시,화요일,서울특별시 성동구 성수동2가,사망사고,1,0,0,0,차대사람 - 기타,안전운전불이행,포장 - 젖음/습기,비,단일로 - 기타,승용,남,62세,상해없음,보행자,남,48세,사망
19086,2019120300100657,2019년 12월 3일 23시,화요일,서울특별시 강남구 역삼동,부상신고사고,0,0,0,1,차대사람 - 기타,기타,포장 - 젖음/습기,비,단일로 - 기타,승용,남,51세,상해없음,보행자,남,40세,부상신고
19087,2019120300100658,2019년 12월 3일 23시,화요일,서울특별시 구로구 구로동,중상사고,0,1,0,0,차대사람 - 보도통행중,신호위반,포장 - 젖음/습기,비,교차로 - 교차로횡단보도내,승용,여,44세,상해없음,보행자,여,44세,중상
19088,2019120400100063,2019년 12월 4일 02시,수요일,서울특별시 관악구 신림동,경상사고,0,0,1,0,차대사람 - 기타,안전운전불이행,포장 - 기타,기타,단일로 - 기타,승용,남,28세,상해없음,보행자,여,23세,경상
19089,2019120400100064,2019년 12월 4일 02시,수요일,서울특별시 강남구 역삼동,중상사고,0,1,0,0,차대사람 - 횡단중,안전운전불이행,포장 - 건조,맑음,교차로 - 교차로부근,승용,남,38세,상해없음,보행자,여,31세,중상
19090,2019120400100087,2019년 12월 4일 05시,수요일,서울특별시 강남구 청담동,경상사고,0,0,1,0,차대사람 - 횡단중,신호위반,포장 - 건조,맑음,교차로 - 교차로횡단보도내,승용,여,27세,상해없음,보행자,여,67세,경상
19091,2019120400100181,2019년 12월 4일 08시,수요일,서울특별시 강북구 수유동,경상사고,0,0,1,0,차대사람 - 보도통행중,안전운전불이행,포장 - 건조,맑음,단일로 - 기타,이륜,남,46세,경상,보행자,남,83세,상해없음