,사고번호,사고일시,요일,시군구,사고내용,사망자수,중상자수,경상자수,부상신고자수,사고유형,법규위반,노면상태,기상상태,도로형태,가해운전자 차종,가해운전자 성별,가해운전자 연령,가해운전자 상해정도,피해운전자 차종,피해운전자 성별,피해운전자 연령,피해운전자 상해정도
19316,2019121100100132,2019년 12월 11일 08시,수요일,서울특별시 은평구 녹번동,경상사고,0,0,1,0,차대사람 - 차도통행중,안전운전불이행,포장 - 건조,맑음,단일로 - 기타,승용,여,28세,상해없음,보행자,여,52세,경상
19317,2019121100100136,2019년 12월 11일 08시,수요일,서울특별시 성북구 종암동,경상사고,0,0,2,0,차대사람 - 기타,안전운전불이행,포장 - 건조,맑음,교차로 - 교차로안,화물,남,38세,기타불명,보행자,여,41세,경상
19318,2019121100100138,2019년 12월 11일 08시,수요일,서울특별시 서초구 잠원동,부상신고사고,0,0,0,1,차대사람 - 기타,안전운전불이행,포장 - 건조,맑음,단일로 - 기타,기타불명,기타불명,미분류,기타불명,보행자,남,28세,부상신고
19319,2019121100100166,2019년 12월 11일 09시,수요일,서울특별시 광진구 군자동,경상사고,0,0,1,0,차대사람 - 기타,안전운전불이행,포장 - 젖음/습기,맑음,단일로 - 기타,이륜,남,19세,상해없음,보행자,남,30세,경상
19320,2019121100100258,2019년 12월 11일 12시,수요일,서울특별시 중구 명동2가,중상사고,0,1,0,0,차대사람 - 기타,안전운전불이행,포장 - 건조,맑음,단일로 - 기타,승합,남,67세,상해없음,보행자,남,49세,중상
19321,2019121100100261,2019년 12월 11일 12시,수요일,서울특별시 강서구 화곡동,중상사고,0,1,0,0,차대사람 - 차도통행중,안전운전불이행,포장 - 건조,맑음,교차로 - 교차로부근,화물,남,37세,상해없음,보행자,여,83세,중상
19322,2019121100100311,2019년 12월 11일 14시,수요일,서울특별시 성북구 안암동5가,부상신고사고,0,0,0,1,차대사람 - 횡단중,중앙선침범,포장 - 건조,맑음,단일로 - 기타,이륜,남,34세,상해없음,보행자,남,85세,부상신고
19323,2019121100100312,2019년 12월 11일 14시,수요일,서울특별시 강남구 역삼동,경상사고,0,0,1,0,차대사람 - 길가장자리구역통행중,안전운전불이행,포장 - 건조,맑음,단일로 - 지하차도(도로)내,승용,남,39세,상해없음,보행자,여,25세,경상
19324,2019121100100314,2019년 12월 11일 14시,수요일,서울특별시 강남구 일원동,경상사고,0,0,1,0,차대사람 - 차도통행중,안전운전불이행,포장 - 건조,맑음,교차로 - 교차로부근,이륜,남,69세,상해없음,보행자,남,7세,경상
19325,2019121100100340,2019년 12월 11일 15시,수요일,서울특별시 영등포구 영등포동5가,중상사고,0,1,0,0,차대사람 - 횡단중,안전운전불이행,포장 - 건조,맑음,단일로 - 기타,승용,여,41세,상해없음,보행자,여,83세,중상
19326,2019121100100341,2019년 12월 11일 15시,수요일,서울특별시 동작구 노량진동,경상사고,0,0,1,0,차대사람 - 횡단중,보행자보호의무위반,포장 - 건조,맑음,교차로 - 교차로횡단보도내,승용,남,45세,상해없음,보행자,남,55세,경상
19327,2019121100100342,2019년 12월 11일 15시,수요일,서울특별시 강서구 등촌동,경상사고,0,0,1,0,차대사람 - 횡단중,보행자보호의무위반,포장 - 건조,맑음,단일로 - 기타,승용,여,48세,상해없음,보행자,남,35세,경상
19328,2019121100100408,2019년 12월 11일 17시,수요일,서울특별시 영등포구 여의도동,경상사고,0,0,1,0,차대사람 - 횡단중,신호위반,포장 - 건조,맑음,단일로 - 기타,승용,여,54세,상해없음,보행자,여,70세,경상
19329,2019121100100409,2019년 12월 11일 17시,수요일,서울특별시 동작구 사당동,경상사고,0,0,1,0,차대사람 - 횡단중,안전운전불이행,포장 - 건조,맑음,교차로 - 교차로부근,승용,여,49세,상해없음,보행자,남,33세,경상
19330,2019121100100463,2019년 12월 11일 18시,수요일,서울특별시 영등포구 신길동,중상사고,0,1,0,0,차대사람 - 횡단중,신호위반,포장 - 건조,맑음,교차로 - 교차로안,승용,여,55세,상해없음,보행자,남,65세,중상
19331,2019121100100466,2019년 12월 11일 18시,수요일,서울특별시 구로구 개봉동,중상사고,0,1,0,0,차대사람 - 기타,안전운전불이행,포장 - 건조,맑음,교차로 - 교차로부근,승용,여,66세,상해없음,보행자,남,68세,중상
19332,2019121100100526,2019년 12월 11일 19시,수요일,서울특별시 도봉구 쌍문동,중상사고,0,1,0,0,차대사람 - 횡단중,안전운전불이행,포장 - 건조,맑음,교차로 - 교차로안,화물,남,53세,상해없음,보행자,남,45세,중상
19333,2019121100100604,2019년 12월 11일 22시,수요일,서울특별시 광진구 중곡동,경상사고,0,0,1,0,차대사람 - 횡단중,안전운전불이행,포장 - 건조,맑음,단일로 - 기타,이륜,남,43세,상해없음,보행자,여,30세,경상
19334,2019121200100107,2019년 12월 12일 07시,목요일,서울특별시 마포구 성산동,부상신고사고,0,0,0,1,차대사람 - 기타,신호위반,포장 - 건조,맑음,교차로 - 교차로안,이륜,남,64세,상해없음,보행자,여,43세,부상신고
19335,2019121200100110,2019년 12월 12일 07시,목요일,서울특별시 양천구 신정동,사망사고,1,0,0,0,차대사람 - 기타,과속,포장 - 건조,맑음,단일로 - 터널,승용,남,61세,상해없음,보행자,남,59세,사망
19336,2019121200100144,2019년 12월 12일 08시,목요일,서울특별시 강북구 수유동,경상사고,0,0,1,0,차대사람 - 횡단중,안전운전불이행,포장 - 건조,맑음,교차로 - 교차로부근,승용,남,73세,상해없음,보행자,여,46세,경상
19337,2019121200100225,2019년 12월 12일 10시,목요일,서울특별시 중랑구 신내동,경상사고,0,0,1,0,차대사람 - 횡단중,안전운전불이행,포장 - 건조,맑음,교차로 - 교차로부근,승용,남,70세,기타불명,보행자,남,47세,경상
19338,2019121200100314,2019년 12월 12일 13시,목요일,서울특별시 중구 충무로2가,경상사고,0,0,1,0,차대사람 - 차도통행중,안전운전불이행,포장 - 건조,맑음,단일로 - 기타,승용,남,70세,상해없음,보행자,여,18세,경상
19339,2019121200100344,2019년 12월 12일 14시,목요일,서울특별시 중구 주교동,경상사고,0,0,1,0,차대사람 - 보도통행중,보행자보호의무위반,포장 - 건조,맑음,교차로 - 교차로횡단보도내,승용,남,24세,상해없음,보행자,여,65세,경상
19340,2019121200100414,2019년 12월 12일 16시,목요일,서울특별시 강서구 화곡동,중상사고,0,1,0,0,차대사람 - 횡단중,중앙선침범,포장 - 건조,맑음,단일로 - 기타,승용,남,36세,상해없음,보행자,여,68세,중상
19341,2019121200100418,2019년 12월 12일 16시,목요일,서울특별시 양천구 신정동,부상신고사고,0,0,0,1,차대사람 - 기타,안전운전불이행,포장 - 건조,맑음,기타 - 기타,승용,남,74세,상해없음,보행자,여,47세,부상신고
19342,2019121200100497,2019년 12월 12일 18시,목요일,서울특별시 강북구 수유동,경상사고,0,0,1,0,차대사람 - 기타,안전운전불이행,포장 - 건조,맑음,단일로 - 기타,승합,남,60세,상해없음,보행자,남,54세,경상
19343,2019121200100498,2019년 12월 12일 18시,목요일,서울특별시 강북구 미아동,부상신고사고,0,0,0,1,차대사람 - 기타,안전운전불이행,포장 - 건조,맑음,단일로 - 기타,승합,남,60세,기타불명,보행자,남,50세,부상신고
19344,2019121200100499,2019년 12월 12일 18시,목요일,서울특별시 성동구 송정동,중상사고,0,1,0,0,차대사람 - 기타,안전운전불이행,포장 - 건조,맑음,교차로 - 교차로안,승용,남,37세,상해없음,보행자,남,55세,중상
19345,2019121200100503,2019년 12월 12일 18시,목요일,서울특별시 송파구 신천동,경상사고,0,0,1,0,차대사람 - 기타,안전운전불이행,포장 - 건조,맑음,교차로 - 교차로안,승합,남,63세,상해없음,보행자,남,5세,경상
19346,2019121200100504,2019년 12월 12일 18시,목요일,서울특별시 구로구 신도림동,중상사고,0,1,0,0,차대사람 - 횡단중,안전운전불이행,포장 - 건조,맑음,단일로 - 기타,승용,남,68세,상해없음,보행자,남,71세,중상
19347,2019121200100505,2019년 12월 12일 18시,목요일,서울특별시 양천구 신월동,경상사고,0,0,1,0,차대사람 - 기타,안전운전불이행,포장 - 건조,맑음,단일로 - 기타,승용,남,55세,상해없음,보행자,여,47세,경상
19348,2019121200100507,2019년 12월 12일 18시,목요일,서울특별시 강남구 대치동,경상사고,0,0,1,0,차대사람 - 길가장자리구역통행중,안전운전불이행,포장 - 건조,맑음,단일로 - 기타,기타불명,기타불명,미분류,기타불명,보행자,남,40세,경상
19349,2019121200100622,2019년 12월 12일 20시,목요일,서울특별시 마포구 망원동,경상사고,0,0,1,0,차대사람 - 보도통행중,안전운전불이행,포장 - 건조,맑음,교차로 - 교차로횡단보도내,승용,남,56세,상해없음,보행자,여,59세,경상
19350,2019121200100645,2019년 12월 12일 21시,목요일,서울특별시 용산구 한남동,경상사고,0,0,1,0,차대사람 - 기타,보행자보호의무위반,포장 - 건조,맑음,기타 - 기타,승용,남,50세,상해없음,보행자,남,28세,경상
19351,2019121200100647,2019년 12월 12일 21시,목요일,서울특별시 영등포구 여의도동,중상사고,0,1,0,0,차대사람 - 횡단중,안전운전불이행,포장 - 건조,맑음,교차로 - 교차로부근,승용,남,53세,상해없음,보행자,남,54세,중상
19352,2019121200100650,2019년 12월 12일 21시,목요일,서울특별시 서초구 내곡동,사망사고,1,0,0,0,차대사람 - 기타,안전운전불이행,포장 - 건조,맑음,단일로 - 기타,화물,남,59세,상해없음,보행자,남,75세,사망
19353,2019121200100697,2019년 12월 12일 23시,목요일,서울특별시 강남구 삼성동,경상사고,0,0,1,0,차대사람 - 길가장자리구역통행중,안전운전불이행,포장 - 건조,맑음,단일로 - 기타,승용,여,31세,기타불명,보행자,남,27세,경상
19354,2019121300100032,2019년 12월 13일 00시,금요일,서울특별시 중구 서소문동,부상신고사고,0,0,0,1,차대사람 - 기타,안전운전불이행,포장 - 건조,맑음,기타 - 기타,기타불명,기타불명,미분류,기타불명,보행자,남,49세,부상신고
19355,2019121300100034,2019년 12월 13일 00시,금요일,서울특별시 동대문구 장안동,경상사고,0,0,1,0,차대사람 - 차도통행중,안전운전불이행,포장 - 건조,맑음,단일로 - 기타,승용,남,63세,상해없음,보행자,남,23세,경상
19356,2019121300100044,2019년 12월 13일 01시,금요일,서울특별시 중랑구 망우동,중상사고,0,1,0,0,차대사람 - 횡단중,안전운전불이행,포장 - 건조,맑음,단일로 - 기타,승용,여,51세,상해없음,보행자,남,32세,중상
19357,2019121300100047,2019년 12월 13일 01시,금요일,서울특별시 강남구 역삼동,경상사고,0,0,1,0,차대사람 - 기타,안전운전불이행,포장 - 건조,기타,단일로 - 기타,승용,남,63세,상해없음,보행자,남,56세,경상
19358,2019121300100075,2019년 12월 13일 04시,금요일,서울특별시 중구 무교동,경상사고,0,0,1,0,차대사람 - 횡단중,신호위반,포장 - 건조,맑음,교차로 - 교차로안,승용,남,44세,상해없음,보행자,남,77세,경상
19359,2019121300100076,2019년 12월 13일 04시,금요일,서울특별시 마포구 상수동,경상사고,0,0,1,0,차대사람 - 기타,안전운전불이행,포장 - 건조,맑음,단일로 - 기타,승용,남,52세,상해없음,보행자,남,41세,경상
19360,2019121300100077,2019년 12월 13일 04시,금요일,서울특별시 구로구 항동,중상사고,0,1,0,0,차대사람 - 횡단중,신호위반,포장 - 건조,맑음,교차로 - 교차로횡단보도내,화물,남,52세,상해없음,보행자,여,71세,중상
19361,2019121300100078,2019년 12월 13일 04시,금요일,서울특별시 구로구 항동,경상사고,0,0,1,0,차대사람 - 횡단중,신호위반,포장 - 건조,맑음,교차로 - 교차로횡단보도내,화물,남,52세,상해없음,보행자,여,71세,경상
19362,2019121300100084,2019년 12월 13일 05시,금요일,서울특별시 영등포구 대림동,경상사고,0,0,1,0,차대사람 - 기타,안전운전불이행,포장 - 건조,맑음,기타 - 기타,승용,남,45세,상해없음,보행자,여,61세,경상
19363,2019121300100087,2019년 12월 13일 05시,금요일,서울특별시 강동구 성내동,경상사고,0,0,1,0,차대사람 - 길가장자리구역통행중,안전운전불이행,포장 - 젖음/습기,맑음,교차로 - 교차로안,승용,남,24세,상해없음,보행자,남,33세,경상
19364,2019121300100114,2019년 12월 13일 07시,금요일,서울특별시 노원구 공릉동,경상사고,0,0,1,0,차대사람 - 횡단중,신호위반,포장 - 건조,맑음,단일로 - 기타,화물,남,40세,상해없음,보행자,여,68세,경상
19365,2019121300100135,2019년 12월 13일 08시,금요일,서울특별시 도봉구 창동,경상사고,0,0,2,0,차대사람 - 횡단중,보행자보호의무위반,포장 - 건조,맑음,교차로 - 교차로안,승용,남,56세,상해없음,보행자,여,39세,경상
19366,2019121300100174,2019년 12월 13일 09시,금요일,서울특별시 은평구 신사동,경상사고,0,0,1,0,차대사람 - 기타,안전운전불이행,포장 - 건조,맑음,단일로 - 기타,승용,여,54세,상해없음,보행자,남,27세,경상
19367,2019121300100175,2019년 12월 13일 09시,금요일,서울특별시 동대문구 청량리동,중상사고,0,1,0,0,차대사람 - 기타,안전운전불이행,포장 - 건조,맑음,단일로 - 기타,화물,남,68세,상해없음,보행자,남,71세,중상
19368,2019121300100177,2019년 12월 13일 09시,금요일,서울특별시 영등포구 영등포동3가,중상사고,0,1,0,0,차대사람 - 기타,안전운전불이행,포장 - 건조,맑음,단일로 - 기타,승합,남,45세,상해없음,보행자,여,71세,중상
19369,2019121300100213,2019년 12월 13일 10시,금요일,서울특별시 중구 신당동,중상사고,0,1,0,0,차대사람 - 기타,안전운전불이행,포장 - 건조,맑음,교차로 - 교차로부근,승합,남,54세,상해없음,보행자,여,53세,중상
19370,2019121300100216,2019년 12월 13일 10시,금요일,서울특별시 노원구 상계동,경상사고,0,0,1,0,차대사람 - 기타,안전운전불이행,포장 - 건조,맑음,교차로 - 교차로부근,화물,남,53세,상해없음,보행자,여,24세,경상
19371,2019121300100217,2019년 12월 13일 10시,금요일,서울특별시 도봉구 도봉동,경상사고,0,0,1,0,차대사람 - 기타,안전운전불이행,포장 - 건조,맑음,기타 - 기타,화물,여,54세,상해없음,보행자,여,84세,경상
19372,2019121300100243,2019년 12월 13일 11시,금요일,서울특별시 노원구 하계동,중상사고,0,1,0,0,차대사람 - 길가장자리구역통행중,안전운전불이행,포장 - 건조,맑음,단일로 - 기타,화물,남,48세,상해없음,보행자,여,84세,중상
19373,2019121300100263,2019년 12월 13일 12시,금요일,서울특별시 성북구 돈암동,경상사고,0,0,1,0,차대사람 - 보도통행중,기타,포장 - 건조,맑음,단일로 - 기타,이륜,남,70세,상해없음,보행자,여,21세,경상
19374,2019121300100293,2019년 12월 13일 13시,금요일,서울특별시 성북구 동선동1가,부상신고사고,0,0,0,1,차대사람 - 기타,안전운전불이행,포장 - 건조,맑음,단일로 - 기타,승용,남,68세,상해없음,보행자,여,19세,부상신고
19375,2019121300100323,2019년 12월 13일 14시,금요일,서울특별시 영등포구 대림동,부상신고사고,0,0,0,1,차대사람 - 기타,안전운전불이행,포장 - 건조,맑음,단일로 - 기타,승용,남,77세,상해없음,보행자,여,54세,부상신고
19376,2019121300100325,2019년 12월 13일 14시,금요일,서울특별시 강남구 역삼동,경상사고,0,0,1,0,차대사람 - 기타,안전운전불이행,포장 - 건조,맑음,단일로 - 기타,승용,남,37세,상해없음,보행자,남,57세,경상
19377,2019121300100359,2019년 12월 13일 15시,금요일,서울특별시 강동구 성내동,부상신고사고,0,0,0,1,차대사람 - 차도통행중,안전운전불이행,포장 - 건조,맑음,단일로 - 기타,화물,남,54세,상해없음,보행자,남,3세,부상신고
19378,2019121300100402,2019년 12월 13일 16시,금요일,서울특별시 종로구 숭인동,부상신고사고,0,0,0,1,차대사람 - 기타,안전운전불이행,포장 - 건조,맑음,단일로 - 기타,승용,남,55세,상해없음,보행자,남,77세,부상신고
19379,2019121300100403,2019년 12월 13일 16시,금요일,서울특별시 강북구 미아동,경상사고,0,0,1,0,차대사람 - 기타,안전운전불이행,포장 - 건조,맑음,단일로 - 기타,승용,남,38세,상해없음,보행자,남,42세,경상
19380,2019121300100404,2019년 12월 13일 16시,금요일,서울특별시 영등포구 대림동,경상사고,0,0,1,0,차대사람 - 기타,안전운전불이행,포장 - 건조,맑음,단일로 - 기타,승용,여,38세,상해없음,보행자,남,39세,경상
19381,2019121300100407,2019년 12월 13일 16시,금요일,서울특별시 송파구 마천동,경상사고,0,0,1,0,차대사람 - 횡단중,보행자보호의무위반,포장 - 건조,맑음,교차로 - 교차로횡단보도내,승용,여,43세,상해없음,보행자,남,53세,경상
19382,2019121300100408,2019년 12월 13일 16시,금요일,서울특별시 송파구 잠실동,경상사고,0,0,1,0,차대사람 - 기타,안전운전불이행,포장 - 건조,맑음,기타 - 기타,승용,여,39세,상해없음,보행자,남,37세,경상
19383,2019121300100409,2019년 12월 13일 16시,금요일,서울특별시 은평구 대조동,경상사고,0,0,1,0,차대사람 - 횡단중,보행자보호의무위반,포장 - 건조,맑음,단일로 - 기타,승용,남,71세,상해없음,보행자,남,28세,경상
19384,2019121300100454,2019년 12월 13일 17시,금요일,서울특별시 광진구 광장동,경상사고,0,0,1,0,차대사람 - 기타,안전운전불이행,포장 - 건조,맑음,교차로 - 교차로횡단보도내,기타불명,기타불명,미분류,기타불명,보행자,남,45세,경상
19385,2019121300100455,2019년 12월 13일 17시,금요일,서울특별시 영등포구 신길동,경상사고,0,0,1,0,차대사람 - 기타,신호위반,포장 - 건조,맑음,교차로 - 교차로부근,승용,남,66세,상해없음,보행자,남,49세,경상
19386,2019121300100457,2019년 12월 13일 17시,금요일,서울특별시 강동구 천호동,중상사고,0,1,0,0,차대사람 - 차도통행중,교차로운행방법위반,포장 - 건조,맑음,교차로 - 교차로안,승용,남,68세,상해없음,보행자,여,71세,중상
19387,2019121300100521,2019년 12월 13일 18시,금요일,서울특별시 중구 장충동1가,경상사고,0,0,1,0,차대사람 - 차도통행중,안전운전불이행,포장 - 건조,맑음,단일로 - 기타,승용,남,33세,상해없음,보행자,여,50세,경상
19388,2019121300100524,2019년 12월 13일 18시,금요일,서울특별시 은평구 응암동,중상사고,0,1,0,0,차대사람 - 기타,안전운전불이행,포장 - 건조,맑음,교차로 - 교차로안,승용,남,61세,상해없음,보행자,여,67세,중상
19389,2019121300100525,2019년 12월 13일 18시,금요일,서울특별시 강북구 번동,경상사고,0,0,1,0,차대사람 - 기타,기타,포장 - 건조,흐림,교차로 - 교차로부근,승용,남,36세,상해없음,보행자,여,27세,경상
19390,2019121300100529,2019년 12월 13일 18시,금요일,서울특별시 구로구 구로동,중상사고,0,1,0,0,차대사람 - 횡단중,보행자보호의무위반,포장 - 건조,맑음,교차로 - 교차로횡단보도내,화물,남,56세,상해없음,보행자,여,74세,중상
19391,2019121300100598,2019년 12월 13일 19시,금요일,서울특별시 서대문구 창천동,중상사고,0,1,0,0,차대사람 - 횡단중,안전운전불이행,포장 - 건조,맑음,교차로 - 교차로횡단보도내,승용,여,36세,상해없음,보행자,여,90세 이상,중상
19392,2019121300100600,2019년 12월 13일 19시,금요일,서울특별시 동작구 노량진동,중상사고,0,1,0,0,차대사람 - 보도통행중,보행자보호의무위반,포장 - 건조,맑음,교차로 - 교차로부근,승용,남,39세,상해없음,보행자,여,27세,중상
19393,2019121300100601,2019년 12월 13일 19시,금요일,서울특별시 강서구 공항동,경상사고,0,0,1,0,차대사람 - 기타,안전운전불이행,포장 - 건조,흐림,교차로 - 교차로안,승용,남,63세,상해없음,보행자,남,47세,경상
19394,2019121300100688,2019년 12월 13일 21시,금요일,서울특별시 강북구 수유동,경상사고,0,0,1,0,차대사람 - 길가장자리구역통행중,안전운전불이행,포장 - 건조,맑음,단일로 - 기타,승용,남,66세,상해없음,보행자,여,50세,경상
19395,2019121300100722,2019년 12월 13일 22시,금요일,서울특별시 영등포구 도림동,중상사고,0,1,0,0,차대사람 - 횡단중,안전운전불이행,포장 - 젖음/습기,비,교차로 - 교차로안,승용,남,65세,상해없음,보행자,여,48세,중상
19396,2019121300100723,2019년 12월 13일 22시,금요일,서울특별시 강남구 신사동,중상사고,0,1,0,0,차대사람 - 기타,안전운전불이행,포장 - 건조,맑음,단일로 - 기타,승용,여,52세,상해없음,보행자,남,55세,중상
19397,2019121300100725,2019년 12월 13일 22시,금요일,서울특별시 송파구 신천동,경상사고,0,0,1,0,차대사람 - 기타,안전운전불이행,포장 - 건조,맑음,단일로 - 기타,화물,남,52세,상해없음,보행자,남,61세,경상
19398,2019121300100726,2019년 12월 13일 22시,금요일,서울특별시 노원구 상계동,중상사고,0,1,0,0,차대사람 - 횡단중,안전운전불이행,포장 - 건조,맑음,교차로 - 교차로횡단보도내,승용,여,25세,상해없음,보행자,남,41세,중상
19399,2019121300100760,2019년 12월 13일 23시,금요일,서울특별시 서대문구 대현동,중상사고,0,1,0,0,차대사람 - 횡단중,보행자보호의무위반,포장 - 건조,맑음,교차로 - 교차로횡단보도내,승용,여,45세,상해없음,보행자,여,26세,중상
19400,2019121300100764,2019년 12월 13일 23시,금요일,서울특별시 광진구 자양동,경상사고,0,0,1,0,차대사람 - 횡단중,보행자보호의무위반,포장 - 젖음/습기,비,단일로 - 기타,원동기,남,54세,상해없음,보행자,여,44세,경상
19401,2019121300100765,2019년 12월 13일 23시,금요일,서울특별시 영등포구 영등포동3가,경상사고,0,0,1,0,차대사람 - 기타,안전운전불이행,포장 - 젖음/습기,비,단일로 - 기타,원동기,남,52세,상해없음,보행자,남,23세,경상
19402,2019121300100769,2019년 12월 13일 23시,금요일,서울특별시 동작구 상도동,경상사고,0,0,2,0,차대사람 - 차도통행중,안전운전불이행,포장 - 젖음/습기,비,단일로 - 기타,이륜,남,27세,경상,보행자,남,62세,경상
19403,2019121300100772,2019년 12월 13일 23시,금요일,서울특별시 노원구 공릉동,경상사고,0,0,1,0,차대사람 - 횡단중,신호위반,포장 - 젖음/습기,비,교차로 - 교차로부근,승용,남,54세,상해없음,보행자,여,23세,경상
19404,2019121400100021,2019년 12월 14일 00시,토요일,서울특별시 금천구 시흥동,경상사고,0,0,1,0,차대사람 - 횡단중,신호위반,포장 - 젖음/습기,비,단일로 - 기타,승합,남,58세,상해없음,보행자,여,33세,경상
19405,2019121400100022,2019년 12월 14일 00시,토요일,서울특별시 강동구 성내동,부상신고사고,0,0,0,1,차대사람 - 횡단중,안전운전불이행,포장 - 젖음/습기,비,기타 - 기타,승용,여,31세,상해없음,보행자,남,56세,부상신고
19406,2019121400100023,2019년 12월 14일 00시,토요일,서울특별시 양천구 신정동,중상사고,0,1,0,0,차대사람 - 횡단중,안전운전불이행,포장 - 젖음/습기,흐림,교차로 - 교차로안,승용,남,61세,상해없음,보행자,여,22세,중상
19407,2019121400100025,2019년 12월 14일 00시,토요일,서울특별시 도봉구 창동,부상신고사고,0,0,0,1,차대사람 - 기타,안전운전불이행,포장 - 젖음/습기,비,교차로 - 교차로안,이륜,남,17세,상해없음,보행자,남,58세,부상신고
19408,2019121400100026,2019년 12월 14일 00시,토요일,서울특별시 강남구 개포동,중상사고,0,1,0,0,차대사람 - 길가장자리구역통행중,안전운전불이행,포장 - 젖음/습기,비,단일로 - 기타,승용,남,69세,상해없음,보행자,남,41세,중상
19409,2019121400100068,2019년 12월 14일 02시,토요일,서울특별시 강남구 논현동,경상사고,0,0,2,0,차대사람 - 기타,안전운전불이행,포장 - 건조,맑음,단일로 - 기타,승용,여,29세,상해없음,보행자,남,30세,경상
19410,2019121400100082,2019년 12월 14일 03시,토요일,서울특별시 송파구 문정동,중상사고,0,1,0,0,차대사람 - 횡단중,안전운전불이행,포장 - 건조,맑음,교차로 - 교차로부근,화물,남,60세,상해없음,보행자,남,30세,중상
19411,2019121400100165,2019년 12월 14일 07시,토요일,서울특별시 강서구 화곡동,경상사고,0,0,1,0,차대사람 - 기타,기타,포장 - 건조,맑음,단일로 - 기타,승용,남,62세,상해없음,보행자,남,22세,경상
19412,2019121400100260,2019년 12월 14일 10시,토요일,서울특별시 종로구 종로2가,경상사고,0,0,1,0,차대사람 - 횡단중,보행자보호의무위반,포장 - 건조,맑음,교차로 - 교차로횡단보도내,이륜,남,35세,상해없음,보행자,여,23세,경상
19413,2019121400100265,2019년 12월 14일 10시,토요일,서울특별시 강동구 고덕동,경상사고,0,0,1,0,차대사람 - 기타,안전운전불이행,포장 - 건조,맑음,단일로 - 기타,승용,여,56세,상해없음,보행자,남,65세,경상
19414,2019121400100294,2019년 12월 14일 11시,토요일,서울특별시 종로구 명륜2가,경상사고,0,0,1,0,차대사람 - 기타,안전운전불이행,포장 - 건조,맑음,단일로 - 기타,승합,남,48세,상해없음,보행자,남,50세,경상
19415,2019121400100295,2019년 12월 14일 11시,토요일,서울특별시 은평구 응암동,경상사고,0,0,1,0,차대사람 - 횡단중,안전운전불이행,포장 - 건조,맑음,교차로 - 교차로부근,개인형이동수단(PM),남,49세,상해없음,보행자,여,74세,경상
19416,2019121400100337,2019년 12월 14일 12시,토요일,서울특별시 관악구 신림동,경상사고,0,0,1,0,차대사람 - 차도통행중,안전운전불이행,포장 - 건조,맑음,단일로 - 기타,승용,여,53세,상해없음,보행자,여,51세,경상
19417,2019121400100370,2019년 12월 14일 13시,토요일,서울특별시 강북구 번동,경상사고,0,0,1,0,차대사람 - 기타,안전운전불이행,포장 - 건조,맑음,교차로 - 교차로횡단보도내,승용,남,34세,상해없음,보행자,남,9세,경상
19418,2019121400100412,2019년 12월 14일 14시,토요일,서울특별시 중구 충무로1가,경상사고,0,0,1,0,차대사람 - 기타,안전운전불이행,포장 - 건조,맑음,단일로 - 기타,승용,남,40세,상해없음,보행자,남,49세,경상
19419,2019121400100418,2019년 12월 14일 14시,토요일,서울특별시 구로구 궁동,경상사고,0,0,1,0,차대사람 - 횡단중,보행자보호의무위반,포장 - 건조,맑음,교차로 - 교차로부근,승용,남,27세,상해없음,보행자,남,27세,경상
19420,2019121400100459,2019년 12월 14일 15시,토요일,서울특별시 성동구 행당동,중상사고,0,1,0,0,차대사람 - 기타,안전운전불이행,포장 - 건조,맑음,교차로 - 교차로안,자전거,남,12세,상해없음,보행자,여,69세,중상
19421,2019121400100461,2019년 12월 14일 15시,토요일,서울특별시 강남구 역삼동,부상신고사고,0,0,0,1,차대사람 - 기타,안전운전불이행,포장 - 건조,맑음,단일로 - 기타,기타불명,기타불명,미분류,기타불명,보행자,여,33세,부상신고
19422,2019121400100462,2019년 12월 14일 15시,토요일,서울특별시 강서구 등촌동,중상사고,0,1,0,0,차대사람 - 횡단중,안전운전불이행,포장 - 건조,맑음,교차로 - 교차로안,승용,남,65세,상해없음,보행자,여,76세,중상
19423,2019121400100500,2019년 12월 14일 16시,토요일,서울특별시 강북구 미아동,중상사고,0,1,0,0,차대사람 - 횡단중,기타,포장 - 건조,맑음,교차로 - 교차로안,승용,여,48세,상해없음,보행자,여,74세,중상
19424,2019121400100502,2019년 12월 14일 16시,토요일,서울특별시 강서구 화곡동,중상사고,0,1,0,0,차대사람 - 기타,안전운전불이행,포장 - 건조,맑음,교차로 - 교차로부근,화물,남,54세,상해없음,보행자,여,57세,중상
19425,2019121400100596,2019년 12월 14일 18시,토요일,서울특별시 용산구 이촌동,경상사고,0,0,1,0,차대사람 - 차도통행중,안전운전불이행,포장 - 건조,맑음,단일로 - 기타,승용,남,70세,상해없음,보행자,남,24세,경상
19426,2019121400100598,2019년 12월 14일 18시,토요일,서울특별시 중랑구 면목동,경상사고,0,0,1,0,차대사람 - 기타,안전운전불이행,포장 - 건조,맑음,교차로 - 교차로부근,승용,여,62세,상해없음,보행자,남,66세,경상