,사고번호,사고일시,요일,시군구,사고내용,사망자수,중상자수,경상자수,부상신고자수,사고유형,법규위반,노면상태,기상상태,도로형태,가해운전자 차종,가해운전자 성별,가해운전자 연령,가해운전자 상해정도,피해운전자 차종,피해운전자 성별,피해운전자 연령,피해운전자 상해정도
19427,2019121400100657,2019년 12월 14일 19시,토요일,서울특별시 동대문구 이문동,경상사고,0,0,2,0,차대사람 - 보도통행중,보행자보호의무위반,포장 - 건조,맑음,교차로 - 교차로횡단보도내,승용,여,45세,상해없음,보행자,여,46세,경상
19428,2019121400100661,2019년 12월 14일 19시,토요일,서울특별시 강남구 역삼동,경상사고,0,0,1,0,차대사람 - 기타,안전운전불이행,포장 - 건조,맑음,단일로 - 기타,승용,남,25세,상해없음,보행자,남,37세,경상
19429,2019121400100729,2019년 12월 14일 21시,토요일,서울특별시 강서구 마곡동,중상사고,0,1,0,0,차대사람 - 기타,안전운전불이행,포장 - 건조,맑음,단일로 - 기타,승합,남,59세,상해없음,보행자,여,47세,중상
19430,2019121400100731,2019년 12월 14일 21시,토요일,서울특별시 강남구 역삼동,경상사고,0,0,1,0,차대사람 - 기타,안전운전불이행,포장 - 건조,맑음,단일로 - 기타,승용,남,30세,상해없음,보행자,남,43세,경상
19431,2019121400100758,2019년 12월 14일 22시,토요일,서울특별시 강북구 미아동,경상사고,0,0,1,0,차대사람 - 기타,안전운전불이행,포장 - 건조,맑음,단일로 - 기타,승용,남,40세,상해없음,보행자,남,21세,경상
19432,2019121400100760,2019년 12월 14일 22시,토요일,서울특별시 금천구 시흥동,경상사고,0,0,1,0,차대사람 - 기타,안전운전불이행,포장 - 건조,맑음,단일로 - 기타,이륜,남,46세,상해없음,보행자,남,36세,경상
19433,2019121400100764,2019년 12월 14일 22시,토요일,서울특별시 송파구 방이동,경상사고,0,0,1,0,차대사람 - 길가장자리구역통행중,안전운전불이행,포장 - 건조,맑음,단일로 - 기타,승용,남,29세,상해없음,보행자,남,24세,경상
19434,2019121400100792,2019년 12월 14일 23시,토요일,서울특별시 강서구 화곡동,중상사고,0,1,0,0,차대사람 - 횡단중,신호위반,포장 - 건조,맑음,교차로 - 교차로부근,이륜,남,17세,상해없음,보행자,남,71세,중상
19435,2019121400100793,2019년 12월 14일 23시,토요일,서울특별시 구로구 구로동,중상사고,0,1,0,0,차대사람 - 기타,안전운전불이행,포장 - 건조,맑음,교차로 - 교차로부근,승용,남,45세,상해없음,보행자,남,54세,중상
19436,2019121500100036,2019년 12월 15일 01시,일요일,서울특별시 영등포구 양평동2가,경상사고,0,0,1,0,차대사람 - 기타,안전운전불이행,포장 - 건조,맑음,단일로 - 기타,승용,남,27세,상해없음,보행자,남,34세,경상
19437,2019121500100053,2019년 12월 15일 02시,일요일,서울특별시 서대문구 창천동,경상사고,0,0,1,0,차대사람 - 차도통행중,안전운전불이행,포장 - 건조,맑음,단일로 - 기타,승용,남,66세,상해없음,보행자,남,28세,경상
19438,2019121500100056,2019년 12월 15일 02시,일요일,서울특별시 영등포구 신길동,중상사고,0,1,0,0,차대사람 - 기타,안전운전불이행,포장 - 건조,맑음,단일로 - 기타,승용,남,62세,상해없음,보행자,남,39세,중상
19439,2019121500100057,2019년 12월 15일 02시,일요일,서울특별시 성동구 행당동,경상사고,0,0,1,0,차대사람 - 보도통행중,안전운전불이행,포장 - 건조,맑음,단일로 - 기타,승용,남,32세,상해없음,보행자,남,31세,경상
19440,2019121500100058,2019년 12월 15일 02시,일요일,서울특별시 구로구 구로동,경상사고,0,0,1,0,차대사람 - 기타,안전운전불이행,포장 - 건조,맑음,단일로 - 기타,이륜,남,22세,기타불명,보행자,남,27세,경상
19441,2019121500100089,2019년 12월 15일 05시,일요일,서울특별시 강서구 화곡동,중상사고,0,1,0,0,차대사람 - 횡단중,안전운전불이행,포장 - 건조,맑음,교차로 - 교차로안,승용,남,62세,상해없음,보행자,남,63세,중상
19442,2019121500100108,2019년 12월 15일 06시,일요일,서울특별시 은평구 역촌동,중상사고,0,1,1,0,차대사람 - 횡단중,기타,포장 - 건조,맑음,교차로 - 교차로부근,이륜,남,36세,경상,보행자,남,51세,중상
19443,2019121500100127,2019년 12월 15일 08시,일요일,서울특별시 영등포구 신길동,경상사고,0,0,1,0,차대사람 - 보도통행중,보행자보호의무위반,포장 - 건조,맑음,단일로 - 기타,승용,여,63세,상해없음,보행자,여,24세,경상
19444,2019121500100173,2019년 12월 15일 10시,일요일,서울특별시 성북구 석관동,중상사고,0,1,0,0,차대사람 - 횡단중,보행자보호의무위반,포장 - 건조,맑음,교차로 - 교차로안,승합,남,63세,상해없음,보행자,여,23세,중상
19445,2019121500100198,2019년 12월 15일 11시,일요일,서울특별시 마포구 합정동,경상사고,0,0,1,0,차대사람 - 기타,안전운전불이행,포장 - 건조,맑음,단일로 - 기타,승용,남,42세,상해없음,보행자,여,64세,경상
19446,2019121500100245,2019년 12월 15일 13시,일요일,서울특별시 강북구 미아동,경상사고,0,0,1,0,차대사람 - 기타,중앙선침범,포장 - 건조,맑음,단일로 - 기타,승용,남,31세,상해없음,보행자,여,24세,경상
19447,2019121500100246,2019년 12월 15일 13시,일요일,서울특별시 영등포구 대림동,경상사고,0,0,1,0,차대사람 - 횡단중,보행자보호의무위반,포장 - 건조,맑음,교차로 - 교차로횡단보도내,승용,남,70세,상해없음,보행자,여,36세,경상
19448,2019121500100251,2019년 12월 15일 13시,일요일,서울특별시 강남구 역삼동,경상사고,0,0,1,0,차대사람 - 길가장자리구역통행중,안전운전불이행,포장 - 건조,맑음,단일로 - 기타,승용,남,62세,상해없음,보행자,남,49세,경상
19449,2019121500100276,2019년 12월 15일 14시,일요일,서울특별시 강서구 등촌동,경상사고,0,0,1,0,차대사람 - 횡단중,보행자보호의무위반,포장 - 건조,맑음,교차로 - 교차로안,승용,남,37세,상해없음,보행자,남,32세,경상
19450,2019121500100344,2019년 12월 15일 16시,일요일,서울특별시 양천구 신정동,중상사고,0,1,0,0,차대사람 - 기타,안전운전불이행,포장 - 건조,맑음,기타 - 기타,승용,남,58세,상해없음,보행자,여,52세,중상
19451,2019121500100368,2019년 12월 15일 17시,일요일,서울특별시 성동구 행당동,경상사고,0,0,1,0,차대사람 - 기타,안전운전불이행,포장 - 건조,맑음,단일로 - 기타,승용,남,65세,상해없음,보행자,여,2세,경상
19452,2019121500100398,2019년 12월 15일 18시,일요일,서울특별시 마포구 도화동,중상사고,0,1,0,0,차대사람 - 횡단중,중앙선침범,포장 - 건조,맑음,단일로 - 기타,승용,남,73세,상해없음,보행자,여,65세,중상
19453,2019121500100400,2019년 12월 15일 18시,일요일,서울특별시 강동구 길동,중상사고,0,1,0,0,차대사람 - 기타,안전운전불이행,포장 - 건조,맑음,단일로 - 기타,승용,남,40세,상해없음,보행자,여,60세,중상
19454,2019121500100448,2019년 12월 15일 19시,일요일,서울특별시 양천구 목동,중상사고,0,1,0,0,차대사람 - 기타,안전운전불이행,포장 - 건조,맑음,교차로 - 교차로안,화물,남,56세,상해없음,보행자,남,55세,중상
19455,2019121500100449,2019년 12월 15일 19시,일요일,서울특별시 노원구 상계동,경상사고,0,0,1,0,차대사람 - 횡단중,안전운전불이행,포장 - 건조,맑음,교차로 - 교차로부근,승용,남,60세,상해없음,보행자,남,67세,경상
19456,2019121500100478,2019년 12월 15일 20시,일요일,서울특별시 영등포구 당산동4가,경상사고,0,0,1,0,차대사람 - 기타,안전운전불이행,포장 - 건조,맑음,단일로 - 기타,승용,남,49세,상해없음,보행자,여,57세,경상
19457,2019121500100497,2019년 12월 15일 21시,일요일,서울특별시 마포구 서교동,경상사고,0,0,1,0,차대사람 - 기타,안전운전불이행,포장 - 건조,맑음,단일로 - 기타,기타불명,기타불명,미분류,기타불명,보행자,남,28세,경상
19458,2019121500100516,2019년 12월 15일 22시,일요일,서울특별시 노원구 상계동,중상사고,0,1,0,0,차대사람 - 횡단중,안전운전불이행,포장 - 건조,맑음,단일로 - 기타,승합,남,58세,상해없음,보행자,남,50세,중상
19459,2019121500100529,2019년 12월 15일 23시,일요일,서울특별시 성북구 정릉동,경상사고,0,0,1,0,차대사람 - 기타,안전운전불이행,포장 - 건조,맑음,단일로 - 기타,승용,여,52세,상해없음,보행자,남,49세,경상
19460,2019121600100132,2019년 12월 16일 08시,월요일,서울특별시 마포구 대흥동,중상사고,0,1,0,0,차대사람 - 기타,안전운전불이행,포장 - 건조,맑음,교차로 - 교차로횡단보도내,승용,남,34세,상해없음,보행자,남,58세,중상
19461,2019121600100281,2019년 12월 16일 12시,월요일,서울특별시 강서구 화곡동,경상사고,0,0,1,0,차대사람 - 차도통행중,안전운전불이행,포장 - 건조,맑음,단일로 - 기타,승용,남,71세,상해없음,보행자,여,62세,경상
19462,2019121600100282,2019년 12월 16일 12시,월요일,서울특별시 구로구 신도림동,경상사고,0,0,1,0,차대사람 - 횡단중,안전운전불이행,포장 - 건조,맑음,단일로 - 기타,승용,여,70세,상해없음,보행자,남,70세,경상
19463,2019121600100314,2019년 12월 16일 13시,월요일,서울특별시 송파구 방이동,경상사고,0,0,1,0,차대사람 - 기타,안전운전불이행,포장 - 건조,맑음,교차로 - 교차로안,승용,여,58세,상해없음,보행자,남,31세,경상
19464,2019121600100315,2019년 12월 16일 13시,월요일,서울특별시 서초구 서초동,경상사고,0,0,1,0,차대사람 - 차도통행중,안전운전불이행,포장 - 건조,맑음,단일로 - 기타,승용,남,37세,상해없음,보행자,여,36세,경상
19465,2019121600100375,2019년 12월 16일 15시,월요일,서울특별시 강북구 수유동,경상사고,0,0,1,0,차대사람 - 기타,보행자보호의무위반,포장 - 건조,맑음,교차로 - 교차로횡단보도내,승용,여,40세,상해없음,보행자,여,68세,경상
19466,2019121600100377,2019년 12월 16일 15시,월요일,서울특별시 중랑구 면목동,경상사고,0,0,1,0,차대사람 - 횡단중,안전운전불이행,포장 - 건조,맑음,기타 - 기타,승용,여,44세,상해없음,보행자,여,42세,경상
19467,2019121600100380,2019년 12월 16일 15시,월요일,서울특별시 양천구 신정동,경상사고,0,0,1,0,차대사람 - 기타,안전운전불이행,포장 - 건조,맑음,단일로 - 기타,승용,여,34세,상해없음,보행자,남,6세,경상
19468,2019121600100415,2019년 12월 16일 16시,월요일,서울특별시 동대문구 휘경동,중상사고,0,1,0,0,차대사람 - 횡단중,보행자보호의무위반,포장 - 건조,맑음,교차로 - 교차로횡단보도내,승용,남,58세,상해없음,보행자,여,71세,중상
19469,2019121600100416,2019년 12월 16일 16시,월요일,서울특별시 관악구 봉천동,경상사고,0,0,1,0,차대사람 - 기타,안전운전불이행,포장 - 건조,맑음,단일로 - 기타,승합,남,70세,상해없음,보행자,남,71세,경상
19470,2019121600100460,2019년 12월 16일 17시,월요일,서울특별시 동대문구 용두동,중상사고,0,1,0,0,차대사람 - 기타,안전운전불이행,포장 - 건조,맑음,기타 - 기타,특수,남,52세,상해없음,보행자,여,52세,중상
19471,2019121600100511,2019년 12월 16일 18시,월요일,서울특별시 동작구 노량진동,경상사고,0,0,1,0,차대사람 - 기타,보행자보호의무위반,포장 - 건조,맑음,단일로 - 기타,이륜,남,49세,상해없음,보행자,여,33세,경상
19472,2019121600100571,2019년 12월 16일 19시,월요일,서울특별시 성북구 동선동1가,경상사고,0,0,1,0,차대사람 - 기타,안전운전불이행,포장 - 건조,맑음,단일로 - 기타,승용,남,65세,상해없음,보행자,남,13세,경상
19473,2019121600100573,2019년 12월 16일 19시,월요일,서울특별시 중랑구 묵동,경상사고,0,0,1,0,차대사람 - 횡단중,보행자보호의무위반,포장 - 건조,맑음,교차로 - 교차로횡단보도내,승용,여,68세,상해없음,보행자,여,37세,경상
19474,2019121600100575,2019년 12월 16일 19시,월요일,서울특별시 서초구 반포동,경상사고,0,0,1,0,차대사람 - 횡단중,안전운전불이행,포장 - 건조,맑음,교차로 - 교차로안,화물,남,53세,상해없음,보행자,남,47세,경상
19475,2019121600100610,2019년 12월 16일 20시,월요일,서울특별시 영등포구 문래동3가,중상사고,0,1,0,0,차대사람 - 횡단중,보행자보호의무위반,포장 - 건조,맑음,교차로 - 교차로안,승용,여,35세,상해없음,보행자,남,11세,중상
19476,2019121600100650,2019년 12월 16일 22시,월요일,서울특별시 송파구 방이동,경상사고,0,0,1,0,차대사람 - 기타,안전운전불이행,포장 - 건조,기타,교차로 - 교차로부근,승용,여,55세,상해없음,보행자,여,11세,경상
19477,2019121600100651,2019년 12월 16일 22시,월요일,서울특별시 양천구 목동,중상사고,0,1,0,0,차대사람 - 기타,보행자보호의무위반,포장 - 건조,맑음,기타 - 기타,승용,남,29세,상해없음,보행자,여,25세,중상
19478,2019121600100669,2019년 12월 16일 23시,월요일,서울특별시 강남구 논현동,부상신고사고,0,0,0,2,차대사람 - 기타,기타,포장 - 건조,맑음,단일로 - 기타,기타불명,남,17세,상해없음,보행자,여,42세,부상신고
19479,2019121700100050,2019년 12월 17일 05시,화요일,서울특별시 성북구 하월곡동,중상사고,0,1,0,0,차대사람 - 횡단중,보행자보호의무위반,포장 - 젖음/습기,비,단일로 - 기타,승용,남,64세,상해없음,보행자,남,22세,중상
19480,2019121700100083,2019년 12월 17일 07시,화요일,서울특별시 강북구 미아동,경상사고,0,0,1,0,차대사람 - 횡단중,신호위반,포장 - 젖음/습기,비,교차로 - 교차로부근,승용,남,44세,상해없음,보행자,남,42세,경상
19481,2019121700100084,2019년 12월 17일 07시,화요일,서울특별시 서초구 서초동,중상사고,0,1,0,0,차대사람 - 횡단중,보행자보호의무위반,포장 - 젖음/습기,비,교차로 - 교차로부근,승용,남,44세,상해없음,보행자,남,52세,중상
19482,2019121700100113,2019년 12월 17일 08시,화요일,서울특별시 강남구 청담동,경상사고,0,0,1,0,차대사람 - 보도통행중,안전운전불이행,포장 - 건조,맑음,기타 - 기타,기타불명,기타불명,미분류,기타불명,보행자,남,84세,경상
19483,2019121700100150,2019년 12월 17일 09시,화요일,서울특별시 서대문구 북아현동,중상사고,0,1,0,0,차대사람 - 횡단중,보행자보호의무위반,포장 - 건조,맑음,교차로 - 교차로횡단보도내,승용,남,43세,상해없음,보행자,남,70세,중상
19484,2019121700100151,2019년 12월 17일 09시,화요일,서울특별시 동작구 사당동,경상사고,0,0,1,0,차대사람 - 횡단중,안전운전불이행,포장 - 젖음/습기,비,교차로 - 교차로부근,승용,남,35세,상해없음,보행자,남,27세,경상
19485,2019121700100155,2019년 12월 17일 09시,화요일,서울특별시 은평구 불광동,부상신고사고,0,0,0,1,차대사람 - 횡단중,보행자보호의무위반,포장 - 건조,맑음,기타 - 기타,승용,남,71세,상해없음,보행자,남,22세,부상신고
19486,2019121700100222,2019년 12월 17일 11시,화요일,서울특별시 성동구 성수동2가,중상사고,0,1,0,0,차대사람 - 기타,보행자보호의무위반,포장 - 건조,맑음,교차로 - 교차로횡단보도내,승용,여,58세,상해없음,보행자,여,85세,중상
19487,2019121700100227,2019년 12월 17일 11시,화요일,서울특별시 구로구 구로동,경상사고,0,0,1,0,차대사람 - 보도통행중,기타,포장 - 젖음/습기,비,기타 - 기타,자전거,남,68세,기타불명,보행자,남,59세,경상
19488,2019121700100228,2019년 12월 17일 11시,화요일,서울특별시 서초구 잠원동,부상신고사고,0,0,0,1,차대사람 - 기타,안전운전불이행,포장 - 건조,맑음,교차로 - 교차로부근,승합,남,47세,상해없음,보행자,남,62세,부상신고
19489,2019121700100253,2019년 12월 17일 12시,화요일,서울특별시 동대문구 회기동,경상사고,0,0,1,0,차대사람 - 기타,안전운전불이행,포장 - 건조,맑음,단일로 - 기타,승용,여,50세,상해없음,보행자,여,19세,경상
19490,2019121700100283,2019년 12월 17일 13시,화요일,서울특별시 양천구 신정동,경상사고,0,0,1,0,차대사람 - 보도통행중,기타,포장 - 건조,맑음,단일로 - 기타,자전거,남,69세,상해없음,보행자,여,60세,경상
19491,2019121700100307,2019년 12월 17일 14시,화요일,서울특별시 성동구 옥수동,경상사고,0,0,1,0,차대사람 - 횡단중,안전운전불이행,포장 - 건조,맑음,단일로 - 기타,승용,여,72세,상해없음,보행자,여,65세,경상
19492,2019121700100310,2019년 12월 17일 14시,화요일,서울특별시 강남구 신사동,경상사고,0,0,1,0,차대사람 - 길가장자리구역통행중,안전운전불이행,포장 - 건조,흐림,단일로 - 기타,승용,여,55세,기타불명,보행자,여,37세,경상
19493,2019121700100375,2019년 12월 17일 16시,화요일,서울특별시 서대문구 연희동,경상사고,0,0,1,0,차대사람 - 횡단중,보행자보호의무위반,포장 - 건조,맑음,교차로 - 교차로횡단보도내,승용,남,80세,상해없음,보행자,여,56세,경상
19494,2019121700100376,2019년 12월 17일 16시,화요일,서울특별시 영등포구 신길동,경상사고,0,0,1,0,차대사람 - 횡단중,보행자보호의무위반,포장 - 건조,맑음,단일로 - 기타,승용,남,42세,기타불명,보행자,남,22세,경상
19495,2019121700100378,2019년 12월 17일 16시,화요일,서울특별시 중랑구 묵동,중상사고,0,1,0,0,차대사람 - 횡단중,안전운전불이행,포장 - 건조,맑음,단일로 - 기타,승용,여,62세,기타불명,보행자,여,73세,중상
19496,2019121700100382,2019년 12월 17일 16시,화요일,서울특별시 은평구 불광동,경상사고,0,0,1,0,차대사람 - 횡단중,보행자보호의무위반,포장 - 건조,맑음,교차로 - 교차로횡단보도내,승용,남,66세,상해없음,보행자,남,10세,경상
19497,2019121700100422,2019년 12월 17일 17시,화요일,서울특별시 강동구 암사동,경상사고,0,0,1,0,차대사람 - 횡단중,보행자보호의무위반,포장 - 건조,맑음,교차로 - 교차로횡단보도내,화물,남,35세,상해없음,보행자,남,58세,경상
19498,2019121700100458,2019년 12월 17일 18시,화요일,서울특별시 구로구 오류동,부상신고사고,0,0,0,1,차대사람 - 횡단중,안전운전불이행,포장 - 건조,맑음,단일로 - 기타,승용,여,59세,상해없음,보행자,남,72세,부상신고
19499,2019121700100502,2019년 12월 17일 19시,화요일,서울특별시 서대문구 홍은동,경상사고,0,0,1,0,차대사람 - 횡단중,안전운전불이행,포장 - 건조,맑음,단일로 - 기타,승용,남,48세,상해없음,보행자,여,59세,경상
19500,2019121700100503,2019년 12월 17일 19시,화요일,서울특별시 서대문구 북가좌동,경상사고,0,0,1,0,차대사람 - 횡단중,안전운전불이행,포장 - 건조,맑음,교차로 - 교차로안,승용,남,46세,상해없음,보행자,여,50세,경상
19501,2019121700100568,2019년 12월 17일 21시,화요일,서울특별시 중구 을지로6가,중상사고,0,1,0,0,차대사람 - 기타,안전운전불이행,포장 - 건조,맑음,단일로 - 기타,기타불명,기타불명,미분류,기타불명,보행자,남,47세,중상
19502,2019121700100569,2019년 12월 17일 21시,화요일,서울특별시 종로구 청진동,중상사고,0,1,0,0,차대사람 - 기타,안전운전불이행,포장 - 건조,흐림,단일로 - 기타,승용,남,51세,상해없음,보행자,남,49세,중상
19503,2019121700100601,2019년 12월 17일 22시,화요일,서울특별시 강남구 역삼동,중상사고,0,1,0,0,차대사람 - 차도통행중,기타,포장 - 건조,맑음,단일로 - 기타,승합,남,42세,상해없음,보행자,남,46세,중상
19504,2019121700100625,2019년 12월 17일 23시,화요일,서울특별시 동대문구 신설동,경상사고,0,0,1,0,차대사람 - 횡단중,보행자보호의무위반,포장 - 건조,맑음,단일로 - 기타,이륜,남,54세,상해없음,보행자,남,30세,경상
19505,2019121700100626,2019년 12월 17일 23시,화요일,서울특별시 성동구 행당동,중상사고,0,1,0,0,차대사람 - 보도통행중,기타,포장 - 건조,맑음,단일로 - 기타,기타불명,기타불명,미분류,기타불명,보행자,남,28세,중상
19506,2019121700100627,2019년 12월 17일 23시,화요일,서울특별시 관악구 신림동,부상신고사고,0,0,0,1,차대사람 - 길가장자리구역통행중,안전운전불이행,포장 - 기타,기타,교차로 - 교차로부근,기타불명,기타불명,미분류,기타불명,보행자,남,36세,부상신고
19507,2019121700100630,2019년 12월 17일 23시,화요일,서울특별시 송파구 가락동,부상신고사고,0,0,0,1,차대사람 - 횡단중,안전운전불이행,포장 - 건조,맑음,단일로 - 기타,승용,남,57세,상해없음,보행자,남,49세,부상신고
19508,2019121800100063,2019년 12월 18일 04시,수요일,서울특별시 동작구 신대방동,경상사고,0,0,1,0,차대사람 - 횡단중,안전운전불이행,포장 - 건조,맑음,교차로 - 교차로횡단보도내,승용,남,82세,상해없음,보행자,남,29세,경상
19509,2019121800100105,2019년 12월 18일 08시,수요일,서울특별시 송파구 방이동,경상사고,0,0,1,0,차대사람 - 기타,보행자보호의무위반,포장 - 건조,맑음,교차로 - 교차로횡단보도내,승용,남,74세,상해없음,보행자,남,33세,경상
19510,2019121800100188,2019년 12월 18일 11시,수요일,서울특별시 중랑구 면목동,경상사고,0,0,1,0,차대사람 - 보도통행중,안전운전불이행,포장 - 건조,맑음,교차로 - 교차로횡단보도내,승용,남,67세,상해없음,보행자,여,47세,경상
19511,2019121800100216,2019년 12월 18일 12시,수요일,서울특별시 강남구 역삼동,부상신고사고,0,0,0,1,차대사람 - 기타,안전운전불이행,포장 - 건조,맑음,교차로 - 교차로부근,승용,남,35세,상해없음,보행자,여,40세,부상신고
19512,2019121800100217,2019년 12월 18일 12시,수요일,서울특별시 강동구 둔촌동,부상신고사고,0,0,0,1,차대사람 - 차도통행중,안전운전불이행,포장 - 건조,맑음,단일로 - 기타,승용,남,21세,상해없음,보행자,남,81세,부상신고
19513,2019121800100251,2019년 12월 18일 13시,수요일,서울특별시 강남구 삼성동,경상사고,0,0,1,0,차대사람 - 기타,보행자보호의무위반,포장 - 건조,맑음,단일로 - 기타,승용,남,28세,상해없음,보행자,남,45세,경상
19514,2019121800100312,2019년 12월 18일 15시,수요일,서울특별시 종로구 숭인동,경상사고,0,0,1,0,차대사람 - 길가장자리구역통행중,안전운전불이행,포장 - 건조,맑음,단일로 - 기타,승용,남,63세,상해없음,보행자,남,74세,경상
19515,2019121800100314,2019년 12월 18일 15시,수요일,서울특별시 동대문구 장안동,중상사고,0,1,0,0,차대사람 - 보도통행중,기타,포장 - 건조,맑음,단일로 - 기타,기타불명,기타불명,미분류,기타불명,보행자,여,78세,중상
19516,2019121800100316,2019년 12월 18일 15시,수요일,서울특별시 금천구 시흥동,경상사고,0,0,1,0,차대사람 - 기타,안전운전불이행,포장 - 건조,흐림,단일로 - 기타,건설기계,남,60세,상해없음,보행자,남,49세,경상
19517,2019121800100338,2019년 12월 18일 16시,수요일,서울특별시 송파구 문정동,부상신고사고,0,0,0,1,차대사람 - 기타,안전운전불이행,포장 - 건조,맑음,교차로 - 교차로안,승용,여,67세,상해없음,보행자,여,66세,부상신고
19518,2019121800100370,2019년 12월 18일 17시,수요일,서울특별시 강서구 화곡동,경상사고,0,0,1,0,차대사람 - 횡단중,보행자보호의무위반,포장 - 건조,맑음,교차로 - 교차로횡단보도내,승용,여,33세,상해없음,보행자,남,16세,경상
19519,2019121800100371,2019년 12월 18일 17시,수요일,서울특별시 강동구 천호동,중상사고,0,1,0,0,차대사람 - 차도통행중,안전운전불이행,포장 - 건조,맑음,교차로 - 교차로안,승용,남,43세,상해없음,보행자,여,73세,중상
19520,2019121800100410,2019년 12월 18일 18시,수요일,서울특별시 영등포구 여의도동,중상사고,0,1,0,1,차대사람 - 횡단중,신호위반,포장 - 건조,맑음,단일로 - 기타,이륜,남,22세,부상신고,보행자,남,39세,중상
19521,2019121800100413,2019년 12월 18일 18시,수요일,서울특별시 강서구 화곡동,경상사고,0,0,3,0,차대사람 - 기타,안전운전불이행,포장 - 건조,맑음,단일로 - 기타,승용,여,18세,경상,보행자,남,30세,경상
19522,2019121800100478,2019년 12월 18일 19시,수요일,서울특별시 양천구 목동,부상신고사고,0,0,0,1,차대사람 - 차도통행중,안전운전불이행,포장 - 건조,흐림,기타 - 기타,승용,여,60세,상해없음,보행자,남,18세,부상신고
19523,2019121800100521,2019년 12월 18일 20시,수요일,서울특별시 광진구 화양동,경상사고,0,0,1,0,차대사람 - 기타,안전운전불이행,포장 - 건조,맑음,단일로 - 기타,승용,남,61세,상해없음,보행자,남,50세,경상
19524,2019121800100549,2019년 12월 18일 21시,수요일,서울특별시 영등포구 대림동,중상사고,0,1,0,0,차대사람 - 기타,기타,포장 - 건조,맑음,단일로 - 기타,승용,남,63세,상해없음,보행자,여,76세,중상
19525,2019121800100550,2019년 12월 18일 21시,수요일,서울특별시 구로구 구로동,경상사고,0,0,1,0,차대사람 - 횡단중,보행자보호의무위반,포장 - 건조,맑음,교차로 - 교차로횡단보도내,기타불명,기타불명,미분류,기타불명,보행자,남,12세,경상
19526,2019121800100579,2019년 12월 18일 22시,수요일,서울특별시 금천구 독산동,부상신고사고,0,0,0,1,차대사람 - 길가장자리구역통행중,안전운전불이행,포장 - 건조,맑음,단일로 - 기타,승용,남,24세,상해없음,보행자,여,52세,부상신고
19527,2019121800100581,2019년 12월 18일 22시,수요일,서울특별시 송파구 방이동,경상사고,0,0,1,1,차대사람 - 횡단중,보행자보호의무위반,포장 - 건조,맑음,단일로 - 기타,승용,남,84세,상해없음,보행자,여,19세,경상
19528,2019121800100599,2019년 12월 18일 23시,수요일,서울특별시 마포구 합정동,중상사고,0,1,0,0,차대사람 - 횡단중,안전운전불이행,포장 - 건조,맑음,단일로 - 기타,승용,남,44세,상해없음,보행자,남,23세,중상
19529,2019121800100601,2019년 12월 18일 23시,수요일,서울특별시 구로구 궁동,경상사고,0,0,1,0,차대사람 - 기타,안전운전불이행,포장 - 건조,맑음,단일로 - 기타,승용,남,62세,상해없음,보행자,남,57세,경상
19530,2019121900100026,2019년 12월 19일 00시,목요일,서울특별시 강동구 성내동,중상사고,0,1,0,0,차대사람 - 횡단중,신호위반,포장 - 건조,맑음,교차로 - 교차로횡단보도내,승용,여,59세,상해없음,보행자,남,54세,중상
19531,2019121900100046,2019년 12월 19일 01시,목요일,서울특별시 강남구 압구정동,중상사고,0,1,0,0,차대사람 - 기타,안전운전불이행,포장 - 건조,맑음,단일로 - 기타,화물,남,45세,상해없음,보행자,남,48세,중상
19532,2019121900100086,2019년 12월 19일 06시,목요일,서울특별시 종로구 통의동,중상사고,0,1,0,0,차대사람 - 횡단중,안전운전불이행,포장 - 건조,맑음,교차로 - 교차로안,승용,남,61세,상해없음,보행자,여,85세,중상
19533,2019121900100108,2019년 12월 19일 07시,목요일,서울특별시 강북구 미아동,경상사고,0,0,1,0,차대사람 - 기타,안전운전불이행,포장 - 건조,흐림,교차로 - 교차로안,승용,남,52세,상해없음,보행자,여,74세,경상
19534,2019121900100131,2019년 12월 19일 08시,목요일,서울특별시 성북구 장위동,중상사고,0,1,0,0,차대사람 - 횡단중,안전운전불이행,포장 - 건조,맑음,교차로 - 교차로안,승용,남,54세,상해없음,보행자,여,58세,중상
19535,2019121900100167,2019년 12월 19일 09시,목요일,서울특별시 중구 충무로4가,중상사고,0,1,0,0,차대사람 - 차도통행중,안전운전불이행,포장 - 건조,맑음,단일로 - 기타,건설기계,남,58세,상해없음,보행자,여,51세,중상
19536,2019121900100219,2019년 12월 19일 11시,목요일,서울특별시 강동구 길동,경상사고,0,0,1,0,차대사람 - 기타,안전운전불이행,포장 - 건조,맑음,단일로 - 기타,이륜,남,56세,상해없음,보행자,남,43세,경상
19537,2019121900100257,2019년 12월 19일 12시,목요일,서울특별시 금천구 독산동,경상사고,0,0,1,0,차대사람 - 횡단중,신호위반,포장 - 건조,맑음,교차로 - 교차로횡단보도내,화물,남,64세,상해없음,보행자,여,70세,경상
19538,2019121900100258,2019년 12월 19일 12시,목요일,서울특별시 동작구 신대방동,경상사고,0,0,1,0,차대사람 - 횡단중,신호위반,포장 - 건조,맑음,교차로 - 교차로안,원동기,남,26세,상해없음,보행자,여,55세,경상