,사고번호,사고일시,요일,시군구,사고내용,사망자수,중상자수,경상자수,부상신고자수,사고유형,법규위반,노면상태,기상상태,도로형태,가해운전자 차종,가해운전자 성별,가해운전자 연령,가해운전자 상해정도,피해운전자 차종,피해운전자 성별,피해운전자 연령,피해운전자 상해정도
19651,2019122300100076,2019년 12월 23일 06시,월요일,서울특별시 광진구 구의동,중상사고,0,1,0,0,차대사람 - 횡단중,안전운전불이행,포장 - 건조,맑음,단일로 - 기타,화물,남,38세,상해없음,보행자,남,27세,중상
19652,2019122300100077,2019년 12월 23일 06시,월요일,서울특별시 금천구 시흥동,중상사고,0,1,0,0,차대사람 - 보도통행중,보행자보호의무위반,포장 - 젖음/습기,흐림,교차로 - 교차로횡단보도내,승용,남,44세,상해없음,보행자,남,78세,중상
19653,2019122300100079,2019년 12월 23일 06시,월요일,서울특별시 노원구 상계동,중상사고,0,1,0,0,차대사람 - 기타,안전운전불이행,포장 - 건조,맑음,교차로 - 교차로안,승용,남,26세,상해없음,보행자,여,74세,중상
19654,2019122300100097,2019년 12월 23일 07시,월요일,서울특별시 강동구 천호동,중상사고,0,1,0,0,차대사람 - 길가장자리구역통행중,안전운전불이행,포장 - 건조,맑음,교차로 - 교차로부근,승합,남,56세,상해없음,보행자,여,57세,중상
19655,2019122300100121,2019년 12월 23일 08시,월요일,서울특별시 구로구 구로동,경상사고,0,0,1,0,차대사람 - 보도통행중,기타,포장 - 젖음/습기,흐림,기타 - 기타,자전거,남,40세,상해없음,보행자,남,36세,경상
19656,2019122300100122,2019년 12월 23일 08시,월요일,서울특별시 양천구 목동,경상사고,0,0,1,0,차대사람 - 기타,안전운전불이행,포장 - 건조,맑음,주차장 - 주차장,승용,여,54세,상해없음,보행자,남,40세,경상
19657,2019122300100169,2019년 12월 23일 09시,월요일,서울특별시 노원구 월계동,경상사고,0,0,1,0,차대사람 - 차도통행중,안전운전불이행,포장 - 젖음/습기,흐림,단일로 - 기타,승용,여,48세,상해없음,보행자,남,60세,경상
19658,2019122300100189,2019년 12월 23일 10시,월요일,서울특별시 동대문구 회기동,중상사고,0,1,0,0,차대사람 - 기타,안전운전불이행,포장 - 건조,맑음,단일로 - 기타,승용,여,29세,상해없음,보행자,남,71세,중상
19659,2019122300100191,2019년 12월 23일 10시,월요일,서울특별시 동작구 상도동,중상사고,0,1,0,0,차대사람 - 기타,안전운전불이행,포장 - 건조,맑음,단일로 - 기타,이륜,남,67세,상해없음,보행자,여,44세,중상
19660,2019122300100192,2019년 12월 23일 10시,월요일,서울특별시 관악구 신림동,경상사고,0,0,1,0,차대사람 - 횡단중,신호위반,포장 - 건조,맑음,단일로 - 기타,승합,남,60세,상해없음,보행자,여,25세,경상
19661,2019122300100226,2019년 12월 23일 11시,월요일,서울특별시 성동구 응봉동,중상사고,0,1,0,0,차대사람 - 횡단중,안전운전불이행,포장 - 건조,맑음,단일로 - 기타,승용,남,37세,상해없음,보행자,여,85세,중상
19662,2019122300100256,2019년 12월 23일 12시,월요일,서울특별시 중랑구 면목동,경상사고,0,0,1,0,차대사람 - 횡단중,신호위반,포장 - 건조,맑음,교차로 - 교차로부근,이륜,남,33세,상해없음,보행자,여,56세,경상
19663,2019122300100288,2019년 12월 23일 13시,월요일,서울특별시 서대문구 남가좌동,경상사고,0,0,1,0,차대사람 - 기타,안전운전불이행,포장 - 건조,맑음,단일로 - 기타,승용,남,63세,상해없음,보행자,남,32세,경상
19664,2019122300100289,2019년 12월 23일 13시,월요일,서울특별시 동대문구 답십리동,경상사고,0,0,1,0,차대사람 - 보도통행중,안전운전불이행,포장 - 건조,맑음,단일로 - 기타,승용,남,45세,상해없음,보행자,남,25세,경상
19665,2019122300100291,2019년 12월 23일 13시,월요일,서울특별시 송파구 송파동,중상사고,0,1,0,0,차대사람 - 길가장자리구역통행중,안전운전불이행,포장 - 건조,맑음,교차로 - 교차로안,화물,남,44세,상해없음,보행자,여,82세,중상
19666,2019122300100321,2019년 12월 23일 14시,월요일,서울특별시 마포구 망원동,중상사고,0,1,0,0,차대사람 - 보도통행중,보행자보호의무위반,포장 - 건조,맑음,교차로 - 교차로횡단보도내,화물,남,52세,상해없음,보행자,여,43세,중상
19667,2019122300100355,2019년 12월 23일 15시,월요일,서울특별시 서대문구 홍은동,경상사고,0,0,1,0,차대사람 - 기타,안전운전불이행,포장 - 건조,맑음,단일로 - 기타,승합,남,50세,상해없음,보행자,여,81세,경상
19668,2019122300100358,2019년 12월 23일 15시,월요일,서울특별시 동작구 대방동,경상사고,0,0,1,0,차대사람 - 횡단중,보행자보호의무위반,포장 - 건조,맑음,교차로 - 교차로횡단보도내,승용,여,40세,상해없음,보행자,여,27세,경상
19669,2019122300100359,2019년 12월 23일 15시,월요일,서울특별시 강서구 화곡동,중상사고,0,1,0,0,차대사람 - 횡단중,보행자보호의무위반,포장 - 건조,맑음,단일로 - 기타,개인형이동수단(PM),남,53세,상해없음,보행자,여,61세,중상
19670,2019122300100391,2019년 12월 23일 16시,월요일,서울특별시 동대문구 청량리동,중상사고,0,1,0,0,차대사람 - 횡단중,보행자보호의무위반,포장 - 건조,맑음,교차로 - 교차로횡단보도내,이륜,남,27세,상해없음,보행자,남,67세,중상
19671,2019122300100393,2019년 12월 23일 16시,월요일,서울특별시 관악구 봉천동,경상사고,0,0,2,0,차대사람 - 횡단중,신호위반,포장 - 건조,맑음,교차로 - 교차로안,승용,남,65세,상해없음,보행자,남,75세,경상
19672,2019122300100394,2019년 12월 23일 16시,월요일,서울특별시 구로구 구로동,중상사고,0,1,0,0,차대사람 - 횡단중,안전운전불이행,포장 - 건조,맑음,단일로 - 기타,승합,남,58세,상해없음,보행자,남,54세,중상
19673,2019122300100430,2019년 12월 23일 17시,월요일,서울특별시 서대문구 남가좌동,경상사고,0,0,1,0,차대사람 - 횡단중,보행자보호의무위반,포장 - 건조,맑음,교차로 - 교차로횡단보도내,승용,남,58세,상해없음,보행자,남,12세,경상
19674,2019122300100431,2019년 12월 23일 17시,월요일,서울특별시 광진구 구의동,중상사고,0,1,0,0,차대사람 - 기타,안전운전불이행,포장 - 건조,맑음,단일로 - 기타,화물,남,62세,상해없음,보행자,여,84세,중상
19675,2019122300100433,2019년 12월 23일 17시,월요일,서울특별시 강서구 등촌동,경상사고,0,0,1,0,차대사람 - 기타,안전운전불이행,포장 - 건조,맑음,단일로 - 기타,승용,여,30세,상해없음,보행자,여,20세,경상
19676,2019122300100477,2019년 12월 23일 18시,월요일,서울특별시 서초구 반포동,경상사고,0,0,1,0,차대사람 - 횡단중,안전운전불이행,포장 - 건조,맑음,교차로 - 교차로횡단보도내,승용,남,46세,상해없음,보행자,남,13세,경상
19677,2019122300100479,2019년 12월 23일 18시,월요일,서울특별시 노원구 중계동,경상사고,0,0,1,0,차대사람 - 기타,안전운전불이행,포장 - 젖음/습기,흐림,주차장 - 주차장,화물,남,54세,상해없음,보행자,남,58세,경상
19678,2019122300100539,2019년 12월 23일 19시,월요일,서울특별시 노원구 월계동,경상사고,0,0,1,0,차대사람 - 기타,기타,포장 - 건조,맑음,단일로 - 기타,승합,남,70세,상해없음,보행자,남,59세,경상
19679,2019122300100594,2019년 12월 23일 21시,월요일,서울특별시 동대문구 신설동,부상신고사고,0,0,0,1,차대사람 - 횡단중,안전운전불이행,포장 - 건조,흐림,단일로 - 기타,승용,여,23세,상해없음,보행자,남,18세,부상신고
19680,2019122400100031,2019년 12월 24일 00시,화요일,서울특별시 강남구 개포동,경상사고,0,0,1,0,차대사람 - 횡단중,신호위반,포장 - 건조,맑음,교차로 - 교차로부근,이륜,남,37세,상해없음,보행자,여,59세,경상
19681,2019122400100079,2019년 12월 24일 04시,화요일,서울특별시 구로구 오류동,중상사고,0,1,1,0,차대사람 - 기타,기타,포장 - 건조,맑음,단일로 - 기타,화물,남,43세,상해없음,보행자,여,72세,중상
19682,2019122400100096,2019년 12월 24일 06시,화요일,서울특별시 성동구 금호동4가,중상사고,0,1,0,0,차대사람 - 횡단중,신호위반,포장 - 건조,맑음,단일로 - 기타,이륜,남,73세,상해없음,보행자,여,40세,중상
19683,2019122400100097,2019년 12월 24일 06시,화요일,서울특별시 동작구 상도동,경상사고,0,0,1,0,차대사람 - 횡단중,신호위반,포장 - 건조,맑음,교차로 - 교차로부근,화물,남,41세,상해없음,보행자,여,19세,경상
19684,2019122400100115,2019년 12월 24일 07시,화요일,서울특별시 송파구 송파동,경상사고,0,0,1,0,차대사람 - 횡단중,보행자보호의무위반,포장 - 건조,맑음,단일로 - 기타,승용,남,49세,상해없음,보행자,여,20세,경상
19685,2019122400100116,2019년 12월 24일 07시,화요일,서울특별시 성북구 하월곡동,경상사고,0,0,1,0,차대사람 - 횡단중,안전운전불이행,포장 - 건조,맑음,교차로 - 교차로부근,화물,남,66세,상해없음,보행자,남,17세,경상
19686,2019122400100185,2019년 12월 24일 09시,화요일,서울특별시 성북구 장위동,중상사고,0,1,0,0,차대사람 - 기타,보행자보호의무위반,포장 - 건조,맑음,기타 - 기타,승용,남,68세,상해없음,보행자,여,85세,중상
19687,2019122400100189,2019년 12월 24일 09시,화요일,서울특별시 강남구 역삼동,경상사고,0,0,1,0,차대사람 - 기타,안전운전불이행,포장 - 건조,맑음,교차로 - 교차로안,승용,남,51세,상해없음,보행자,여,26세,경상
19688,2019122400100280,2019년 12월 24일 12시,화요일,서울특별시 마포구 망원동,경상사고,0,0,1,0,차대사람 - 횡단중,신호위반,포장 - 건조,맑음,단일로 - 기타,이륜,남,27세,상해없음,보행자,남,7세,경상
19689,2019122400100309,2019년 12월 24일 13시,화요일,서울특별시 은평구 신사동,경상사고,0,0,1,0,차대사람 - 기타,안전운전불이행,포장 - 건조,맑음,단일로 - 기타,화물,남,50세,기타불명,보행자,여,83세,경상
19690,2019122400100315,2019년 12월 24일 13시,화요일,서울특별시 강남구 대치동,경상사고,0,0,1,0,차대사람 - 보도통행중,보행자보호의무위반,포장 - 건조,맑음,교차로 - 교차로부근,승용,여,50세,상해없음,보행자,여,29세,경상
19691,2019122400100382,2019년 12월 24일 15시,화요일,서울특별시 관악구 신림동,경상사고,0,0,1,0,차대사람 - 횡단중,보행자보호의무위반,포장 - 건조,맑음,단일로 - 기타,승용,여,49세,상해없음,보행자,여,63세,경상
19692,2019122400100425,2019년 12월 24일 16시,화요일,서울특별시 강남구 논현동,중상사고,0,1,0,0,차대사람 - 기타,기타,포장 - 건조,맑음,기타 - 기타,승용,남,52세,상해없음,보행자,남,36세,중상
19693,2019122400100453,2019년 12월 24일 17시,화요일,서울특별시 성북구 동선동1가,경상사고,0,0,1,0,차대사람 - 기타,안전운전불이행,포장 - 건조,맑음,단일로 - 기타,승용,여,60세,상해없음,보행자,여,56세,경상
19694,2019122400100454,2019년 12월 24일 17시,화요일,서울특별시 영등포구 양평동3가,중상사고,0,1,0,0,차대사람 - 횡단중,안전운전불이행,포장 - 건조,맑음,단일로 - 기타,승용,남,71세,상해없음,보행자,남,48세,중상
19695,2019122400100514,2019년 12월 24일 18시,화요일,서울특별시 마포구 신공덕동,경상사고,0,0,1,0,차대사람 - 기타,기타,포장 - 건조,맑음,단일로 - 기타,이륜,남,20세,상해없음,보행자,여,48세,경상
19696,2019122400100520,2019년 12월 24일 18시,화요일,서울특별시 강남구 논현동,경상사고,0,0,1,0,차대사람 - 기타,안전운전불이행,포장 - 건조,맑음,교차로 - 교차로안,승용,남,68세,상해없음,보행자,여,85세,경상
19697,2019122400100521,2019년 12월 24일 18시,화요일,서울특별시 강남구 논현동,부상신고사고,0,0,0,1,차대사람 - 보도통행중,기타,포장 - 기타,맑음,단일로 - 기타,개인형이동수단(PM),여,30세,상해없음,보행자,여,26세,부상신고
19698,2019122400100527,2019년 12월 24일 18시,화요일,서울특별시 양천구 신월동,부상신고사고,0,0,0,1,차대사람 - 기타,안전운전불이행,포장 - 건조,맑음,단일로 - 기타,승용,남,56세,상해없음,보행자,여,53세,부상신고
19699,2019122400100600,2019년 12월 24일 19시,화요일,서울특별시 관악구 신림동,경상사고,0,0,1,0,차대사람 - 기타,차로위반,포장 - 건조,맑음,단일로 - 기타,승용,남,65세,상해없음,보행자,남,70세,경상
19700,2019122400100601,2019년 12월 24일 19시,화요일,서울특별시 강남구 청담동,경상사고,0,0,1,0,차대사람 - 기타,안전운전불이행,포장 - 건조,맑음,단일로 - 기타,승용,남,51세,상해없음,보행자,여,21세,경상
19701,2019122400100642,2019년 12월 24일 20시,화요일,서울특별시 중구 을지로6가,경상사고,0,0,1,0,차대사람 - 차도통행중,안전운전불이행,포장 - 건조,맑음,단일로 - 기타,원동기,남,49세,상해없음,보행자,여,40세,경상
19702,2019122400100681,2019년 12월 24일 21시,화요일,서울특별시 동대문구 청량리동,경상사고,0,0,1,0,차대사람 - 기타,안전운전불이행,포장 - 건조,맑음,단일로 - 기타,승용,남,50세,상해없음,보행자,남,62세,경상
19703,2019122400100684,2019년 12월 24일 21시,화요일,서울특별시 강남구 신사동,경상사고,0,0,1,0,차대사람 - 기타,신호위반,포장 - 건조,맑음,교차로 - 교차로부근,승용,남,29세,상해없음,보행자,남,20세,경상
19704,2019122400100703,2019년 12월 24일 22시,화요일,서울특별시 강북구 미아동,경상사고,0,0,1,0,차대사람 - 횡단중,안전운전불이행,포장 - 건조,맑음,교차로 - 교차로부근,승용,남,50세,상해없음,보행자,남,13세,경상
19705,2019122400100704,2019년 12월 24일 22시,화요일,서울특별시 성동구 금호동2가,경상사고,0,0,1,0,차대사람 - 기타,신호위반,포장 - 건조,맑음,교차로 - 교차로횡단보도내,이륜,남,24세,상해없음,보행자,여,47세,경상
19706,2019122400100707,2019년 12월 24일 22시,화요일,서울특별시 양천구 목동,경상사고,0,0,1,0,차대사람 - 보도통행중,안전운전불이행,포장 - 건조,맑음,단일로 - 기타,원동기,남,18세,기타불명,보행자,남,14세,경상
19707,2019122400100725,2019년 12월 24일 23시,화요일,서울특별시 동작구 사당동,경상사고,0,0,2,0,차대사람 - 길가장자리구역통행중,안전운전불이행,포장 - 건조,맑음,단일로 - 기타,이륜,남,29세,경상,보행자,남,75세,경상
19708,2019122500100031,2019년 12월 25일 01시,수요일,서울특별시 용산구 이태원동,경상사고,0,0,2,0,차대사람 - 기타,안전운전불이행,포장 - 건조,맑음,단일로 - 기타,승용,남,65세,상해없음,보행자,남,26세,경상
19709,2019122500100032,2019년 12월 25일 01시,수요일,서울특별시 용산구 이태원동,경상사고,0,0,1,0,차대사람 - 길가장자리구역통행중,안전운전불이행,포장 - 건조,맑음,기타 - 기타,승용,남,45세,기타불명,보행자,여,23세,경상
19710,2019122500100043,2019년 12월 25일 02시,수요일,서울특별시 마포구 서교동,경상사고,0,0,1,0,차대사람 - 기타,안전운전불이행,포장 - 기타,맑음,단일로 - 기타,승용,남,27세,상해없음,보행자,남,28세,경상
19711,2019122500100050,2019년 12월 25일 03시,수요일,서울특별시 서초구 서초동,경상사고,0,0,1,0,차대사람 - 기타,안전운전불이행,포장 - 건조,기타,기타 - 기타,승용,남,65세,상해없음,보행자,여,25세,경상
19712,2019122500100071,2019년 12월 25일 05시,수요일,서울특별시 구로구 구로동,중상사고,0,1,0,0,차대사람 - 횡단중,안전운전불이행,포장 - 건조,맑음,교차로 - 교차로안,승용,남,66세,상해없음,보행자,여,73세,중상
19713,2019122500100073,2019년 12월 25일 05시,수요일,서울특별시 도봉구 창동,경상사고,0,0,1,0,차대사람 - 기타,안전운전불이행,포장 - 건조,맑음,단일로 - 기타,승용,남,60세,상해없음,보행자,남,54세,경상
19714,2019122500100158,2019년 12월 25일 12시,수요일,서울특별시 강동구 천호동,경상사고,0,0,1,0,차대사람 - 보도통행중,안전운전불이행,포장 - 건조,맑음,단일로 - 기타,이륜,남,39세,상해없음,보행자,남,61세,경상
19715,2019122500100235,2019년 12월 25일 15시,수요일,서울특별시 송파구 마천동,중상사고,0,1,0,0,차대사람 - 기타,안전운전불이행,포장 - 건조,맑음,단일로 - 기타,화물,남,53세,상해없음,보행자,남,73세,중상
19716,2019122500100285,2019년 12월 25일 17시,수요일,서울특별시 중구 명동2가,경상사고,0,0,1,0,차대사람 - 보도통행중,안전운전불이행,포장 - 건조,맑음,단일로 - 지하차도(도로)내,승용,여,63세,상해없음,보행자,남,39세,경상
19717,2019122500100322,2019년 12월 25일 18시,수요일,서울특별시 강남구 신사동,경상사고,0,0,1,0,차대사람 - 기타,안전운전불이행,포장 - 건조,맑음,단일로 - 기타,승용,남,77세,상해없음,보행자,남,48세,경상
19718,2019122500100357,2019년 12월 25일 19시,수요일,서울특별시 종로구 관철동,경상사고,0,0,1,0,차대사람 - 차도통행중,안전운전불이행,포장 - 건조,맑음,단일로 - 지하차도(도로)내,승용,남,23세,상해없음,보행자,남,29세,경상
19719,2019122500100363,2019년 12월 25일 19시,수요일,서울특별시 은평구 갈현동,중상사고,0,1,0,0,차대사람 - 횡단중,안전운전불이행,포장 - 건조,맑음,교차로 - 교차로횡단보도내,승용,남,30세,상해없음,보행자,여,62세,중상
19720,2019122500100420,2019년 12월 25일 21시,수요일,서울특별시 종로구 종로2가,중상사고,0,1,0,0,차대사람 - 기타,안전운전불이행,포장 - 건조,맑음,단일로 - 기타,승합,남,46세,상해없음,보행자,여,26세,중상
19721,2019122500100449,2019년 12월 25일 23시,수요일,서울특별시 강동구 천호동,부상신고사고,0,0,0,1,차대사람 - 기타,안전운전불이행,포장 - 건조,맑음,단일로 - 기타,승용,남,26세,상해없음,보행자,남,29세,부상신고
19722,2019122600100022,2019년 12월 26일 00시,목요일,서울특별시 구로구 오류동,부상신고사고,0,0,0,1,차대사람 - 횡단중,기타,포장 - 건조,맑음,교차로 - 교차로안,승용,남,49세,상해없음,보행자,남,37세,부상신고
19723,2019122600100033,2019년 12월 26일 01시,목요일,서울특별시 광진구 화양동,경상사고,0,0,1,0,차대사람 - 기타,안전운전불이행,포장 - 건조,맑음,단일로 - 기타,승용,남,60세,상해없음,보행자,남,27세,경상
19724,2019122600100079,2019년 12월 26일 07시,목요일,서울특별시 종로구 누상동,경상사고,0,0,1,0,차대사람 - 차도통행중,안전운전불이행,포장 - 건조,흐림,단일로 - 기타,승용,남,44세,상해없음,보행자,남,57세,경상
19725,2019122600100080,2019년 12월 26일 07시,목요일,서울특별시 강서구 화곡동,경상사고,0,0,1,0,차대사람 - 기타,안전운전불이행,포장 - 건조,맑음,단일로 - 기타,승용,남,54세,상해없음,보행자,남,28세,경상
19726,2019122600100082,2019년 12월 26일 07시,목요일,서울특별시 송파구 삼전동,경상사고,0,0,1,0,차대사람 - 기타,안전운전불이행,포장 - 젖음/습기,흐림,단일로 - 기타,화물,남,63세,상해없음,보행자,여,24세,경상
19727,2019122600100107,2019년 12월 26일 08시,목요일,서울특별시 마포구 서교동,경상사고,0,0,1,0,차대사람 - 기타,기타,포장 - 건조,맑음,단일로 - 기타,승합,남,68세,상해없음,보행자,여,28세,경상
19728,2019122600100166,2019년 12월 26일 10시,목요일,서울특별시 강남구 논현동,경상사고,0,0,1,0,차대사람 - 길가장자리구역통행중,안전운전불이행,포장 - 건조,흐림,단일로 - 기타,승용,남,62세,기타불명,보행자,여,26세,경상
19729,2019122600100230,2019년 12월 26일 12시,목요일,서울특별시 은평구 역촌동,중상사고,0,1,0,0,차대사람 - 횡단중,신호위반,포장 - 건조,맑음,단일로 - 기타,화물,남,52세,상해없음,보행자,남,8세,중상
19730,2019122600100260,2019년 12월 26일 13시,목요일,서울특별시 마포구 공덕동,중상사고,0,1,0,0,차대사람 - 횡단중,안전운전불이행,포장 - 건조,맑음,교차로 - 교차로횡단보도내,승용,여,71세,상해없음,보행자,여,71세,중상
19731,2019122600100296,2019년 12월 26일 14시,목요일,서울특별시 영등포구 신길동,중상사고,0,1,0,0,차대사람 - 횡단중,보행자보호의무위반,포장 - 건조,맑음,기타 - 기타,승용,여,56세,상해없음,보행자,여,66세,중상
19732,2019122600100297,2019년 12월 26일 14시,목요일,서울특별시 영등포구 영등포동,경상사고,0,0,1,0,차대사람 - 횡단중,안전운전불이행,포장 - 건조,맑음,단일로 - 기타,승용,여,66세,상해없음,보행자,여,61세,경상
19733,2019122600100329,2019년 12월 26일 15시,목요일,서울특별시 중랑구 면목동,경상사고,0,0,1,0,차대사람 - 기타,안전운전불이행,포장 - 건조,맑음,단일로 - 기타,화물,남,61세,상해없음,보행자,남,26세,경상
19734,2019122600100330,2019년 12월 26일 15시,목요일,서울특별시 관악구 봉천동,중상사고,0,1,0,0,차대사람 - 차도통행중,안전운전불이행,포장 - 건조,맑음,단일로 - 기타,승용,여,54세,상해없음,보행자,여,18세,중상
19735,2019122600100365,2019년 12월 26일 16시,목요일,서울특별시 광진구 화양동,경상사고,0,0,1,0,차대사람 - 기타,안전운전불이행,포장 - 건조,맑음,단일로 - 기타,승용,여,27세,상해없음,보행자,여,19세,경상
19736,2019122600100395,2019년 12월 26일 17시,목요일,서울특별시 종로구 인사동,경상사고,0,0,1,0,차대사람 - 차도통행중,안전운전불이행,포장 - 건조,흐림,교차로 - 교차로부근,화물,남,57세,상해없음,보행자,여,30세,경상
19737,2019122600100402,2019년 12월 26일 17시,목요일,서울특별시 양천구 신월동,중상사고,0,1,0,0,차대사람 - 기타,기타,포장 - 건조,맑음,단일로 - 기타,원동기,남,26세,기타불명,보행자,여,48세,중상
19738,2019122600100435,2019년 12월 26일 18시,목요일,서울특별시 강북구 수유동,중상사고,0,1,0,0,차대사람 - 횡단중,보행자보호의무위반,포장 - 건조,맑음,교차로 - 교차로안,승용,남,58세,상해없음,보행자,남,63세,중상
19739,2019122600100440,2019년 12월 26일 18시,목요일,서울특별시 서초구 반포동,부상신고사고,0,0,0,1,차대사람 - 횡단중,안전운전불이행,포장 - 건조,맑음,기타 - 기타,승용,남,44세,상해없음,보행자,남,45세,부상신고
19740,2019122600100501,2019년 12월 26일 19시,목요일,서울특별시 종로구 창신동,경상사고,0,0,1,0,차대사람 - 기타,기타,포장 - 건조,맑음,단일로 - 기타,승용,여,51세,상해없음,보행자,여,49세,경상
19741,2019122600100502,2019년 12월 26일 19시,목요일,서울특별시 서대문구 홍은동,부상신고사고,0,0,0,1,차대사람 - 보도통행중,기타,포장 - 건조,맑음,단일로 - 기타,승용,여,37세,상해없음,보행자,남,17세,부상신고
19742,2019122600100503,2019년 12월 26일 19시,목요일,서울특별시 광진구 자양동,경상사고,0,0,1,0,차대사람 - 기타,안전운전불이행,포장 - 기타,맑음,기타 - 기타,승용,여,25세,상해없음,보행자,여,31세,경상
19743,2019122600100532,2019년 12월 26일 20시,목요일,서울특별시 은평구 신사동,경상사고,0,0,1,0,차대사람 - 기타,보행자보호의무위반,포장 - 건조,맑음,교차로 - 교차로부근,승용,여,25세,상해없음,보행자,여,68세,경상
19744,2019122600100533,2019년 12월 26일 20시,목요일,서울특별시 강북구 수유동,중상사고,0,1,0,0,차대사람 - 기타,안전운전불이행,포장 - 건조,흐림,단일로 - 기타,이륜,남,33세,상해없음,보행자,남,58세,중상
19745,2019122600100535,2019년 12월 26일 20시,목요일,서울특별시 송파구 잠실동,경상사고,0,0,1,0,차대사람 - 기타,안전운전불이행,포장 - 건조,맑음,단일로 - 기타,자전거,남,33세,상해없음,보행자,여,54세,경상
19746,2019122600100536,2019년 12월 26일 20시,목요일,서울특별시 강남구 역삼동,경상사고,0,0,1,0,차대사람 - 길가장자리구역통행중,안전운전불이행,포장 - 건조,기타,단일로 - 기타,승용,여,33세,상해없음,보행자,남,64세,경상
19747,2019122600100564,2019년 12월 26일 21시,목요일,서울특별시 양천구 신정동,중상사고,0,1,0,0,차대사람 - 횡단중,안전운전불이행,포장 - 건조,맑음,교차로 - 교차로부근,개인형이동수단(PM),남,49세,상해없음,보행자,남,15세,중상
19748,2019122600100588,2019년 12월 26일 22시,목요일,서울특별시 영등포구 당산동3가,중상사고,0,1,1,0,차대사람 - 기타,안전운전불이행,포장 - 건조,맑음,교차로 - 교차로부근,승용,남,70세,상해없음,보행자,여,58세,중상
19749,2019122600100589,2019년 12월 26일 22시,목요일,서울특별시 중랑구 신내동,중상사고,0,1,0,0,차대사람 - 기타,안전운전불이행,포장 - 건조,맑음,교차로 - 교차로안,승합,남,56세,상해없음,보행자,여,45세,중상
19750,2019122600100591,2019년 12월 26일 22시,목요일,서울특별시 도봉구 방학동,경상사고,0,0,2,0,차대사람 - 횡단중,안전운전불이행,포장 - 건조,맑음,교차로 - 교차로안,승용,여,56세,상해없음,보행자,남,17세,경상
19751,2019122600100613,2019년 12월 26일 23시,목요일,서울특별시 강남구 논현동,중상사고,0,1,0,0,차대사람 - 기타,안전운전불이행,포장 - 건조,맑음,단일로 - 기타,승용,여,41세,상해없음,보행자,남,56세,중상
19752,2019122700100024,2019년 12월 27일 00시,금요일,서울특별시 영등포구 영등포동4가,부상신고사고,0,0,0,1,차대사람 - 기타,보행자보호의무위반,포장 - 건조,맑음,단일로 - 기타,승용,남,25세,상해없음,보행자,남,68세,부상신고
19753,2019122700100061,2019년 12월 27일 03시,금요일,서울특별시 강남구 역삼동,경상사고,0,0,1,0,차대사람 - 기타,안전운전불이행,포장 - 건조,맑음,단일로 - 기타,승용,여,27세,상해없음,보행자,남,30세,경상
19754,2019122700100092,2019년 12월 27일 07시,금요일,서울특별시 서초구 서초동,부상신고사고,0,0,0,1,차대사람 - 기타,보행자보호의무위반,포장 - 건조,맑음,교차로 - 교차로안,승용,여,50세,상해없음,보행자,여,52세,부상신고
19755,2019122700100093,2019년 12월 27일 07시,금요일,서울특별시 은평구 구산동,중상사고,0,1,0,0,차대사람 - 차도통행중,안전운전불이행,포장 - 건조,맑음,단일로 - 기타,승용,남,56세,상해없음,보행자,남,50세,중상
19756,2019122700100119,2019년 12월 27일 08시,금요일,서울특별시 성북구 동소문동4가,경상사고,0,0,1,0,차대사람 - 횡단중,중앙선침범,포장 - 건조,맑음,단일로 - 기타,승용,남,71세,상해없음,보행자,남,27세,경상
19757,2019122700100122,2019년 12월 27일 08시,금요일,서울특별시 동작구 신대방동,경상사고,0,0,1,0,차대사람 - 횡단중,안전운전불이행,포장 - 건조,맑음,교차로 - 교차로부근,승용,남,75세,상해없음,보행자,여,35세,경상
19758,2019122700100155,2019년 12월 27일 09시,금요일,서울특별시 관악구 신림동,중상사고,0,1,0,0,차대사람 - 횡단중,안전운전불이행,포장 - 건조,맑음,교차로 - 교차로안,승용,남,31세,상해없음,보행자,여,44세,중상
19759,2019122700100157,2019년 12월 27일 09시,금요일,서울특별시 송파구 석촌동,중상사고,0,1,0,0,차대사람 - 기타,보행자보호의무위반,포장 - 건조,맑음,교차로 - 교차로횡단보도내,기타불명,기타불명,미분류,기타불명,보행자,여,58세,중상
19760,2019122700100188,2019년 12월 27일 10시,금요일,서울특별시 송파구 석촌동,중상사고,0,1,0,0,차대사람 - 보도통행중,안전운전불이행,포장 - 건조,맑음,기타 - 기타,자전거,기타불명,미분류,기타불명,보행자,여,77세,중상
19761,2019122700100190,2019년 12월 27일 10시,금요일,서울특별시 노원구 중계동,경상사고,0,0,1,0,차대사람 - 횡단중,안전운전불이행,포장 - 건조,맑음,단일로 - 기타,화물,남,58세,상해없음,보행자,여,84세,경상