,사고번호,사고일시,요일,시군구,사고내용,사망자수,중상자수,경상자수,부상신고자수,사고유형,법규위반,노면상태,기상상태,도로형태,가해운전자 차종,가해운전자 성별,가해운전자 연령,가해운전자 상해정도,피해운전자 차종,피해운전자 성별,피해운전자 연령,피해운전자 상해정도
19762,2019122700100240,2019년 12월 27일 12시,금요일,서울특별시 용산구 청파동2가,경상사고,0,0,1,0,차대사람 - 기타,안전운전불이행,포장 - 건조,맑음,기타 - 기타,승용,남,82세,기타불명,보행자,남,51세,경상
19763,2019122700100280,2019년 12월 27일 13시,금요일,서울특별시 강북구 미아동,경상사고,0,0,1,0,차대사람 - 기타,안전운전불이행,포장 - 건조,맑음,단일로 - 기타,화물,남,47세,상해없음,보행자,남,88세,경상
19764,2019122700100313,2019년 12월 27일 14시,금요일,서울특별시 관악구 봉천동,경상사고,0,0,1,0,차대사람 - 기타,안전운전불이행,포장 - 건조,맑음,기타 - 기타,승용,남,61세,상해없음,보행자,여,79세,경상
19765,2019122700100315,2019년 12월 27일 14시,금요일,서울특별시 강남구 삼성동,경상사고,0,0,1,0,차대사람 - 보도통행중,교차로운행방법위반,포장 - 건조,맑음,교차로 - 교차로안,화물,남,39세,상해없음,보행자,남,35세,경상
19766,2019122700100384,2019년 12월 27일 16시,금요일,서울특별시 동대문구 장안동,경상사고,0,0,1,0,차대사람 - 기타,안전운전불이행,포장 - 건조,맑음,단일로 - 기타,승합,남,42세,상해없음,보행자,남,51세,경상
19767,2019122700100385,2019년 12월 27일 16시,금요일,서울특별시 광진구 광장동,경상사고,0,0,1,0,차대사람 - 보도통행중,안전운전불이행,포장 - 건조,맑음,단일로 - 기타,자전거,남,82세,상해없음,보행자,남,8세,경상
19768,2019122700100417,2019년 12월 27일 17시,금요일,서울특별시 용산구 한강로2가,중상사고,0,1,0,0,차대사람 - 보도통행중,보행자보호의무위반,포장 - 건조,맑음,교차로 - 교차로횡단보도내,승용,여,45세,상해없음,보행자,여,74세,중상
19769,2019122700100419,2019년 12월 27일 17시,금요일,서울특별시 강동구 성내동,경상사고,0,0,1,0,차대사람 - 기타,안전운전불이행,포장 - 건조,맑음,단일로 - 기타,화물,남,59세,상해없음,보행자,남,85세,경상
19770,2019122700100458,2019년 12월 27일 18시,금요일,서울특별시 영등포구 여의도동,경상사고,0,0,1,0,차대사람 - 기타,보행자보호의무위반,포장 - 건조,맑음,교차로 - 교차로횡단보도내,승용,남,60세,상해없음,보행자,여,35세,경상
19771,2019122700100459,2019년 12월 27일 18시,금요일,서울특별시 강동구 둔촌동,경상사고,0,0,1,0,차대사람 - 횡단중,보행자보호의무위반,포장 - 건조,맑음,교차로 - 교차로안,화물,남,70세,상해없음,보행자,남,61세,경상
19772,2019122700100460,2019년 12월 27일 18시,금요일,서울특별시 양천구 목동,경상사고,0,0,1,0,차대사람 - 기타,안전운전불이행,포장 - 건조,맑음,단일로 - 기타,화물,남,60세,상해없음,보행자,여,30세,경상
19773,2019122700100462,2019년 12월 27일 18시,금요일,서울특별시 도봉구 창동,중상사고,0,1,0,0,차대사람 - 기타,안전운전불이행,포장 - 건조,맑음,단일로 - 기타,승용,여,45세,상해없음,보행자,남,13세,중상
19774,2019122700100516,2019년 12월 27일 19시,금요일,서울특별시 영등포구 여의도동,경상사고,0,0,1,0,차대사람 - 기타,안전운전불이행,포장 - 건조,맑음,단일로 - 기타,승용,남,34세,상해없음,보행자,남,27세,경상
19775,2019122700100519,2019년 12월 27일 19시,금요일,서울특별시 강서구 공항동,중상사고,0,1,0,0,차대사람 - 횡단중,안전운전불이행,포장 - 건조,맑음,단일로 - 기타,승합,남,62세,기타불명,보행자,남,65세,중상
19776,2019122700100571,2019년 12월 27일 20시,금요일,서울특별시 동작구 사당동,경상사고,0,0,1,0,차대사람 - 횡단중,안전운전불이행,포장 - 건조,맑음,교차로 - 교차로부근,승용,남,47세,상해없음,보행자,남,37세,경상
19777,2019122700100601,2019년 12월 27일 21시,금요일,서울특별시 송파구 삼전동,경상사고,0,0,1,0,차대사람 - 기타,안전운전불이행,포장 - 건조,맑음,교차로 - 교차로안,자전거,남,76세,상해없음,보행자,남,68세,경상
19778,2019122700100629,2019년 12월 27일 22시,금요일,서울특별시 강남구 신사동,경상사고,0,0,1,0,차대사람 - 기타,안전운전불이행,포장 - 건조,맑음,단일로 - 기타,승용,남,22세,상해없음,보행자,남,35세,경상
19779,2019122700100631,2019년 12월 27일 22시,금요일,서울특별시 성북구 길음동,중상사고,0,1,0,0,차대사람 - 횡단중,안전운전불이행,포장 - 건조,맑음,단일로 - 기타,승용,남,62세,상해없음,보행자,남,55세,중상
19780,2019122700100654,2019년 12월 27일 23시,금요일,서울특별시 영등포구 당산동1가,중상사고,0,1,0,0,차대사람 - 횡단중,안전운전불이행,포장 - 건조,맑음,단일로 - 기타,승용,남,64세,기타불명,보행자,남,53세,중상
19781,2019122700100656,2019년 12월 27일 23시,금요일,서울특별시 강동구 성내동,중상사고,0,1,0,0,차대사람 - 횡단중,보행자보호의무위반,포장 - 건조,맑음,교차로 - 교차로안,승합,남,71세,상해없음,보행자,여,48세,중상
19782,2019122800100045,2019년 12월 28일 01시,토요일,서울특별시 영등포구 영등포동3가,경상사고,0,0,1,0,차대사람 - 차도통행중,안전운전불이행,포장 - 건조,맑음,단일로 - 기타,승용,남,61세,상해없음,보행자,남,40세,경상
19783,2019122800100046,2019년 12월 28일 01시,토요일,서울특별시 성동구 홍익동,중상사고,0,1,0,0,차대사람 - 기타,안전운전불이행,포장 - 건조,맑음,교차로 - 교차로부근,승용,남,48세,상해없음,보행자,남,43세,중상
19784,2019122800100070,2019년 12월 28일 02시,토요일,서울특별시 관악구 봉천동,경상사고,0,0,1,0,차대사람 - 차도통행중,안전운전불이행,포장 - 건조,맑음,단일로 - 기타,승용,남,27세,상해없음,보행자,남,23세,경상
19785,2019122800100071,2019년 12월 28일 02시,토요일,서울특별시 강동구 둔촌동,경상사고,0,0,1,0,차대사람 - 기타,안전운전불이행,포장 - 건조,맑음,단일로 - 기타,기타불명,기타불명,미분류,기타불명,보행자,남,46세,경상
19786,2019122800100083,2019년 12월 28일 03시,토요일,서울특별시 강남구 청담동,경상사고,0,0,1,0,차대사람 - 기타,안전운전불이행,포장 - 건조,맑음,기타 - 기타,화물,남,39세,상해없음,보행자,여,55세,경상
19787,2019122800100109,2019년 12월 28일 06시,토요일,서울특별시 용산구 이태원동,경상사고,0,0,1,0,차대사람 - 기타,안전운전불이행,포장 - 건조,맑음,교차로 - 교차로안,화물,남,41세,상해없음,보행자,남,20세,기타불명
19788,2019122800100110,2019년 12월 28일 06시,토요일,서울특별시 영등포구 양평동3가,중상사고,0,1,0,0,차대사람 - 횡단중,보행자보호의무위반,포장 - 건조,맑음,교차로 - 교차로횡단보도내,승용,남,37세,기타불명,보행자,남,60세,중상
19789,2019122800100122,2019년 12월 28일 07시,토요일,서울특별시 구로구 구로동,중상사고,0,1,0,0,차대사람 - 횡단중,안전운전불이행,포장 - 건조,맑음,교차로 - 교차로안,승용,남,44세,상해없음,보행자,여,78세,중상
19790,2019122800100150,2019년 12월 28일 09시,토요일,서울특별시 강남구 역삼동,부상신고사고,0,0,0,1,차대사람 - 기타,불법유턴,포장 - 건조,맑음,단일로 - 기타,승용,남,25세,상해없음,보행자,남,25세,부상신고
19791,2019122800100195,2019년 12월 28일 11시,토요일,서울특별시 강동구 길동,경상사고,0,0,1,0,차대사람 - 기타,안전운전불이행,포장 - 건조,맑음,기타 - 기타,승합,남,53세,상해없음,보행자,여,62세,경상
19792,2019122800100198,2019년 12월 28일 11시,토요일,서울특별시 은평구 역촌동,부상신고사고,0,0,0,1,차대사람 - 길가장자리구역통행중,안전운전불이행,포장 - 건조,맑음,단일로 - 기타,기타불명,기타불명,미분류,기타불명,보행자,여,58세,부상신고
19793,2019122800100224,2019년 12월 28일 12시,토요일,서울특별시 서초구 방배동,경상사고,0,0,1,0,차대사람 - 횡단중,안전운전불이행,포장 - 건조,맑음,교차로 - 교차로부근,승용,남,29세,상해없음,보행자,남,45세,경상
19794,2019122800100249,2019년 12월 28일 13시,토요일,서울특별시 강남구 대치동,중상사고,0,1,0,0,차대사람 - 기타,안전운전불이행,포장 - 건조,맑음,단일로 - 기타,승용,남,40세,상해없음,보행자,여,21세,중상
19795,2019122800100279,2019년 12월 28일 14시,토요일,서울특별시 마포구 서교동,중상사고,0,1,0,1,차대사람 - 횡단중,중앙선침범,포장 - 건조,맑음,교차로 - 교차로부근,이륜,남,31세,상해없음,보행자,여,47세,중상
19796,2019122800100300,2019년 12월 28일 15시,토요일,서울특별시 성북구 정릉동,경상사고,0,0,1,0,차대사람 - 기타,안전운전불이행,포장 - 건조,맑음,단일로 - 기타,건설기계,남,64세,상해없음,보행자,여,73세,경상
19797,2019122800100331,2019년 12월 28일 16시,토요일,서울특별시 구로구 개봉동,경상사고,0,0,1,0,차대사람 - 기타,안전운전불이행,포장 - 건조,맑음,주차장 - 주차장,승용,남,46세,상해없음,보행자,남,78세,경상
19798,2019122800100365,2019년 12월 28일 17시,토요일,서울특별시 성북구 장위동,경상사고,0,0,1,0,차대사람 - 길가장자리구역통행중,안전운전불이행,포장 - 건조,맑음,기타 - 기타,화물,남,52세,상해없음,보행자,여,68세,경상
19799,2019122800100367,2019년 12월 28일 17시,토요일,서울특별시 도봉구 쌍문동,중상사고,0,1,0,0,차대사람 - 횡단중,보행자보호의무위반,포장 - 건조,맑음,단일로 - 기타,승용,남,73세,상해없음,보행자,여,70세,중상
19800,2019122800100405,2019년 12월 28일 18시,토요일,서울특별시 강북구 미아동,중상사고,0,1,0,0,차대사람 - 횡단중,보행자보호의무위반,포장 - 건조,맑음,교차로 - 교차로안,승용,남,59세,상해없음,보행자,남,48세,중상
19801,2019122800100407,2019년 12월 28일 18시,토요일,서울특별시 노원구 월계동,중상사고,0,1,0,0,차대사람 - 횡단중,보행자보호의무위반,포장 - 건조,맑음,교차로 - 교차로횡단보도내,승용,남,29세,상해없음,보행자,여,20세,중상
19802,2019122800100454,2019년 12월 28일 19시,토요일,서울특별시 강북구 미아동,중상사고,0,1,0,0,차대사람 - 기타,안전운전불이행,포장 - 건조,맑음,단일로 - 기타,승용,남,32세,상해없음,보행자,여,55세,중상
19803,2019122800100455,2019년 12월 28일 19시,토요일,서울특별시 강동구 상일동,경상사고,0,0,1,0,차대사람 - 기타,안전운전불이행,포장 - 건조,맑음,단일로 - 기타,승용,남,61세,상해없음,보행자,남,46세,경상
19804,2019122800100482,2019년 12월 28일 20시,토요일,서울특별시 용산구 용산동2가,경상사고,0,0,1,0,차대사람 - 기타,안전운전불이행,포장 - 건조,맑음,단일로 - 기타,승용,여,42세,상해없음,보행자,남,72세,경상
19805,2019122800100484,2019년 12월 28일 20시,토요일,서울특별시 성동구 금호동2가,경상사고,0,0,1,0,차대사람 - 횡단중,보행자보호의무위반,포장 - 건조,맑음,교차로 - 교차로횡단보도내,승용,남,63세,상해없음,보행자,남,61세,경상
19806,2019122800100487,2019년 12월 28일 20시,토요일,서울특별시 노원구 월계동,경상사고,0,0,1,0,차대사람 - 차도통행중,안전운전불이행,포장 - 건조,맑음,단일로 - 기타,승용,남,58세,상해없음,보행자,여,40세,경상
19807,2019122800100527,2019년 12월 28일 22시,토요일,서울특별시 관악구 봉천동,경상사고,0,0,1,0,차대사람 - 기타,안전운전불이행,포장 - 건조,맑음,단일로 - 기타,승용,여,39세,상해없음,보행자,남,44세,경상
19808,2019122800100528,2019년 12월 28일 22시,토요일,서울특별시 서초구 양재동,부상신고사고,0,0,0,1,차대사람 - 기타,안전운전불이행,포장 - 건조,맑음,단일로 - 기타,승용,남,40세,상해없음,보행자,남,46세,부상신고
19809,2019122900100018,2019년 12월 29일 00시,일요일,서울특별시 은평구 갈현동,중상사고,0,2,0,0,차대사람 - 보도통행중,기타,포장 - 건조,맑음,단일로 - 기타,승용,남,42세,상해없음,보행자,여,22세,중상
19810,2019122900100031,2019년 12월 29일 01시,일요일,서울특별시 노원구 공릉동,경상사고,0,0,1,0,차대사람 - 횡단중,보행자보호의무위반,포장 - 건조,맑음,교차로 - 교차로안,승용,남,46세,상해없음,보행자,남,41세,경상
19811,2019122900100032,2019년 12월 29일 01시,일요일,서울특별시 강남구 역삼동,경상사고,0,0,1,0,차대사람 - 기타,안전운전불이행,포장 - 건조,맑음,단일로 - 기타,승용,남,66세,상해없음,보행자,남,27세,경상
19812,2019122900100065,2019년 12월 29일 04시,일요일,서울특별시 마포구 서교동,경상사고,0,0,1,1,차대사람 - 횡단중,보행자보호의무위반,포장 - 건조,맑음,교차로 - 교차로안,승용,남,51세,상해없음,보행자,여,23세,경상
19813,2019122900100066,2019년 12월 29일 04시,일요일,서울특별시 양천구 신월동,경상사고,0,0,1,0,차대사람 - 횡단중,안전운전불이행,포장 - 건조,맑음,단일로 - 기타,승용,남,23세,상해없음,보행자,남,53세,경상
19814,2019122900100072,2019년 12월 29일 05시,일요일,서울특별시 중랑구 상봉동,경상사고,0,0,1,0,차대사람 - 횡단중,신호위반,포장 - 건조,기타,교차로 - 교차로횡단보도내,기타불명,기타불명,미분류,기타불명,보행자,남,48세,경상
19815,2019122900100084,2019년 12월 29일 06시,일요일,서울특별시 용산구 이태원동,중상사고,0,1,0,0,차대사람 - 기타,안전운전불이행,포장 - 건조,맑음,교차로 - 교차로부근,승용,남,55세,상해없음,보행자,남,26세,중상
19816,2019122900100131,2019년 12월 29일 10시,일요일,서울특별시 동대문구 장안동,중상사고,0,1,0,0,차대사람 - 횡단중,안전운전불이행,포장 - 건조,맑음,단일로 - 기타,승용,여,27세,상해없음,보행자,여,80세,중상
19817,2019122900100143,2019년 12월 29일 11시,일요일,서울특별시 마포구 공덕동,경상사고,0,0,1,0,차대사람 - 기타,안전운전불이행,포장 - 젖음/습기,비,단일로 - 기타,승합,남,58세,기타불명,보행자,여,51세,경상
19818,2019122900100194,2019년 12월 29일 14시,일요일,서울특별시 동대문구 장안동,경상사고,0,0,1,0,차대사람 - 기타,안전운전불이행,포장 - 건조,맑음,단일로 - 기타,승용,남,58세,상해없음,보행자,여,70세,경상
19819,2019122900100284,2019년 12월 29일 18시,일요일,서울특별시 강서구 화곡동,중상사고,0,1,0,0,차대사람 - 기타,안전운전불이행,포장 - 건조,맑음,교차로 - 교차로안,승용,남,31세,상해없음,보행자,남,45세,중상
19820,2019122900100325,2019년 12월 29일 19시,일요일,서울특별시 노원구 상계동,경상사고,0,0,1,0,차대사람 - 횡단중,보행자보호의무위반,포장 - 건조,맑음,단일로 - 기타,승용,여,20세,상해없음,보행자,여,37세,경상
19821,2019122900100352,2019년 12월 29일 20시,일요일,서울특별시 중구 주교동,경상사고,0,0,1,0,차대사람 - 기타,안전운전불이행,포장 - 젖음/습기,비,교차로 - 교차로횡단보도내,승용,남,51세,상해없음,보행자,남,24세,경상
19822,2019122900100403,2019년 12월 29일 21시,일요일,서울특별시 관악구 봉천동,경상사고,0,0,1,0,차대사람 - 기타,기타,포장 - 젖음/습기,비,단일로 - 기타,승용,남,67세,상해없음,보행자,남,28세,경상
19823,2019122900100451,2019년 12월 29일 23시,일요일,서울특별시 동대문구 휘경동,사망사고,1,0,0,0,차대사람 - 횡단중,과속,포장 - 젖음/습기,비,단일로 - 기타,승용,남,63세,상해없음,보행자,여,66세,사망
19824,2019123000100020,2019년 12월 30일 00시,월요일,서울특별시 관악구 봉천동,사망사고,1,0,0,0,차대사람 - 차도통행중,안전운전불이행,포장 - 젖음/습기,비,단일로 - 기타,승용,남,74세,기타불명,보행자,남,84세,사망
19825,2019123000100033,2019년 12월 30일 01시,월요일,서울특별시 노원구 상계동,중상사고,0,1,0,0,차대사람 - 기타,신호위반,포장 - 젖음/습기,맑음,교차로 - 교차로횡단보도내,승용,남,71세,상해없음,보행자,남,46세,중상
19826,2019123000100053,2019년 12월 30일 05시,월요일,서울특별시 중랑구 면목동,경상사고,0,0,1,0,차대사람 - 기타,안전운전불이행,포장 - 건조,맑음,단일로 - 기타,승용,남,60세,상해없음,보행자,남,27세,경상
19827,2019123000100063,2019년 12월 30일 06시,월요일,서울특별시 은평구 불광동,부상신고사고,0,0,0,1,차대사람 - 횡단중,신호위반,포장 - 건조,흐림,교차로 - 교차로횡단보도내,이륜,남,68세,상해없음,보행자,남,9세,부상신고
19828,2019123000100177,2019년 12월 30일 11시,월요일,서울특별시 동작구 상도동,경상사고,0,0,1,0,차대사람 - 기타,안전운전불이행,포장 - 건조,맑음,단일로 - 기타,승용,남,71세,상해없음,보행자,여,58세,경상
19829,2019123000100209,2019년 12월 30일 12시,월요일,서울특별시 영등포구 여의도동,경상사고,0,0,1,0,차대사람 - 횡단중,안전운전불이행,포장 - 건조,맑음,교차로 - 교차로부근,이륜,남,32세,상해없음,보행자,여,26세,경상
19830,2019123000100210,2019년 12월 30일 12시,월요일,서울특별시 성동구 용답동,중상사고,0,1,0,0,차대사람 - 길가장자리구역통행중,안전운전불이행,포장 - 건조,맑음,단일로 - 기타,승용,남,72세,상해없음,보행자,여,60세,중상
19831,2019123000100246,2019년 12월 30일 13시,월요일,서울특별시 강남구 대치동,경상사고,0,0,2,0,차대사람 - 기타,기타,포장 - 젖음/습기,흐림,교차로 - 교차로부근,승용,여,36세,상해없음,보행자,여,41세,경상
19832,2019123000100272,2019년 12월 30일 14시,월요일,서울특별시 구로구 구로동,경상사고,0,0,1,0,차대사람 - 기타,안전운전불이행,포장 - 건조,맑음,단일로 - 기타,화물,남,64세,상해없음,보행자,여,51세,경상
19833,2019123000100273,2019년 12월 30일 14시,월요일,서울특별시 서초구 방배동,중상사고,0,1,0,0,차대사람 - 길가장자리구역통행중,안전운전불이행,포장 - 건조,맑음,단일로 - 기타,승용,여,37세,상해없음,보행자,여,31세,중상
19834,2019123000100368,2019년 12월 30일 17시,월요일,서울특별시 종로구 관철동,경상사고,0,0,1,0,차대사람 - 횡단중,안전운전불이행,포장 - 건조,맑음,단일로 - 기타,승용,남,59세,상해없음,보행자,남,29세,경상
19835,2019123000100373,2019년 12월 30일 17시,월요일,서울특별시 서초구 잠원동,중상사고,0,1,0,0,차대사람 - 횡단중,보행자보호의무위반,포장 - 건조,맑음,교차로 - 교차로횡단보도내,승용,여,64세,상해없음,보행자,남,42세,중상
19836,2019123000100376,2019년 12월 30일 17시,월요일,서울특별시 도봉구 창동,경상사고,0,0,1,0,차대사람 - 횡단중,신호위반,포장 - 건조,맑음,교차로 - 교차로횡단보도내,자전거,남,29세,상해없음,보행자,여,71세,경상
19837,2019123000100420,2019년 12월 30일 18시,월요일,서울특별시 용산구 이태원동,경상사고,0,0,1,0,차대사람 - 기타,안전운전불이행,포장 - 건조,맑음,교차로 - 교차로부근,승용,남,66세,상해없음,보행자,여,34세,경상
19838,2019123000100487,2019년 12월 30일 19시,월요일,서울특별시 성북구 길음동,경상사고,0,0,1,0,차대사람 - 횡단중,보행자보호의무위반,포장 - 건조,맑음,단일로 - 기타,승용,남,52세,상해없음,보행자,남,75세,경상
19839,2019123000100489,2019년 12월 30일 19시,월요일,서울특별시 영등포구 여의도동,경상사고,0,0,1,0,차대사람 - 보도통행중,보행자보호의무위반,포장 - 건조,맑음,교차로 - 교차로횡단보도내,승용,남,76세,상해없음,보행자,남,33세,경상
19840,2019123000100490,2019년 12월 30일 19시,월요일,서울특별시 강남구 신사동,경상사고,0,0,1,0,차대사람 - 길가장자리구역통행중,신호위반,포장 - 건조,맑음,단일로 - 기타,승용,남,44세,상해없음,보행자,남,42세,경상
19841,2019123000100531,2019년 12월 30일 20시,월요일,서울특별시 강서구 가양동,경상사고,0,0,1,0,차대사람 - 기타,안전운전불이행,포장 - 건조,맑음,미분류 - 미분류,승용,남,32세,상해없음,보행자,남,63세,경상
19842,2019123000100558,2019년 12월 30일 21시,월요일,서울특별시 강북구 수유동,경상사고,0,0,1,0,차대사람 - 보도통행중,기타,포장 - 건조,흐림,단일로 - 기타,자전거,남,38세,상해없음,보행자,남,44세,경상
19843,2019123000100582,2019년 12월 30일 22시,월요일,서울특별시 영등포구 여의도동,경상사고,0,0,1,0,차대사람 - 기타,보행자보호의무위반,포장 - 건조,맑음,교차로 - 교차로횡단보도내,승용,남,68세,상해없음,보행자,남,29세,경상
19844,2019123000100584,2019년 12월 30일 22시,월요일,서울특별시 송파구 가락동,경상사고,0,0,1,0,차대사람 - 차도통행중,안전운전불이행,포장 - 건조,기타,교차로 - 교차로안,승용,여,27세,상해없음,보행자,남,37세,경상
19845,2019123100100019,2019년 12월 31일 00시,화요일,서울특별시 종로구 종로2가,경상사고,0,0,1,0,차대사람 - 기타,안전운전불이행,포장 - 건조,맑음,단일로 - 기타,승합,남,53세,상해없음,보행자,남,39세,경상
19846,2019123100100024,2019년 12월 31일 00시,화요일,서울특별시 은평구 역촌동,경상사고,0,0,3,1,차대사람 - 횡단중,안전운전불이행,포장 - 건조,맑음,교차로 - 교차로횡단보도내,승합,여,50세,부상신고,보행자,여,76세,경상
19847,2019123100100040,2019년 12월 31일 01시,화요일,서울특별시 서초구 서초동,경상사고,0,0,1,0,차대사람 - 보도통행중,기타,포장 - 건조,기타,기타 - 기타,개인형이동수단(PM),남,38세,상해없음,보행자,남,35세,경상
19848,2019123100100052,2019년 12월 31일 02시,화요일,서울특별시 서대문구 창천동,중상사고,0,1,0,0,차대사람 - 차도통행중,안전운전불이행,포장 - 건조,맑음,단일로 - 기타,승용,남,44세,상해없음,보행자,남,20세,중상
19849,2019123100100072,2019년 12월 31일 05시,화요일,서울특별시 강남구 수서동,사망사고,1,0,0,0,차대사람 - 차도통행중,안전운전불이행,포장 - 건조,맑음,교차로 - 교차로부근,화물,남,48세,상해없음,보행자,남,80세,사망
19850,2019123100100138,2019년 12월 31일 09시,화요일,서울특별시 강동구 성내동,중상사고,0,1,0,0,차대사람 - 기타,안전운전불이행,포장 - 건조,맑음,단일로 - 기타,기타불명,기타불명,미분류,기타불명,보행자,남,90세 이상,중상
19851,2019123100100139,2019년 12월 31일 09시,화요일,서울특별시 송파구 석촌동,경상사고,0,0,1,0,차대사람 - 차도통행중,안전운전불이행,포장 - 건조,맑음,교차로 - 교차로안,승용,여,65세,상해없음,보행자,남,50세,경상
19852,2019123100100165,2019년 12월 31일 10시,화요일,서울특별시 강서구 화곡동,부상신고사고,0,0,0,1,차대사람 - 기타,안전운전불이행,포장 - 건조,맑음,교차로 - 교차로안,승용,남,48세,상해없음,보행자,여,8세,부상신고
19853,2019123100100168,2019년 12월 31일 10시,화요일,서울특별시 강동구 성내동,중상사고,0,1,0,0,차대사람 - 횡단중,안전운전불이행,포장 - 건조,맑음,단일로 - 기타,승용,남,65세,상해없음,보행자,여,28세,중상
19854,2019123100100199,2019년 12월 31일 11시,화요일,서울특별시 강남구 역삼동,경상사고,0,0,1,0,차대사람 - 보도통행중,기타,포장 - 건조,맑음,기타 - 기타,승용,남,44세,기타불명,보행자,남,36세,경상
19855,2019123100100220,2019년 12월 31일 12시,화요일,서울특별시 서대문구 연희동,중상사고,0,1,0,0,차대사람 - 횡단중,안전운전불이행,포장 - 건조,맑음,단일로 - 기타,승합,남,55세,상해없음,보행자,남,25세,중상
19856,2019123100100251,2019년 12월 31일 13시,화요일,서울특별시 강북구 수유동,경상사고,0,0,1,0,차대사람 - 기타,안전운전불이행,포장 - 건조,맑음,단일로 - 기타,승용,남,77세,상해없음,보행자,여,13세,경상
19857,2019123100100286,2019년 12월 31일 14시,화요일,서울특별시 강동구 천호동,경상사고,0,0,1,0,차대사람 - 기타,안전운전불이행,포장 - 건조,맑음,교차로 - 교차로부근,승용,여,20세,상해없음,보행자,여,27세,경상
19858,2019123100100287,2019년 12월 31일 14시,화요일,서울특별시 노원구 월계동,부상신고사고,0,0,0,1,차대사람 - 횡단중,보행자보호의무위반,포장 - 건조,맑음,교차로 - 교차로안,화물,남,75세,상해없음,보행자,남,7세,부상신고
19859,2019123100100320,2019년 12월 31일 15시,화요일,서울특별시 성동구 금호동4가,중상사고,0,2,0,0,차대사람 - 차도통행중,안전운전불이행,포장 - 건조,맑음,교차로 - 교차로안,승용,여,55세,상해없음,보행자,여,62세,중상
19860,2019123100100354,2019년 12월 31일 16시,화요일,서울특별시 서대문구 홍은동,중상사고,0,1,0,0,차대사람 - 기타,신호위반,포장 - 건조,맑음,교차로 - 교차로횡단보도내,승용,남,44세,상해없음,보행자,여,51세,중상
19861,2019123100100357,2019년 12월 31일 16시,화요일,서울특별시 중랑구 상봉동,부상신고사고,0,0,0,1,차대사람 - 차도통행중,안전운전불이행,포장 - 건조,맑음,단일로 - 기타,승용,남,48세,상해없음,보행자,여,49세,부상신고
19862,2019123100100361,2019년 12월 31일 16시,화요일,서울특별시 서초구 서초동,중상사고,0,1,0,0,차대사람 - 기타,안전운전불이행,포장 - 건조,맑음,단일로 - 기타,승용,남,31세,상해없음,보행자,남,57세,중상
19863,2019123100100395,2019년 12월 31일 17시,화요일,서울특별시 송파구 가락동,경상사고,0,0,1,0,차대사람 - 기타,기타,포장 - 건조,맑음,교차로 - 교차로부근,승용,남,75세,상해없음,보행자,여,45세,경상
19864,2019123100100437,2019년 12월 31일 18시,화요일,서울특별시 구로구 구로동,경상사고,0,0,1,0,차대사람 - 횡단중,신호위반,포장 - 건조,맑음,교차로 - 교차로횡단보도내,이륜,남,46세,상해없음,보행자,여,40세,경상
19865,2019123100100500,2019년 12월 31일 19시,화요일,서울특별시 성북구 돈암동,경상사고,0,0,1,0,차대사람 - 횡단중,보행자보호의무위반,포장 - 건조,맑음,교차로 - 교차로횡단보도내,승용,여,68세,상해없음,보행자,여,68세,경상
19866,2019123100100501,2019년 12월 31일 19시,화요일,서울특별시 금천구 시흥동,중상사고,0,1,0,0,차대사람 - 기타,안전운전불이행,포장 - 건조,맑음,단일로 - 기타,승용,남,61세,상해없음,보행자,여,61세,중상
19867,2019123100100502,2019년 12월 31일 19시,화요일,서울특별시 구로구 구로동,부상신고사고,0,0,0,1,차대사람 - 기타,안전운전불이행,포장 - 건조,맑음,단일로 - 기타,승용,여,30세,상해없음,보행자,남,57세,부상신고
19868,2019123100100582,2019년 12월 31일 21시,화요일,서울특별시 강서구 화곡동,중상사고,0,1,0,0,차대사람 - 기타,안전운전불이행,포장 - 건조,맑음,단일로 - 기타,승용,여,45세,상해없음,보행자,여,69세,중상
19869,2019123100100583,2019년 12월 31일 21시,화요일,서울특별시 강서구 화곡동,경상사고,0,0,1,0,차대사람 - 기타,안전운전불이행,포장 - 건조,맑음,단일로 - 기타,승용,남,24세,상해없음,보행자,여,27세,경상
19870,2019123100100607,2019년 12월 31일 22시,화요일,서울특별시 동대문구 장안동,경상사고,0,0,1,0,차대사람 - 기타,안전운전불이행,포장 - 건조,맑음,교차로 - 교차로안,승용,남,31세,상해없음,보행자,여,58세,경상
19871,2019123100100608,2019년 12월 31일 22시,화요일,서울특별시 영등포구 대림동,경상사고,0,0,1,0,차대사람 - 기타,안전운전불이행,포장 - 건조,맑음,기타 - 기타,원동기,남,16세,상해없음,보행자,여,46세,경상
19872,2019123100100610,2019년 12월 31일 22시,화요일,서울특별시 중랑구 면목동,부상신고사고,0,0,0,1,차대사람 - 차도통행중,안전운전불이행,포장 - 건조,맑음,단일로 - 기타,화물,남,28세,상해없음,보행자,여,33세,부상신고
19873,2019123100100612,2019년 12월 31일 22시,화요일,서울특별시 송파구 송파동,경상사고,0,0,1,0,차대사람 - 횡단중,보행자보호의무위반,포장 - 건조,맑음,교차로 - 교차로부근,승용,남,36세,상해없음,보행자,여,18세,경상